시도,시군구,보건기관 유형,보건기관명,우편번호,주소,읍면동명,도서지역여부,대표전화번호
서울,강남구,보건소,강남구보건소,135-864,서울 강남구 선릉로 668,삼성동,N,02-3423-7200
서울,강동구,보건소,강동구보건소,5397,"서울 강동구 성내로 45  (성내동, 강동구보건소)",성내동,N,02-3425-8500
서울,강동구,일반보건지소,강일보건지소,5211,"서울 강동구 아리수로93길 9-14  (강일동, 강일동복합청사)",강일동,N,02-3425-6878
서울,강북구,보건소,강북구보건소,1145,"서울 강북구 한천로 897 (번동, 강북보건소,번2동 주민센터)",번동,N,02-901-7600
서울,강서구,보건소,강서구보건소,7560,"서울 강서구 공항대로 561  (염창동, 강서보건소)",염창동,N,02-2600-5800
서울,관악구,보건소,관악구보건소,8832,"서울 관악구 관악로 145, 2동  (봉천동, 관악구청)",봉천동,N,02-879-7114
서울,관악구,일반보건지소,관악구보건지소,8720,"서울 관악구 봉천로 279-7  (봉천동, 관악구보건지소)",봉천동,N,02-879-7403
서울,광진구,보건소,광진구보건소,5026,"서울 광진구 자양로 117, 제2별관 광진구보건소 (자양동, 광진구청)",자양동,N,02-450-1422
서울,광진구,일반보건지소,자양보건지소,5072,"서울 광진구 아차산로24길 17 2층 (자양동, 자양공공힐링센터)",자양동,N,02-450-7011
서울,광진구,일반보건지소,중곡보건지소,4922,"서울 광진구 긴고랑로 110 보건지소(1,2층) (중곡동, 중곡종합건강센터)",중곡동,N,02-450-1424
서울,구로구,보건소,구로구보건소,8299,"서울 구로구 구로중앙로28길 66  (구로동, 구로구보건소)",구로동,N,02-860-2600
서울,구로구,일반보건지소,G밸리보건지소,8382,"서울 구로구 디지털로 243  (구로동, 지하이시티)",구로동,N,02-860-8171
서울,구로구,일반보건지소,오류보건지소,8342,서울 구로구 오리로10길 44-3  (오류동),오류동,N,02-860-8160
서울,금천구,보건소,금천구보건소,153-701,서울 금천구 시흥대로73길 70,시흥동,N,02-2627-2423
서울,노원구,보건소,노원구보건소,1689,"서울 노원구 노해로 437, 보건소 노원구 보건소 (상계동, 노원구청)",상계동,N,02-2116-4501
서울,노원구,일반보건지소,공릉보건지소,1818,"서울 노원구 공릉로 166-1  (공릉동, 공릉보건지소)",공릉동,N,02-2116-4974
서울,노원구,일반보건지소,상계보건지소,1696,"서울 노원구 상계로 118 3층 상계보건지소 (상계동, 상계2동복합청사)",상계동,N,02-2116-4989
서울,노원구,일반보건지소,월계보건지소,1905,"서울 노원구 월계로 378  (월계동, 노원보건지소)",월계동,N,02-2116-4495
서울,도봉구,보건소,도봉구보건소,1395,"서울 도봉구 방학로3길 117 도봉구 보건소 (쌍문동, 도봉보건소, 쌍문2동주민센터)",쌍문동,N,02-2091-4600
서울,도봉구,일반보건지소,창동보건지소,1466,"서울 도봉구 덕릉로59길 73-3 창동 보건지소 (창동, 창2동주민센터(창동보건지소))",창동,N,02-2091-5452
서울,동대문구,보건소,동대문구보건소,2565,"서울 동대문구 천호대로 145 동대문구보건소 (용두동, 동대문구청)",용두동,N,02-2127-5465
서울,동작구,보건소,동작구보건소,6963,"서울 동작구 장승배기로10길 42  (상도동, 동작문화복지센타)",상도동,N,02-820-1439
서울,마포구,보건소,마포구보건소,3937,"서울 마포구 월드컵로 212, 마포구보건소  (성산동, 마포구청)",성산동,N,02-3153-9020
서울,마포구,일반보건지소,아현문화건강센터,4128,"서울 마포구 마포대로11길 44-81  (아현동, 아현문화건강센터)",아현동,N,02-3153-9882
서울,서대문구,보건소,서대문구보건소,3718,"서울 서대문구 연희로 242, 서대문구청별관  (연희동, 서대문구보건소)",연희동,N,02-330-1801
서울,서대문구,일반보건지소,가좌보건지소,3709,"서울 서대문구 수색로 100-55  (북가좌동, 북가좌1동주민센터)",북가좌동,N,02-3140-8357
서울,서초구,보건소,서초구보건소,6750,"서울 서초구 남부순환로 2584, 보건소  (서초동, 서초구청)",서초동,N,02-2155-8114
서울,서초구,일반보건지소,꽃마을보건지소,6655,"서울 서초구 서초대로38길 12, 힐스테이트 서리풀 101동 1층 (서초동, 마제스타시티, 힐스테이트 서리풀)",서초동,N,02-2155-8261
서울,서초구,일반보건지소,서초방배지소,6572,"서울 서초구 방배로 173, 방배열린문화센터 2층 방배보건지소 (방배동, 방배열린문화센터(방배4동주민센터))",방배동,N,02-2155-8160
서울,성동구,보건소,성동구보건소,133-880,서울 성동구 마장로23길 10,홍익동,N,02-2286-7011
서울,성동구,일반보건지소,성수보건지소,4768,"서울 성동구 왕십리로5길 3 4층 (성수동1가, 성수1가제2동 공공복합청사)",성수동1가,N,02-2286-7822
서울,성북구,보건소,성북구보건소,2751,"서울 성북구 화랑로 63 (하월곡동, 성북구 보건소)",하월곡동,N,02-2241-1749
서울,성북구,일반보건지소,동선도시보건지소,2830,"서울 성북구 아리랑로3길 8 (동소문동6가, 성북구보건지소 ,동선보건지소)",동소문동6가,N,02-2241-6216
서울,송파구,보건소,송파구보건소,5552,"서울 송파구 올림픽로 326, 보건소  (신천동, 송파구청)",신천동,N,02-2147-3420
서울,송파구,일반보건지소,송파구보건지소,5771,"서울 송파구 양산로 5  (거여동, 송파구 보건지소)",거여동,N,02-2147-4855
서울,양천구,보건소,양천구보건소,8095,"서울 양천구 목동서로 339  (신정동, 양천보건소)",신정동,N,02-2620-4340
서울,양천구,일반보건지소,목동보건지소,7955,"서울 양천구 목동중앙본로7가길 11  (목동, 목동보건지소)",목동,N,02-2084-5254
서울,양천구,일반보건지소,신월보건지소,7921,서울 양천구 남부순환로 407  (신월동),신월동,N,02-2620-4751
서울,영등포구,보건소,영등포구보건소,7260,"서울 영등포구 당산로 123 영등포구 보건소 (당산동3가, 영등포구청)",당산동3가,N,02-2670-3114
서울,용산구,보건소,용산구보건소,4390,"서울 용산구 녹사평대로 150 용산보건소 (이태원동, 용산구종합행정타운)",이태원동,N,02-2199-8350
서울,은평구,보건소,은평구보건소,3384,"서울 은평구 은평로 195, 은평구보건소  (녹번동)",녹번동,N,02-351-8152
서울,은평구,일반보건지소,구산보건지소,3414,"서울 은평구 연서로13길 29-7  (구산동, 구산보건지소)",구산동,N,02-351-8703
서울,은평구,일반보건지소,응암보건지소,3479,"서울 은평구 가좌로 195  (응암동, 응암보건지소)",응암동,N,02-351-8730
서울,종로구,보건소,종로구보건소,3035,"서울 종로구 자하문로19길 36  (옥인동, 종로구보건소, 청운효자동자치회관)",옥인동,N,02-2148-3514
서울,중구,보건소,중구보건소,100-420,서울 중구 다산로39길 16,무학동,N,02-3396-6317
서울,중구,일반보건지소,다산보건지소,4604,"서울 중구 동호로15길 50  (신당동, 다산동주민센터.)",신당동,N,02-3396-6959
서울,중구,일반보건지소,약수보건지소,4597,"서울 중구 다산로 92  (신당동, 약수동주민센터)",신당동,N,02-3396-6969
서울,중구,일반보건지소,황학보건지소,4575,"서울 중구 난계로11길 52  (황학동, 황학동주민센터)",황학동,N,02-3396-6989
서울,중랑구,보건소,중랑구보건소,2043,"서울 중랑구 봉화산로 179  (신내동, 중랑구청)",신내동,N,02-2094-0710
서울,중랑구,일반보건지소,상봉보건지소,2139,"서울 중랑구 동일로114길 10 상봉보건지소 (상봉동, 상봉2동 복합청사)",상봉동,N,02-2094-0500
부산,강서구,보건소,강서구보건소,46720,"부산 강서구 공항로811번길 10  (대저2동, 강서브라이트센터)",대저2동,N,051-970-3415
부산,강서구,일반보건지소,가덕도보건지소,46769,"부산 강서구 천가길224번길 70-1, 가덕도보건지소  (성북동, 가덕도보건지소)",성북동,Y,051-970-4797
부산,강서구,일반보건지소,가락보건지소,46707,"부산 강서구 가락대로 1476, 가락지소  (죽림동, 가락동 주민센터)",죽림동,N,051-970-4798
부산,강서구,일반보건지소,강동보건지소,46706,"부산 강서구 낙동북로102번길 76, 강동보건지소  (강동동, 강동보건지소)",강동동,N,051-970-4795
부산,강서구,일반보건지소,녹산보건지소,46728,부산 강서구 생곡로 17 녹산보건지소 (녹산동),녹산동,N,051-970-4778
부산,강서구,보건진료소,대항보건진료소,46771,"부산 강서구 가덕해안로1208번가길 9  (대항동, 대항보건진료소)",대항동,Y,051-972-7335
부산,강서구,보건진료소,지사보건진료소,46743,"부산 강서구 과학산단2로20번길 5 (지사동, 지사문화회관)",지사동,N,051-970-2980
부산,강서구,보건진료소,천성보건진료소,46770,"부산 강서구 가덕해안로821번길 100  (천성동, 천성보건진료소)",천성동,Y,051-971-7623
부산,금정구,보건소,금정구보건소,46274,"부산 금정구 중앙대로 1777, 보건소  (부곡동, 금정구청)",부곡동,N,051-519-5051
부산,금정구,건강생활지원센터,금정구 건강생활지원센터,46321,"부산 금정구 서동로175번길 41-5  (서동, 건강생활지원센터)",서동,N,051-519-5478
부산,기장군,보건소,기장군보건소,46077,부산 기장군 기장읍 기장대로 560 기장군 보건소 (기장군청),기장읍,N,051-709-4791
부산,기장군,보건진료소,삼동보건진료소,46002,부산 기장군 철마면 철마삼동로 94 삼동보건진료소,철마면,N,051-709-5346
부산,기장군,보건진료소,오리보건진료소,46030,부산 기장군 장안읍 오리길 3-6  (장안오리보건진료소),장안읍,N,051-709-5342
부산,기장군,일반보건지소,장안보건지소,46033,부산 기장군 장안읍 좌방길 6 장안보건지소 (장안보건지소),장안읍,N,051-709-5341
부산,기장군,일반보건지소,정관보건지소,46014,부산 기장군 정관읍 용수로 11 정관보건지소 (정관보건지소),정관읍,N,051-709-2937
부산,기장군,일반보건지소,철마보건지소,46049,부산 기장군 철마면 개좌로 822 1층 철마보건지소 (철마복지회관),철마면,N,051-709-5345
부산,남구,보건소,남구보건소,48452,"부산 남구 못골로 23  (대연동, 남구보건소)",대연동,N,051-607-6460
부산,동구,보건소,동구보건소,601-701,부산 동구 구청로 1,수정동,N,051-440-6500
부산,동래구,보건소,동래구보건소,47741,"부산 동래구 명륜로187번길 56  (명륜동, 동래구보건소)",명륜동,N,051-555-4000
부산,동래구,건강생활지원센터,동래구건강생활지원센터,47773,"부산 동래구 명장로 32  (명장동, 명장제1동주민센터)",명장동,N,051-550-1992
부산,부산진구,보건소,부산진구보건소,47357,"부산 부산진구 황령대로8번길 36  (범천동, 부산진보건소)",범천동,N,051-645-4000
부산,부산진구,건강생활지원센터,부산진구건강생활지원센터,47147,"부산 부산진구 백양순환로 40  (당감동,당감건강생활지원센터)",당감동,N,051-605-6112
부산,북구,보건소,북구보건소,46528,"부산 북구 금곡대로 348, 북구보건소  (화명동, 북구보건소)",화명동,N,051-309-4500
부산,북구,일반보건지소,덕천보건지소,46555,"부산 북구 만덕대로89번길 9  (덕천동, 북구보건소 덕천지소)",덕천동,N,051-309-7079
부산,사상구,보건소,사상구보건소,46985,"부산 사상구 학감대로 242 사상구보건소 (감전동, 사상구청)",감전동,N,051-310-4791
부산,사하구,보건소,사하구보건소,49432,"부산 사하구 하신번영로127번길 2 (신평동, 사하구보건소)",신평동,N,051-220-5701
부산,서구,보건소,서구보건소,49233,"부산 서구 부용로 30 서구보건소 (부용동2가, 서구보건소 부민노인복지관)",부용동2가,N,051-242-4000
부산,수영구,보건소,수영구보건소,48247,"부산 수영구 수영로 637-5, 본관  (광안동, 수영구 보건소)",광안동,N,051-752-4000
부산,연제구,보건소,연제구보건소,47605,"부산 연제구 연제로 2 연제구보건소 (연산동, 연제구청)",연산동,N,051-665-4781
부산,영도구,보건소,영도구보건소,606-750,부산 영도구 태종로 423,청학동,N,051-416-4000
부산,중구,보건소,중구보건소,48926,"부산 중구 중구로 120  (대청동1가, 중구청)",대청동1가,N,051-600-4741
부산,해운대구,보건소,해운대구보건소,48104,"부산 해운대구 양운로37번길 59  (좌동, 해운대구보건소)",좌동,N,051-749-7501
부산,해운대구,일반보건지소,반송보건지소,48000,"부산 해운대구 반송로 853  (반송동, 반송보건지소)",반송동,N,051-544-4000
부산,해운대구,일반보건지소,재반보건지소,48051,"부산 해운대구 해운대로61번길 28  (재송동, 재반보건지소)",재송동,N,051-749-6511
대구,남구,보건소,남구보건소,42424,"대구 남구 영선길 34, 보건의료서비스센터  (대명동, 남구 보건소)",대명동,N,053-664-3610
대구,달서구,보건소,달서구보건소,42731,"대구 달서구 학산로 45 별관 (월성동, 달서구청)",월성동,N,053-667-5618
대구,달서구,일반보건지소,성서보건지소,42611,"대구 달서구 계대동문로 79  (이곡동, 성서보건지소)",이곡동,N,053-667-5711
대구,달성군,보건소,달성군 보건소,43003,대구 달성군 현풍읍 비슬로130길 17 달성군보건소 (달성군보건소),현풍읍,N,053-668-3333
대구,달성군,일반보건지소,가창보건지소,42934,대구 달성군 가창면 가창로 1100 가창면보건지소 (가창면사무소),가창면,N,053-668-3444
대구,달성군,보건진료소,고봉보건진료소,43008,대구 달성군 구지면 구지동로 40 고봉보건진료소 (고봉보건진료소),구지면,N,053-668-3148
대구,달성군,일반보건지소,구지보건지소,43010,"대구 달성군 구지면 창리로11길 38, 구지보건지소 구지면보건지소 (구지면사무소,구지119지역대,구지보건지소)",구지면,N,053-668-3448
대구,달성군,일반보건지소,논공보건지소,42968,"대구 달성군 논공읍 비슬로 1779 논공읍보건지소 (논공읍사무소,금포119지역대)",논공읍,N,053-668-3442
대구,달성군,일반보건지소,다사보건지소,42916,대구 달성군 다사읍 매곡로 7 다사읍보건지소 (다사읍사무소),다사읍,N,053-668-3160
대구,달성군,보건진료소,대암보건진료소,43011,대구 달성군 구지면 대암4길 5-3 대암보건진료소 (대암보건진료소),구지면,N,053-668-3149
대구,달성군,보건진료소,무등보건진료소,42901,대구 달성군 하빈면 하빈로 734 무등보건진료소,하빈면,N,053-668-3143
대구,달성군,보건진료소,반송보건진료소,42977,대구 달성군 옥포읍 용연사길 11 반송보건진료소 (반송보건진료소),옥포읍,N,053-668-3145
대구,달성군,보건진료소,봉촌보건진료소,42904,"대구 달성군 하빈면 하빈남로52길 66, 봉촌보건진료소 봉촌보건진료소 (보건소)",하빈면,N,053-668-3144
대구,달성군,일반보건지소,옥포면보건지소,42972,대구 달성군 옥포읍 비슬로458길 6-2 달성주민건강증진센터 1층 (달성주민건강증진센터),옥포읍,N,053-668-3830
대구,달성군,일반보건지소,유가보건지소,42993,"대구 달성군 유가읍 유가길 25, 유가읍민복지회관 유가읍민복지회관 1층",유가읍,N,053-668-3417
대구,달성군,보건진료소,음리보건진료소,42990,대구 달성군 유가읍 음동1길 9 음리보건진료소 (용봉보건소),유가읍,N,053-668-3146
대구,달성군,보건진료소,징리보건진료소,43006,대구 달성군 구지면 구지서로10길 46 징리보건진료소 (징리보건진료소),구지면,N,053-668-3150
대구,달성군,일반보건지소,하빈보건지소,42902,대구 달성군 하빈면 하빈로 423 하빈면보건지소 (하빈면보건지소),하빈면,N,053-668-3445
대구,달성군,보건진료소,한정보건진료소,42992,대구 달성군 유가읍 달창로26길 17 한정보건진료소,유가읍,N,053-668-3147
대구,달성군,일반보건지소,화원보건지소,42962,대구 달성군 화원읍 비슬로 2594 화원읍보건지소 (화원읍사무소),화원읍,N,053-668-3441
대구,동구,보건소,동구보건소,41143,대구 동구 동촌로 79 동구보건소 (검사동),검사동,N,053-662-3201
대구,북구,보건소,북구보건소,702-858,대구 북구 성북로 49,침산동,N,053-665-3208
대구,북구,일반보건지소,강북보건지소,702-886,대구 북구 대천로 81,동천동,N,053-665-4200
대구,북구,건강생활지원센터,구암건강생활지원센터,41428,"대구 북구 구암서로 30  (구암동, 구암건강생활지원센터)",구암동,N,053-665-4283
대구,서구,보건소,서구보건소,703-701,대구 서구 국채보상로 257,평리동,N,053-663-3111
대구,서구,건강생활지원센터,서구건강생활지원센터,703-804,대구 서구 서대구로7길 46,내당동,N,053-663-3232
대구,수성구,보건소,수성구보건소,42152,"대구 수성구 수성로 213, 수성구보건소(구관)  (중동, 수성구보건소)",중동,N,053-666-3111
대구,수성구,건강생활지원센터,고산건강생활지원센터,42277,"대구 수성구 욱수천로 99  (신매동, 고산권보건복지센터)",신매동,N,053-666-3160
대구,중구,보건소,중구보건소,41901,"대구 중구 태평로 45 지상1~3층 (태평로3가, 중구보건소)",태평로3가,N,053-661-3121
인천,강화군,보건소,강화군보건소,417-805,인천 강화군 강화읍 충렬사로 26-1,강화읍,N,032-930-4013
인천,강화군,보건진료소,건평보건진료소,417-851,인천 강화군 양도면 건평로155번길 41,양도면,N,032-937-1510
인천,강화군,일반보건지소,교동보건지소,417-922,인천 강화군 교동면 교동동로 485-13,교동면,N,032-930-3547
인천,강화군,일반보건지소,길상보건지소,417-841,인천 강화군 길상면 강화동로 15-1,길상면,N,032-930-3540
인천,강화군,보건진료소,난정보건진료소,417-922,인천 강화군 교동면 교동서로378번길 56-28,교동면,N,032-934-7807
인천,강화군,일반보건지소,내가보건지소,417-891,인천 강화군 내가면 강화서로 249,내가면,N,032-930-3543
인천,강화군,보건진료소,매음보건진료소,417-911,인천 강화군 삼산면 어류정길 36,삼산면,Y,032-932-3564
인천,강화군,일반보건지소,볼음보건지소,23010,인천 강화군 서도면 볼음도길 139-9 볼음보건지소,서도면,Y,032-932-7104
인천,강화군,일반보건지소,불은보건지소,417-832,인천 강화군 불은면 강화동로 562-3,불은면,N,032-930-3539
인천,강화군,일반보건지소,삼산보건지소,417-913,인천 강화군 삼산면 삼산북로 439,삼산면,Y,032-930-3548
인천,강화군,보건진료소,삼선보건진료소,417-923,인천 강화군 교동면 교동북로 222-1,교동면,N,032-932-4808
인천,강화군,보건진료소,상용보건진료소,417-921,인천 강화군 교동면 교동동로 208-3,교동면,N,032-932-4381
인천,강화군,보건진료소,서검보건진료소,417-912,인천 강화군 삼산면 서검길153번길 8,삼산면,Y,032-932-3928
인천,강화군,일반보건지소,선원보건지소,417-821,인천 강화군 선원면 연동로 324,선원면,N,032-930-3538
인천,강화군,일반보건지소,송해보건지소,417-811,인천 강화군 송해면 전망대로 29,송해면,N,032-930-3546
인천,강화군,보건진료소,신삼보건진료소,417-871,인천 강화군 하점면 고려산로 506-2,하점면,N,032-933-1193
인천,강화군,일반보건지소,양도보건지소,417-853,인천 강화군 양도면 강화남로 708-1,양도면,N,032-930-3542
인천,강화군,일반보건지소,양사보건지소,417-881,인천 강화군 양사면 전망대로 1295-7,양사면,N,032-930-3545
인천,강화군,보건진료소,연리보건진료소,417-825,인천 강화군 선원면 연동로210번길 3,선원면,N,032-932-1412
인천,강화군,보건진료소,오두보건진료소,417-832,인천 강화군 불은면 불은남로 293,불은면,N,032-937-6813
인천,강화군,보건진료소,인화보건진료소,417-881,인천 강화군 양사면 서사길105번길 47,양사면,N,032-934-5583
인천,강화군,일반보건지소,주문보건지소,417-933,인천 강화군 서도면 주문도1길 16,서도면,Y,032-930-3549
인천,강화군,보건진료소,하리보건진료소,417-913,인천 강화군 삼산면 삼산북로 790,삼산면,Y,032-932-3653
인천,강화군,일반보건지소,하점보건지소,417-873,인천 강화군 하점면 강화대로 1220,하점면,N,032-930-3544
인천,강화군,일반보건지소,화도보건지소,417-861,인천 강화군 화도면 마니산로 703-14,화도면,N,032-930-3541
인천,강화군,보건진료소,황청보건진료소,417-892,인천 강화군 내가면 황청포구로 355,내가면,N,032-932-2819
인천,강화군,보건진료소,흥왕보건진료소,417-863,인천 강화군 화도면 해안남로 1950,화도면,N,032-937-4554
인천,계양구,보건소,계양구보건소,21067,"인천 계양구 계산새로 88 1, 2층 (계산동, 계양구청)",계산동,N,032-430-7801
인천,계양구,일반보건지소,장기보건지소,21007,"인천 계양구 장기서로 8  (장기동, 장기보건지소)",장기동,N,032-450-6880
인천,계양구,건강생활지원센터,효성건강생활지원센터,21097,"인천 계양구 안남로 548  (효성동, 효성프라자)",효성동,N,032-430-7791
인천,남동구,보건소,남동구보건소,405-702,인천 남동구 소래로 633,만수동,N,032-464-4001
인천,남동구,일반보건지소,간석건강생활지원센터,405-801,인천 남동구 간석로41번길 18,간석동,N,032-453-5961
인천,동구,보건소,동구보건소,401-010,인천 동구 석수로 90,만석동,N,032-762-4001
인천,미추홀구,보건소,미추홀구보건소,22136,"인천 미추홀구 주안서로 25  (도화동, 미추홀구보건소)",도화동,N,032-880-5310
인천,미추홀구,일반보건지소,숭의보건지소,22169,"인천 미추홀구 경인로 54 숭의보건지소 (숭의동, 숭의보건지소)",숭의동,N,032-880-5365
인천,부평구,보건소,부평구보건소,21359,"인천 부평구 부흥로 291 부평구보건소 (부평동, 부평구 보건소)",부평동,N,032-509-8200
인천,부평구,건강생활지원센터,열우물건강생활지원센터,21451,"인천 부평구 열우물로 103 열우물건강생활지원센터 (십정동, 십정1동주민센터)",십정동,N,032-509-3160
인천,부평구,일반보건지소,청천보건지소,21312,"인천 부평구 마장로410번길 5 청천보건지소 (청천동, 청천2동주민센터)",청천동,N,032-509-8950
인천,서구,보건소,서구보건소,404-833,인천 서구 탁옥로 39,심곡동,N,032-560-5000
인천,서구,건강생활지원센터,가좌건강생활지원센터,404-810,인천 서구 건지로284번길 60,가좌동,N,032-560-2991
인천,서구,건강생활지원센터,검단건강생활지원센터,404-310,인천 서구 청마로167번길 19,당하동,N,032-560-3400
인천,서구,건강생활지원센터,석남건강생활지원센터,404-826,인천 서구 길주로 79,석남동,N,032-560-2962
인천,서구,건강생활지원센터,완정건강생활지원센터,22612,"인천 서구 완정로 214  (금곡동, 검단 건강생활지원센터)",금곡동,N,032-560-5091
인천,연수구,보건소,연수구보건소,21915,"인천 연수구 함박뫼로 13 연수구 보건소 (청학동, 연수보건소)",청학동,N,032-749-8000
인천,연수구,건강생활지원센터,송도건강생활지원센터,406-840,인천 연수구 인천타워대로54번길 19,송도동,N,032-749-6931
인천,옹진군,보건소,옹진군보건소,22193,"인천 미추홀구 매소홀로 120 3층 옹진군보건소 (용현동, 옹진군청)",용현동,N,032-899-3110
인천,옹진군,일반보건지소,대청보건지소,23105,인천 옹진군 대청면 대청로 3  (대청보건지소),대청면,Y,032-899-3184
인천,옹진군,일반보건지소,덕적보건지소,23130,인천 옹진군 덕적면 덕적남로 7-1  (덕적보건지소),덕적면,Y,032-899-3185
인천,옹진군,보건진료소,문갑보건진료소,23132,"인천 옹진군 덕적면 문갑2길 16, 보건진료소  (문갑보건진료소)",덕적면,Y,032-833-8373
인천,옹진군,일반보건지소,백령보건지소,23103,인천 옹진군 백령면 백령로833번길 26-29  (백령보건지소),백령면,Y,032-899-3183
인천,옹진군,보건진료소,백아보건진료소,23135,인천 옹진군 덕적면 백아로 88  (백아보건진료소),덕적면,Y,032-834-9836
인천,옹진군,일반보건지소,북도보건지소,23114,"인천 옹진군 북도면 시도로61번길 75-6, 보건지소  (북도보건지소)",북도면,Y,032-899-3181
인천,옹진군,보건진료소,서포보건진료소,23131,인천 옹진군 덕적면 덕적남로625번길 9  (서포보건진료소),덕적면,Y,032-831-6665
인천,옹진군,보건진료소,선재보건진료소,23123,인천 옹진군 영흥면 선재로34번길 125-13  (선재보건진료소),영흥면,N,032-899-3187
인천,옹진군,보건진료소,소야보건진료소,23133,인천 옹진군 덕적면 소야로 257-1  (소야보건진료소),덕적면,Y,032-831-7874
인천,옹진군,보건진료소,소연평보건진료소,23109,"인천 옹진군 연평면 소연평로19번길 28, 보건소  (소연평보건소)",연평면,Y,032-831-8985
인천,옹진군,보건진료소,소이작보건진료소,23128,인천 옹진군 자월면 소이작로42번길 5-2  (소이작 보건진료소),자월면,Y,032-832-3695
인천,옹진군,보건진료소,소청보건진료소,23106,인천 옹진군 대청면 소청동로71번길 3  (소청보건진료소),대청면,Y,032-836-3168
인천,옹진군,보건진료소,승봉보건진료소,23127,인천 옹진군 자월면 승봉로 90-2  (승봉보건진료소),자월면,Y,032-832-7601
인천,옹진군,일반보건지소,연평보건지소,23108,"인천 옹진군 연평면 연평중앙로24번길 3, 연평보건지소  (연평면사무소)",연평면,Y,032-899-3182
인천,옹진군,일반보건지소,영흥보건지소,23119,인천 옹진군 영흥면 영흥남로 449  (영흥보건지소),영흥면,N,032-899-3187
인천,옹진군,보건진료소,울도보건진료소,23136,인천 옹진군 덕적면 울도로 201  (울도보건진료소),덕적면,Y,032-858-9936
인천,옹진군,보건진료소,이작보건진료소,23128,인천 옹진군 자월면 대이작로70번안길 25-5  (이작보건진료소),자월면,Y,032-858-3553
인천,옹진군,일반보건지소,자월보건지소,23125,인천 옹진군 자월면 자월서로 165  (자월보건지소),자월면,Y,032-899-3186
인천,옹진군,일반보건지소,장봉 보건지소,23111,"인천 옹진군 북도면 장봉로 554, 창고  (북도면장봉출장소)",북도면,Y,032-899-3589
인천,중구,보건소,중구보건소,22309,"인천 중구 참외전로72번길 21  (전동, 중구보건소,미추홀문화센터)",전동,N,032-760-6010
인천,중구,보건진료소,무의보건진료소,22387,"인천 중구 대무의로 310-11  (무의동, 무의보건진료소)",무의동,Y,032-760-7694
인천,중구,일반보건지소,영종보건지소,22372,"인천 중구 운남서로 100-1  (운남동, 영종복합청사)",운남동,N,032-760-6310
인천,중구,일반보건지소,용유보건지소,22384,"인천 중구 마시란로 308-14  (남북동, 용유보건지소)",남북동,N,032-760-8891
광주,광산구,보건소,광산구보건소,62430,"광주 광산구 광산로29번길 15 광산구보건소 (송정동, 광산구청)",송정동,N,062-960-8733
광주,광산구,보건진료소,광산보건진료소,62200,광주 광산구 오룡동길 54 광산보건진료소 (광산동),광산동,N,062-951-1610
광주,광산구,보건진료소,동호보건진료소,62403,광주 광산구 본동로 363-10 동호보건진료소 (동호동),동호동,N,062-943-1156
광주,광산구,보건진료소,명화보건진료소,62459,"광주 광산구 평동로 427 명화보건진료소 (명화동, 명화보건진료소)",명화동,N,062-943-0013
광주,광산구,보건진료소,산수보건진료소,62203,"광주 광산구 본량용강길 10 산수보건진료소 (산수동, 산수보건진료소)",산수동,N,062-944-4549
광주,광산구,건강생활지원센터,수완건강생활지원센터,62247,"광주 광산구 장덕로 158 수완건강생활지원센터 (수완동, 수완동행정복지센터/수완보건지소)",수완동,N,062-960-8812
광주,광산구,보건진료소,신동보건진료소,62457,"광주 광산구 신동산길 117 신동보건진료소 (신동, 신동보건진료소)",신동,N,062-943-2935
광주,광산구,보건진료소,신룡보건진료소,62206,"광주 광산구 임곡신촌길 35 신룡보건진료소 (신룡동, 신룡보건진료소)",신룡동,N,062-952-7653
광주,광산구,보건진료소,양동보건진료소,62407,"광주 광산구 체암로 1745 양동보건진료소 (양동, 양동보건진료소)",양동,N,062-943-7946
광주,광산구,건강생활지원센터,우산건강생활지원센터,62367,"광주 광산구 사암로 167 우산건강생활지원센터 (우산동, 우산건강생활지원센터)",우산동,N,062-960-3803
광주,남구,보건소,남구보건소,61687,"광주 남구 봉선로 1  (주월동, 남구청)",주월동,N,062-607-4311
광주,남구,보건진료소,구소보건진료소,61763,"광주 남구 구소길 146-8  (구소동, 구소보건진료소)",구소동,N,062-374-2692
광주,남구,건강생활지원센터,월산건강생활지원센터,61649,광주 남구 중앙로 12  (월산동),월산동,N,062-607-6152
광주,남구,건강생활지원센터,주월건강생활지원센터,61607,"광주 남구 군분로13번길 10  (주월동, 주월보건지소)",주월동,N,062-607-6132
광주,남구,보건진료소,화장보건진료소,61760,"광주 남구 원화장1길 5  (화장동, 화장동보건진료소)",화장동,N,062-374-4602
광주,동구,보건소,동구보건소,61466,"광주 동구 서남로 1 별관 (서석동, 동구청)",서석동,N,062-608-3261
광주,북구,보건소,북구보건소,61217,"광주 북구 우치로 65  (중흥동, 북구보건소)",중흥동,N,062-410-8961
광주,북구,일반보건지소,두암보건지소,61196,"광주 북구 군왕로141번길 6  (두암동, 두암보건지소)",두암동,N,062-410-8196
광주,북구,건강생활지원센터,본촌건강생활지원센터,61021,광주 북구 양산택지로79번길 26  (본촌동),본촌동,N,062-410-6226
광주,서구,보건소,서구보건소,61928,"광주 서구 경열로 33 서구보건소 (농성동, 서구청)",농성동,N,062-350-4108
광주,서구,일반보건지소,상무금호건강생활지원센터,61990,"광주 서구 운천로172번길 32  (쌍촌동, 상무금호보건지소)",쌍촌동,N,062-350-4173
광주,서구,보건진료소,서창보건진료소,62076,"광주 서구 눌재로 412 서창보건진료소 (세하동, 서창동주민센터)",세하동,N,062-350-4480
광주,서구,건강생활지원센터,쌍촌건강생활지원센터,61996,"광주 서구 쌍학로 47, 종합사회복지관 쌍촌건강생활지원센터 (쌍촌동, 영구임대아파트)",쌍촌동,N,062-350-4742
대전,대덕구,보건소,대덕구보건소,306-810,대전 대덕구 석봉로38번길 55,석봉동,N,042-608-5499
대전,대덕구,보건진료소,장동보건진료소,306-110,"대전 대덕구 산디로15번길 63 (장동, 주민문화센터2층)",장동,N,042-608-5416
대전,동구,보건소,동구보건소,300-701,대전 동구 동구청로 147,가오동,N,042-251-6112
대전,동구,일반보건지소,동구 보건지소,300-816,대전 동구 현암로 22,삼성동,N,042-672-6008
대전,동구,보건진료소,세천보건진료소,300-370,대전 동구 옥천로 635,세천동,N,042-274-2091
대전,서구,보건소,서구보건소,35203,"대전 서구 만년로 74 (만년동, 대전서구보건소)",만년동,N,042-288-4500
대전,서구,일반보건지소,관저보건지소,35380,"대전 서구 구봉산북로 300 (관저동, 관저보건지소)",관저동,N,042-288-4620
대전,서구,일반보건지소,기성보건지소,302-010,대전 서구 벌곡로 658,흑석동,N,042-288-4651
대전,서구,보건진료소,우명보건진료소,302-100,대전 서구 우명길 33-14,우명동,N,042-288-4661
대전,유성구,보건소,유성구보건소,34172,"대전 유성구 유성대로730번길 51  (장대동, 유성구보건소)",장대동,N,042-611-5011
대전,유성구,보건진료소,구룡보건진료소,34002,"대전 유성구 구룡달전로 264  (구룡동, 보건소)",구룡동,N,042-935-3054
대전,유성구,일반보건지소,구즉보건지소,34006,"대전 유성구 구룡달전로 22 구즉지소 (봉산동, 구즉지소)",봉산동,N,042-935-0164
대전,유성구,보건진료소,대동보건진료소,34000,"대전 유성구 대금로 93-17  (대동, 대동보건진료소)",대동,N,042-935-5053
대전,유성구,보건진료소,세동보건진료소,34204,"대전 유성구 세동로 506  (세동, 세동보건진료소)",세동,N,042-825-2690
대전,유성구,보건진료소,외삼보건진료소,34063,"대전 유성구 외삼로 195  (외삼동, 외삼보건진료소)",외삼동,N,042-823-2694
대전,유성구,일반보건지소,진잠보건지소,34228,대전 유성구 진잠로102번길 39  (원내동),원내동,N,042-611-5195
대전,중구,보건소,중구보건소,35011,"대전 중구 산성로 63  (문화동, 중구보건소)",문화동,N,042-288-8000
대전,중구,보건진료소,정생보건진료소,35086,대전 중구 산서로 635  (정생동),정생동,N,042-285-0421
대전,중구,일반보건지소,중구보건지소,34939,"대전 중구 중앙로 100, 본관  (대흥동, 중구청)",대흥동,N,042-288-8160
울산,남구,보건소,남구보건소,44698,"울산 남구 삼산중로 132  (삼산동, 울산남구보건소)",삼산동,N,052-226-2805
울산,남구,건강생활지원센터,무거건강생활지원센터,44601,"울산 남구 대학로147번길 41-26 (무거동, 무거건강생활지원센터)",무거동,N,052-226-2345
울산,남구,일반보건지소,장생포보건지소,44780,"울산 남구 장생포고래로 215  (장생포동, 장생포복지문화센터)",장생포동,N,052-271-0545
울산,동구,보건소,동구보건소,44021,"울산 동구 봉수로 155, 보건소청사",화정동,N,052-209-4080
울산,북구,보건소,북구보건소,44248,"울산 북구 산업로 1018  (연암동, 보건소)",연암동,N,052-289-3450
울산,북구,보건진료소,신명보건진료소,44232,"울산 북구 동해안로 1801  (신명동, 신명보건진료소)",신명동,N,052-298-5765
울산,북구,보건진료소,어물보건진료소,44235,"울산 북구 아름1길 21  (어물동, 어물보건진료소)",어물동,N,052-298-9003
울산,울주군,보건소,울주군보건소,689-812,울산 울주군 삼남면 서향교1길 67-12,삼남면,N,052-204-2798
울산,울주군,보건진료소,검단보건진료소,689-871,울산 울주군 웅촌면 은현작동로 53,웅촌면,N,052-204-2855
울산,울주군,보건진료소,구량보건진료소,689-831,울산 울주군 두서면 구량차리로 12,두서면,N,052-204-2857
울산,울주군,통합보건지소,남부통합보건지소,689-901,울산 울주군 온양읍 터실1길 13,온양읍,N,052-238-5457
울산,울주군,일반보건지소,두동면보건지소,689-841,울산 울주군 두동면 대밀길 36-6,두동면,N,052-204-2845
울산,울주군,일반보건지소,두서면보건지소,44911,울산 울주군 두서면 반구대로 1817-11  (두서면보건지소),두서면,N,052-204-2847
울산,울주군,일반보건지소,범서읍보건지소,689-855,울산 울주군 범서읍 송현길 68,범서읍,N,052-204-2838
울산,울주군,보건진료소,봉계보건진료소,689-843,울산 울주군 두동면 계명1길 19,두동면,N,052-204-2856
울산,울주군,일반보건지소,삼동면보건지소,689-932,울산 울주군 삼동면 삼동로 777,삼동면,N,052-204-2849
울산,울주군,보건진료소,삼동보건진료소,689-932,울산 울주군 삼동면 대밭길 21-6,삼동면,N,052-204-2859
울산,울주군,일반보건지소,서생면보건지소,689-882,울산 울주군 서생면 해맞이로 894,서생면,N,052-204-2841
울산,울주군,보건진료소,소호보건진료소,689-822,울산 울주군 상북면 소호당리길 8,상북면,N,052-204-2858
울산,울주군,보건진료소,외광보건진료소,689-902,울산 울주군 온양읍 광청로 440,온양읍,N,052-204-2852
울산,울주군,일반보건지소,웅촌면보건지소,689-872,울산 울주군 웅촌면 새초천길 12,웅촌면,N,052-204-2843
울산,울주군,보건진료소,진하보건진료소,689-883,울산 울주군 서생면 나루터길 29,서생면,N,052-204-2854
울산,울주군,보건진료소,척과보건진료소,689-854,울산 울주군 범서읍 척과로 14,범서읍,N,052-204-2851
울산,울주군,보건진료소,화산보건진료소,689-881,울산 울주군 서생면 천산로 214,서생면,N,052-204-2853
울산,중구,보건소,중구보건소,44495,"울산 중구 외솔큰길 225, 중구보건소  (남외동, 중구보건소)",남외동,N,052-290-4300
세종,세종특별자치시,보건소,세종특별자치시보건소,30023,세종 조치원읍 건강길 16  (세종특별자치시보건소),조치원읍,N,044-301-2000
세종,세종특별자치시,일반보건지소,금남면보건지소,30083,세종 금남면 용포로 57  (금남면사무소),금남면,N,044-301-2243
세종,세종특별자치시,일반보건지소,남부통합보건지소,30127,"세종 새롬로 14  (새롬동, 새롬종합복지센터3층)",새롬동,N,044-301-2400
세종,세종특별자치시,일반보건지소,부강면보건지소,30075,세종 부강면 부강5길 38  (부강면사무소),부강면,N,044-301-2232
세종,세종특별자치시,일반보건지소,소정면보건지소,30001,세종 소정면 소정구길 201,소정면,N,044-301-2292
세종,세종특별자치시,보건진료소,송곡보건진료소,30014,세종 전동면 금이로 184  (송곡보건진료소),전동면,N,044-867-1665
세종,세종특별자치시,보건진료소,송학보건진료소,30050,세종 장군면 황미창말길 5-4  (송학보건진료소),장군면,N,044-852-0564
세종,세종특별자치시,보건진료소,쌍류보건진료소,30041,세종 연서면 도신고복로 427  (쌍류보건진료소),연서면,N,044-863-0176
세종,세종특별자치시,보건진료소,양곡보건진료소,30007,세종 전의면 양지편길 17  (양곡보건진료소),전의면,N,044-867-3471
세종,세종특별자치시,일반보건지소,연기면보건지소,30059,세종 연기면 당산로 81  (연기면사무소),연기면,N,044-301-2212
세종,세종특별자치시,일반보건지소,연동면보건지소,30068,세종 연동면 장욱진로 7  (연동면 복합커뮤니티센터),연동면,N,044-301-2224
세종,세종특별자치시,일반보건지소,연서면보건지소,30043,세종 연서면 대첩로 238  (연서면사무소),연서면,N,044-301-2263
세종,세종특별자치시,보건진료소,와촌보건진료소,30046,세종 연서면 용연로 635  (와촌보건진료소),연서면,N,044-863-4700
세종,세종특별자치시,보건진료소,응암보건진료소,30067,세종 연동면 송암로 246  (응암보건진료소),연동면,N,044-864-9202
세종,세종특별자치시,일반보건지소,장군면보건지소,30053,세종 장군면 장기초교길 11-1,장군면,N,044-301-2252
세종,세종특별자치시,일반보건지소,전동면보건지소,30011,세종 전동면 운주산로 386  (전동면사무소),전동면,N,044-301-2282
세종,세종특별자치시,일반보건지소,전의면보건지소,30004,세종 전의면 만세길 20-12  (보건소),전의면,N,044-301-2272
세종,세종특별자치시,보건진료소,황용보건진료소,30082,세종 금남면 금남구즉로 485,금남면,N,044-867-8865
경기,가평군,보건소,가평군보건소,12413,경기 가평군 가평읍 가화로 155-18  (가평군보건소),가평읍,N,031-582-2488
경기,가평군,보건진료소,개곡리보건진료소,12410,경기 가평군 가평읍 당목가일길 211-80  (개곡보건진료소),가평읍,N,031-582-1191
경기,가평군,보건진료소,도대리보건진료소,12401,경기 가평군 북면 가화로 2370-14  (도대보건진료소),북면,N,031-582-0388
경기,가평군,보건진료소,미사리보건진료소,12462,경기 가평군 설악면 미사리로 629  (미사보건진료소),설악면,N,031-584-4166
경기,가평군,보건진료소,방일리보건진료소,12472,경기 가평군 설악면 양방가루재길 4-18  (방일보건진료소),설악면,N,031-584-7051
경기,가평군,보건진료소,백둔리보건진료소,12406,경기 가평군 북면 백둔로 417-9  (백둔보건진료소),북면,N,031-582-1011
경기,가평군,일반보건지소,북면보건지소,12403,"경기 가평군 북면 화악산로 23, 1층 보건소, 2층 다가구주택  (북면 보건소)",북면,N,031-582-0558
경기,가평군,보건진료소,산유리보건진료소,12429,경기 가평군 가평읍 호반로 1799-8  (산유보건진료소),가평읍,N,031-582-0294
경기,가평군,보건진료소,삼회리보건진료소,12458,"경기 가평군 청평면 북한강로2010번길 18, 가동  (삼회보건진료소)",청평면,N,031-584-2242
경기,가평군,일반보건지소,상면보건지소,12444,"경기 가평군 상면 청군로 1099, F동  (상면보건지소)",상면,N,031-585-2046
경기,가평군,보건진료소,상천리보건진료소,12449,경기 가평군 청평면 수리재길 293-19  (상천보건진료소),청평면,N,031-584-1795
경기,가평군,보건진료소,설곡리보건진료소,12471,"경기 가평군 설악면 봉미산안길7번길 1-6, B동  (설곡보건진료소)",설악면,N,031-584-7771
경기,가평군,일반보건지소,설악보건지소,12467,"경기 가평군 설악면 한서로 6, 7동  (설악면보건지소)",설악면,N,031-584-7078
경기,가평군,보건진료소,운악리보건진료소,12432,경기 가평군 하면 현등사길 (조종면)7-16  (운악보건진료소),하면,N,031-585-1128
경기,가평군,보건진료소,위곡리보건진료소,12463,"경기 가평군 설악면 한서로 228-16, 위곡리보건진료소  (위곡2리마을회관)",설악면,N,031-584-7205
경기,가평군,보건진료소,율길리보건진료소,12441,경기 가평군 상면 청군로 2043-15  (율길보건진료소),상면,N,031-584-3494
경기,가평군,보건진료소,임초리보건진료소,12447,경기 가평군 상면 청군로 699  (임초보건진료소),상면,N,031-585-1736
경기,가평군,일반보건지소,조종면보건지소,12438,"경기 가평군 하면 조종내길 75, F동  (조종면보건지소)",하면,N,031-585-0671
경기,가평군,일반보건지소,청평보건지소,12452,"경기 가평군 청평면 은고개로 15, 청평면보건지소  (청평면보건지소)",청평면,N,031-584-1007
경기,가평군,보건진료소,태봉리보건진료소,12442,경기 가평군 상면 아랫벌길 11  (태봉리보건소),상면,N,031-585-1568
경기,가평군,보건진료소,화악리보건진료소,12402,경기 가평군 북면 화악지암길 4  (화악보건진료소),북면,N,031-582-3011
경기,고양시,보건소,고양시 덕양구보건소,412-812,경기 고양시 덕양구 원당로33번길 28,주교동,N,031-8075-4013
경기,고양시,건강생활지원센터,고양건강생활지원센터,412-801,경기 고양시 덕양구 혜음로 19-11,고양동,N,031-8075-4016
경기,고양시,보건소,고양시 일산동구보건소,10410,"경기 고양시 일산동구 중앙로 1228  (마두동, KT고양지사)",마두동,N,031-8075-4083
경기,고양시,보건소,고양시 일산서구보건소,10340,"경기 고양시 일산서구 일중로 54 일산서구보건소 (일산동, 일산서구보건소)",일산동,N,031-8075-4160
경기,과천시,보건소,과천시보건소,427-714,경기 과천시 관문로 69,중앙동,N,02-2150-3800
경기,광명시,보건소,광명시보건소,14303,"경기 광명시 오리로 613  (하안동, 광명시보건소)",하안동,N,02-2680-2862
경기,광명시,건강생활지원센터,100세건강생활지원센터,14203,"경기 광명시 오리로 1018  (광명동, 광명종합사회복지관)",광명동,N,02-2680-5172
경기,광주시,보건소,광주시보건소,12739,"경기 광주시 파발로 194  (경안동, 광주시보건소)",경안동,N,031-760-2110
경기,광주시,보건진료소,검천리보건진료소,12706,경기 광주시 남종면 산수로 2331  (검천리보건진료소),남종면,N,031-760-5660
경기,광주시,보건진료소,관음리보건진료소,12713,경기 광주시 퇴촌면 천진암로 653-8  (관음리보건진료소),퇴촌면,N,031-760-5658
경기,광주시,보건진료소,능평리보건진료소,12773,경기 광주시 오포읍 창뜰아랫길 6  (능평리복합문화시설),오포읍,N,031-760-5651
경기,광주시,일반보건지소,도척보건지소,12815,경기 광주시 도척면 노곡로 20  (도척면사무소),도척면,N,031-760-2560
경기,광주시,보건진료소,만선리보건진료소,12721,경기 광주시 곤지암읍 만선로 59 11-8,곤지암읍,N,031-760-5654
경기,광주시,보건진료소,무갑리보건진료소,464-863,경기 광주시 초월읍 무갑길 140번길 14,초월읍,N,031-760-5653
경기,광주시,보건진료소,분원리보건진료소,464-878,경기 광주시 남종면 산수로 1613-9,남종면,N,031-760-5659
경기,광주시,보건진료소,산성리보건진료소,464-809,경기 광주시 중부면 남한산성로 732-20,중부면,N,031-760-5661
경기,광주시,보건진료소,상림리보건진료소,464-881,경기 광주시 도척면 상림마을길 99-3,도척면,N,031-760-5657
경기,광주시,보건진료소,선동리보건진료소,464-864,경기 광주시 초월읍 선동길 22,초월읍,N,031-760-5652
경기,광주시,보건진료소,열미리보건진료소,464-872,경기 광주시 곤지암읍 광여로 214,곤지암읍,N,031-760-5655
경기,광주시,건강생활지원센터,오포건강생활지원센터,464-892,경기 광주시 오포읍 오포로 884-1,오포읍,N,031-760-2547
경기,광주시,보건진료소,유정리보건진료소,464-882,경기 광주시 도척면 도척로 773-7,도척면,N,031-760-5656
경기,광주시,일반보건지소,초월보건지소,464-861,경기 광주시 초월읍 경충대로 1009-40,초월읍,N,031-760-8710
경기,광주시,보건진료소,태전동보건진료소,464-805,경기 광주시 고불로 79,태전동,N,031-760-5650
경기,광주시,통합보건지소,퇴촌남종통합보건지소,464-841,경기 광주시 퇴촌면 산수로 1347,퇴촌면,N,031-760-2561
경기,구리시,보건소,구리시보건소,11922,"경기 구리시 건원대로34번길 84  (인창동, 구리보건소)",인창동,N,031-550-8681
경기,구리시,일반보건지소,갈매보건지소,11902,"경기 구리시 산마루로 24 5층 (갈매동, 신성타워)",갈매동,N,031-550-2562
경기,구리시,일반보건지소,수택보건지소,11940,"경기 구리시 체육관로 74 1층 (수택동, 구리시행정복지센터)",수택동,N,031-550-2465
경기,군포시,보건소,군포시보건소,15887,"경기 군포시 군포로 221  (부곡동, 군포시보건소)",부곡동,N,031-461-5464
경기,군포시,일반보건지소,군포시산본보건지소,15818,"경기 군포시 산본천로 101, 산본보건지소  (산본동, 군포시 늘푸른 노인복지관)",산본동,N,031-461-5464
경기,김포시,보건소,김포시보건소,415-730,경기 김포시 사우중로 108,사우동,N,031-980-5011
경기,김포시,보건진료소,개곡리보건진료소,415-872,경기 김포시 월곶면 애기봉로 455,월곶면,N,031-980-5497
경기,김포시,일반보건지소,고촌읍보건지소,415-811,경기 김포시 고촌읍 장차로 14,고촌읍,N,031-980-5463
경기,김포시,일반보건지소,대곶면보건지소,415-854,경기 김포시 대곶면 율생로 83-23,대곶면,N,031-980-5469
경기,김포시,보건진료소,대벽보건진료소,415-839,경기 김포시 대곶면 수남로22번길 7,대곶면,N,031-980-5494
경기,김포시,보건진료소,마조보건진료소,415-883,경기 김포시 하성면 후평로 3,하성면,N,031-980-5498
경기,김포시,보건진료소,석탄보건진료소,415-885,경기 김포시 하성면 석평로166번길 10,하성면,N,031-980-5499
경기,김포시,보건진료소,성동보건진료소,415-891,경기 김포시 월곶면 문수산로252번길 42,월곶면,N,031-980-5496
경기,김포시,보건진료소,송마보건진료소,415-855,경기 김포시 대곶면 송마로 30,대곶면,N,031-980-5495
경기,김포시,일반보건지소,양촌읍보건지소,10057,경기 김포시 양촌읍 양곡1로68번길 37,양촌읍,N,031-980-5465
경기,김포시,일반보건지소,월곶면보건지소,10024,경기 김포시 월곶면 군하로 263,월곶면,N,031-980-5472
경기,김포시,일반보건지소,통진읍보건지소,415-865,경기 김포시 통진읍 김포대로2250번길 24-11,통진읍,N,031-980-5461
경기,김포시,일반보건지소,하성면보건지소,415-882,경기 김포시 하성면 애기봉로 845,하성면,N,031-980-5477
경기,김포시,보건진료소,학운보건진료소,415-843,경기 김포시 양촌읍 첫섬로 11,양촌읍,N,031-980-5493
경기,남양주시,보건소,남양주보건소,12232,"경기 남양주시 경춘로 1037, 남양주보건소  (금곡동, 남양주시청제1청사)",금곡동,N,031-590-2552
경기,남양주시,건강생활지원센터,다산건강생활지원센터,12248,"경기 남양주시 다산중앙로 7 다산건강생활지원센터 (다산동, 다산행정복지센터)",다산동,N,031-590-8580
경기,남양주시,일반보건지소,동부보건센터,12173,경기 남양주시 화도읍 비룡로 59(화도수동행정복지센터),화도읍,N,031-590-8741
경기,남양주시,일반보건지소,수동보건지소,12031,경기 남양주시 수동면 비룡로 729 1층(수동종합행정타운) (수동면사무소),수동면,N,031-590-2758
경기,남양주시,보건진료소,시우보건진료소,12279,경기 남양주시 조안면 고래산로 413-48 시우보건진료소,조안면,N,031-590-4694
경기,남양주시,건강생활지원센터,와부건강생활지원센터,12212,경기 남양주시 와부읍 월문천로 35 와부건강생활지원센터 (와부조안행정복지센터),와부읍,N,031-590-2751
경기,남양주시,일반보건지소,조안보건지소,12281,경기 남양주시 조안면 북한강로 433 조안보건지소 (조안보건소),조안면,N,031-590-4785
경기,남양주시,일반보건지소,진건보건지소,12136,"경기 남양주시 진건읍 사릉로 406-1, 서부희망케어센터 진건보건지소 (서부희망케어센터)",진건읍,N,031-590-4398
경기,남양주시,일반보건지소,퇴계원보건지소,12127,경기 남양주시 퇴계원면 경춘북로558번길 10-3 퇴계원다목적회관 1층,퇴계원읍,N,031-590-2757
경기,남양주시,건강생활지원센터,호평건강생활지원센터,12151,"경기 남양주시 호평로68번길 21 호평평내건강생활지원센터 (호평동, 호평평내행정복지센터)",호평동,N,031-590-8084
경기,남양주시,건강생활지원센터,화도건강생활지원센터,12173,경기 남양주시 화도읍 비룡로 59 화도수동건강생활지원센터 (화도수동행정복지센터),화도읍,N,031-590-8434
경기,남양주시,보건소,남양주풍양보건소,12066,"경기 남양주시 진접읍 해밀예당1로 30-39, 북부종합보건복지타운",진접읍,N,031-590-4771
경기,남양주시,건강생활지원센터,별내건강생활지원센터,12112,"경기 남양주시 별내3로 64-21, 별내동 주민센터 별관 2층 별내건강생활지원센터 (별내동, 별내동 주민센터)",별내동,N,031-590-8188
경기,남양주시,건강생활지원센터,오남건강생활지원센터,12036,"경기 남양주시 오남읍 진건오남로 806-34 2층, 오남건강생활지원센터 (오남읍사무소)",오남읍,N,031-590-8501
경기,남양주시,보건진료소,오남보건진료소,12037,경기 남양주시 오남읍 진건오남로690번길 12  (오남보건진료소),오남읍,N,031-590-4692
경기,남양주시,보건진료소,청학보건진료소,12084,경기 남양주시 별내면 청학로 86  (청학보건지소),별내면,N,031-590-4693
경기,동두천시,보건소,동두천시보건소,483-031,경기 동두천시 중앙로 167,생연동,N,031-860-3419
경기,부천시,보건소,부천시 오정보건소,14434,"경기 부천시 성오로 172 오정보건소 (오정동, 오정어울마당)",오정동,N,032-625-4373
경기,부천시,보건소,부천시보건소,14575,"경기 부천시 옥산로10번길 16  (중동, 부천시보건소)",중동,N,032-625-4183
경기,성남시,보건소,성남시 분당구보건소,13496,"경기 성남시 분당구 양현로 306  (야탑동, 분당보건소)",야탑동,N,031-729-3990
경기,성남시,일반보건지소,판교보건지소,13466,"경기 성남시 분당구 운중로138번길 10 운중동 행정복지센터 (운중동, 운중동 행정복지센터 ,판교 보건지소)",운중동,N,031-729-4233
경기,성남시,보건소,성남시 수정구보건소,13346,"경기 성남시 수정구 수정로 218  (신흥동, 수정구보건소)",신흥동,N,031-729-3870
경기,성남시,보건소,성남시 중원구보건소,13200,"경기 성남시 중원구 금상로 137 중원구보건소 (상대원동, 중원구보건소)",상대원동,N,031-729-3930
경기,부천시,보건소,소사보건소,14692,"경기 부천시 경인옛로 73  (소사본동, 소사본동 행정복지센터, 소사어울마당)",소사본동,N,032-625-4258
경기,수원시,보건소,수원시 권선구보건소,16626,"경기 수원시 권선구 호매실로 22-50  (탑동, 권선구보건소)",탑동,N,031-228-6716
경기,수원시,보건소,수원시 영통구보건소,16703,"경기 수원시 영통구 영통로 396  (영통동, 영통구보건소)",영통동,N,031-228-8716
경기,수원시,보건소,수원시 장안구보건소,440-715,경기 수원시 장안구 송원로 101,조원동,N,031-228-5802
경기,수원시,보건소,수원시 팔달구보건소,16463,"경기 수원시 팔달구 팔달산로 6  (교동, 팔달구 보건소)",교동,N,031-228-7716
경기,시흥시,보건소,시흥시보건소,14904,"경기 시흥시 호현로 55, 주차장 시흥시보건소 (대야동, 시흥시보건소대야종합사회복지관)",대야동,N,031-310-5811
경기,시흥시,보건진료소,과림보건진료소,14926,"경기 시흥시 금오로 474 과림보건진료소 (과림동, 과림보건진료소)",과림동,N,031-310-5884
경기,시흥시,보건진료소,신현보건진료소,14961,"경기 시흥시 새우개2길 59 신현보건진료소 (포동, 신현보건진료소)",포동,N,031-310-5883
경기,시흥시,보건진료소,연성보건진료소,14974,"경기 시흥시 하중로 136  (하중동, 연성보건진료소)",하중동,N,031-310-5881
경기,시흥시,보건진료소,월곶보건진료소,15006,"경기 시흥시 군자로 32  (월곶동, 월곶보건진료소)",월곶동,N,031-310-5882
경기,시흥시,일반보건지소,정왕보건지소,15055,"경기 시흥시 정왕대로233번길 19  (정왕동, 정왕보건소)",정왕동,N,031-310-5901
경기,안산시,보건소,안산시 단원보건소,15396,경기 안산시 단원구 화랑로 250 단원보건소 (초지동),초지동,N,031-481-6347
경기,안산시,보건진료소,남동보건진료소,15649,"경기 안산시 단원구 비룰길 7 남동보건진료소 (대부남동, 남동보건진료소)",대부남동,Y,031-481-2558
경기,안산시,일반보건지소,대부보건지소,15645,"경기 안산시 단원구 대부중앙로 97-10 대부보건지소 (대부북동, 대부보건지소)",대부북동,Y,031-481-2560
경기,안산시,일반보건지소,원곡보건지소,15377,"경기 안산시 단원구 부부로 43 원곡보건지소 (원곡동, 안산시다문화지원본부)",원곡동,N,031-481-6830
경기,안산시,보건진료소,풍도보건진료소,15654,경기 안산시 단원구 풍도2길 4  (풍도동),풍도동,Y,032-858-9290
경기,안산시,보건소,안산시 상록수보건소,15585,"경기 안산시 상록구 차돌배기로1길 5 상록수보건소 (사동, 상록수보건소)",사동,N,031-481-5551
경기,안산시,일반보건지소,반월보건지소,15521,"경기 안산시 상록구 건건로 119-4 반월보건지소 (건건동, 반월보건지소)",건건동,N,031-481-3791
경기,안산시,일반보건지소,수암보건지소,15202,경기 안산시 상록구 원당골1길 23-3 수암보건지소 (수암동),수암동,N,031-481-5886
경기,안성시,보건소,안성시보건소,456-270,경기 안성시 강변로74번길 18,도기동,N,031-678-5710
경기,안성시,보건진료소,개산보건진료소,456-861,경기 안성시 금광면 금광오산로 16-1,금광면,N,031-672-3291
경기,안성시,보건진료소,개정보건진료소,456-842,경기 안성시 미양면 개정길 1,미양면,N,031-673-7988
경기,안성시,보건진료소,건천보건진료소,456-821,경기 안성시 공도읍 진건중길 206-9,공도읍,N,031-656-0934
경기,안성시,일반보건지소,고삼보건지소,456-921,경기 안성시 고삼면 고삼호수로 21,고삼면,N,031-678-5816
경기,안성시,건강생활지원센터,공도건강생활지원센터,17561,경기 안성시 공도읍 공도로 51-11  (공도 건강생활지원센터),공도읍,N,031-678-6801
경기,안성시,일반보건지소,금광보건지소,456-861,경기 안성시 금광면 금광오산로 228,금광면,N,031-678-5775
경기,안성시,보건진료소,금산보건진료소,456-913,경기 안성시 일죽면 산전길 24-9,일죽면,N,031-672-5767
경기,안성시,보건진료소,노곡보건진료소,456-932,경기 안성시 양성면 미리내성지로 14,양성면,N,031-673-5860
경기,안성시,보건진료소,당목보건진료소,456-891,경기 안성시 죽산면 당진길 5-13,죽산면,N,031-672-7843
경기,안성시,보건진료소,동평보건진료소,456-873,경기 안성시 보개면 보개원삼로 1031-11,보개면,N,031-672-3730
경기,안성시,보건진료소,명목보건진료소,456-933,경기 안성시 양성면 속말길 10,양성면,N,031-673-5019
경기,안성시,일반보건지소,미양보건지소,456-841,경기 안성시 미양면 후평길 1,미양면,N,031-678-5785
경기,안성시,보건진료소,방초보건진료소,456-912,경기 안성시 일죽면 사실로 78-10,일죽면,N,031-672-4635
경기,안성시,보건진료소,복평보건진료소,456-874,경기 안성시 보개면 복평길 58,보개면,N,031-676-5004
경기,안성시,보건진료소,산평보건진료소,456-852,경기 안성시 서운면 평리길 42-1,서운면,N,031-672-9462
경기,안성시,일반보건지소,삼죽보건지소,456-883,경기 안성시 삼죽면 삼죽로 112,삼죽면,N,031-678-5813
경기,안성시,일반보건지소,서운보건지소,456-853,경기 안성시 서운면 서운중앙길 23,서운면,N,031-678-5781
경기,안성시,보건진료소,송정보건진료소,456-851,경기 안성시 서운면 안성맞춤대로 133-6,서운면,N,031-672-9387
경기,안성시,보건진료소,쌍지보건진료소,456-921,경기 안성시 고삼면 쌍지길 4,고삼면,N,031-672-3780
경기,안성시,일반보건지소,양성보건지소,456-931,경기 안성시 양성면 사복길 5,양성면,N,031-678-5792
경기,안성시,일반보건지소,원곡보건지소,456-811,경기 안성시 원곡면 가천중앙1길 45,원곡면,N,031-678-5795
경기,안성시,보건진료소,율곡보건진료소,456-883,경기 안성시 삼죽면 품곡길 32,삼죽면,N,031-672-4482
경기,안성시,일반보건지소,일죽보건지소,17529,경기 안성시 일죽면 금일로 433 일죽보건지소,일죽면,N,031-678-5801
경기,안성시,일반보건지소,죽산보건지소,456-894,경기 안성시 죽산면 죽산초교길 61,죽산면,N,031-678-5805
경기,안성시,보건진료소,현곡보건진료소,456-863,경기 안성시 금광면 진안로 568-6,금광면,N,031-672-8900
경기,안양시,보건소,안양시 동안구보건소,14047,"경기 안양시 동안구 평촌대로253번길 41  (비산동, 동안구보건소)",비산동,N,031-8045-4472
경기,안양시,보건소,안양시 만안구보건소,14035,"경기 안양시 만안구 문예로 48  (안양동, 만안구보건소)",안양동,N,031-8045-3472
경기,양주시,보건소,양주시보건소,11498,"경기 양주시 부흥로 1533, 양주시보건소 (남방동, 양주시보건소)",남방동,N,031-8082-7106
경기,양주시,보건진료소,매곡보건진료소,482-872,경기 양주시 남면 휴암로443번길 29-4,남면,N,031-8082-4850
경기,양주시,보건진료소,봉암보건진료소,482-862,경기 양주시 은현면 봉암14길 6,은현면,N,031-863-5340
경기,양주시,건강생활지원센터,양주시 건강생활지원센터,11451,경기 양주시 화합로1426번길 90 양주체육복지센터 5층 (덕정동),덕정동,N,031-8082-4343
경기,양주시,보건진료소,연곡보건진료소,482-837,경기 양주시 백석읍 부흥로419번길 26,백석읍,N,031-878-6290
경기,양주시,통합보건지소,은남통합보건지소,482-861,경기 양주시 은현면 화합로610번길 161-13,은현면,N,031-8082-7181
경기,양주시,일반보건지소,장흥보건지소,482-812,경기 양주시 장흥면 권율로 7,장흥면,N,031-8082-7191
경기,양평군,보건소,양평군보건소,12546,"경기 양평군 양평읍 마유산로 17, 양평군보건소",양평읍,N,031-770-3505
경기,양평군,보건진료소,갈운보건진료소,12532,경기 양평군 청운면 경강로 4839 갈운보건진료소,청운면,N,031-770-3466
경기,양평군,일반보건지소,강하보건지소,12574,"경기 양평군 강하면 운심길 44, 강하보건지소  (강하보건지소)",강하면,N,031-770-3551
경기,양평군,일반보건지소,개군보건지소,12568,경기 양평군 개군면 하자포길33번길 6  (개군보건지소),개군면,N,031-770-3559
경기,양평군,보건진료소,계정보건진료소,12535,경기 양평군 양동면 양서북로 518  (계정보건진료소),양동면,N,031-770-3459
경기,양평군,보건진료소,고송보건진료소,12533,경기 양평군 양동면 아랫고슬길8번길 5  (고송보건진료소),양동면,N,031-770-3461
경기,양평군,보건진료소,곡수보건진료소,12544,"경기 양평군 지평면 곡수길 52, 곡수보건진료소  (곡수보건진료소)",지평면,N,031-770-3463
경기,양평군,일반보건지소,국수보건지소,12580,경기 양평군 양서면 복개길5번길 21  (양서면국수출장소),양서면,N,031-770-3552
경기,양평군,보건진료소,금왕보건진료소,12534,경기 양평군 양동면 월리터1길 10  (금왕보건진료소),양동면,N,031-770-3460
경기,양평군,보건진료소,노문보건진료소,12500,"경기 양평군 서종면 화서1로 258, 노문보건진료소  (노문보건진료소)",서종면,N,031-770-3453
경기,양평군,보건진료소,단석보건진료소,12538,경기 양평군 양동면 거단길 163  (단석보건진료소),양동면,N,031-770-3462
경기,양평군,일반보건지소,단월보건지소,12529,"경기 양평군 단월면 보룡길 53-4, 단월보건지소  (단월보건지소)",단월면,N,031-770-3554
경기,양평군,보건진료소,동오보건진료소,12577,"경기 양평군 강하면 동오1길 42, 동오보건진료소  (동오보건진료소)",강하면,N,031-770-3452
경기,양평군,보건진료소,부안보건진료소,12528,"경기 양평군 단월면 단월로 326, 부안보건진료소  (부안보건진료소)",단월면,N,031-770-3457
경기,양평군,보건진료소,산음보건진료소,12527,"경기 양평군 단월면 봉미산샘골길 10, 산음보건진료소  (산음보건진료소)",단월면,N,031-770-3456
경기,양평군,일반보건지소,서종보건지소,12502,"경기 양평군 서종면 북한강로 777, 서종보건소  (서종보건소)",서종면,N,031-770-3553
경기,양평군,보건진료소,서후보건진료소,12504,경기 양평군 서종면 퉁점길 69-1,서종면,N,031-770-3455
경기,양평군,보건진료소,세월보건진료소,12573,경기 양평군 강상면 세월길 139-1  (세월보건지소),강상면,N,031-770-3451
경기,양평군,보건진료소,신론보건진료소,12531,경기 양평군 청운면 신론로 196  (신론보건진료소),청운면,N,031-770-3458
경기,양평군,일반보건지소,양동보건지소,12539,경기 양평군 양동면 학둔지아래길 22  (양동면 보건지소),양동면,N,031-770-3556
경기,양평군,일반보건지소,옥천보건지소,12508,"경기 양평군 옥천면 옥천체육공원길 34, 옥천보건지소  (옥천보건지소)",옥천면,N,031-770-3560
경기,양평군,일반보건지소,용문보건지소,12522,"경기 양평군 용문면 용문로 393, 용문보건지소  (용문보건지소)",용문면,N,031-770-3558
경기,양평군,보건진료소,일신보건진료소,12542,경기 양평군 지평면 구둔영화체험길 8  (일신보건진료소),지평면,N,031-770-3464
경기,양평군,보건진료소,정배보건진료소,12501,경기 양평군 서종면 중미산로 820  (정배보건진료소),서종면,N,031-770-3454
경기,양평군,보건진료소,조현보건진료소,12511,"경기 양평군 용문면 청용길 12, 조현보건소  (조현보건소)",용문면,N,031-770-3465
경기,양평군,일반보건지소,지평보건지소,12541,"경기 양평군 지평면 지평의병로116번길 7-1, 지평보건지소  (지평보건지소)",지평면,N,031-770-3557
경기,양평군,일반보건지소,청운보건지소,12530,"경기 양평군 청운면 용두로164번길 7, 청운보건지소  (청운보건지소)",청운면,N,031-770-3555
경기,여주시,보건소,여주시보건소,12628,"경기 여주시 여흥로160번길 14  (상동, 여주시보건소)",상동,N,031-887-3601
경기,여주시,일반보건지소,가남보건지소,12662,"경기 여주시 가남읍 태평중앙1길 20, 가남읍보건지소  (가남읍사무소)",가남읍,N,031-887-3642
경기,여주시,일반보건지소,강천보건지소,12616,경기 여주시 강천면 강문로 586  (강천면보건소),강천면,N,031-887-3649
경기,여주시,보건진료소,강천보건진료소,12664,경기 여주시 강천면 강천리길 62-1  (강천보건진료소),강천면,N,031-882-0765
경기,여주시,보건진료소,금당보건진료소,12660,경기 여주시 가남읍 금당리길 108  (금당보건진료소),가남읍,N,031-882-5771
경기,여주시,일반보건지소,금사보건지소,12604,경기 여주시 금사면 이포로 27  (금사면사무소),금사면,N,031-887-3645
경기,여주시,보건진료소,뇌곡보건진료소,12668,경기 여주시 점동면 성주로 591  (뇌곡보건진료소),점동면,N,031-882-7397
경기,여주시,일반보건지소,능서보건지소,12641,경기 여주시 능서면 양화로 913  (능서보건지소),능서면,N,031-887-3643
경기,여주시,일반보건지소,대신보건지소,12610,경기 여주시 대신면 율촌1길 47  (대신면보건지소),대신면,N,031-887-3647
경기,여주시,보건진료소,도전보건진료소,12617,경기 여주시 강천면 원심동1길 32  (도전보건진료소),강천면,N,031-885-0225
경기,여주시,보건진료소,매류보건진료소,12647,경기 여주시 능서면 양화로 621  (매류보건진료소),능서면,N,031-882-4820
경기,여주시,보건진료소,백석보건진료소,12642,경기 여주시 능서면 능서로 495  (백석보건진료소),능서면,N,031-882-4694
경기,여주시,일반보건지소,북내보건지소,12613,경기 여주시 북내면 당우2길 10  (북내보건지소),북내면,N,031-887-3648
경기,여주시,일반보건지소,산북보건지소,12603,경기 여주시 산북면 상품로 93  (산북면사무소),산북면,N,031-887-3646
경기,여주시,보건진료소,삼승보건진료소,12660,경기 여주시 가남읍 삼정길 5  (삼승보건진료소),가남읍,N,031-882-5618
경기,여주시,보건진료소,상구보건진료소,12611,경기 여주시 대신면 상구2길 3  (상구보건진료소),대신면,N,031-883-4812
경기,여주시,보건진료소,송촌보건진료소,12608,경기 여주시 대신면 여양1로 218  (송촌보건진료소),대신면,N,031-882-8510
경기,여주시,보건진료소,오산보건진료소,12656,경기 여주시 가남읍 오산1길 5  (오산보건진료소),가남읍,N,031-883-0281
경기,여주시,보건진료소,장안보건진료소,12665,경기 여주시 점동면 안평로 284-3  (장안보건진료소),점동면,N,031-886-7281
경기,여주시,일반보건지소,점동보건지소,12667,경기 여주시 점동면 청안로 130-6  (점동보건지소),점동면,N,031-887-3641
경기,여주시,보건진료소,주암보건진료소,12612,경기 여주시 북내면 여양2로 1104  (주암보건진료소),북내면,N,031-882-0986
경기,여주시,보건진료소,하호보건진료소,12602,경기 여주시 금사면 금품1로 712  (금사면 하호보건진료소),금사면,N,031-886-9239
경기,여주시,일반보건지소,흥천보건지소,12607,경기 여주시 흥천면 효자로 131-12  (흥천보건지소),흥천면,N,031-887-3644
경기,연천군,보건의료원,연천군보건의료원,486-902,경기 연천군 전곡읍 은대성로 95,전곡읍,N,031-839-4001
경기,연천군,보건진료소,고문리보건진료소,486-801,경기 연천군 연천읍 현문로 427,연천읍,N,031-834-3469
경기,연천군,일반보건지소,군남보건지소,486-822,경기 연천군 군남면 군남로 417,군남면,N,031-833-8205
경기,연천군,보건진료소,노곡리보건진료소,486-881,경기 연천군 백학면 진목로2번길 32,백학면,N,031-835-5873
경기,연천군,보건진료소,늘목리보건진료소,486-901,경기 연천군 전곡읍 양연로 598,전곡읍,N,031-832-0894
경기,연천군,보건진료소,동중리보건진료소,486-871,경기 연천군 왕징면 왕산로 832-1,왕징면,N,031-832-7345
경기,연천군,보건진료소,마전리보건진료소,486-861,경기 연천군 미산면 청정로 1325,미산면,N,031-835-7348
경기,연천군,일반보건지소,백학보건지소,486-881,경기 연천군 백학면 두일로 157,백학면,N,031-835-5010
경기,연천군,일반보건지소,신서보건지소,486-832,경기 연천군 신서면 도대로3번길 63,신서면,N,031-834-8032
경기,연천군,보건진료소,양원리보건진료소,486-909,경기 연천군 전곡읍 양원로46번길 13-5,전곡읍,N,031-832-0895
경기,연천군,일반보건지소,연천보건지소,486-802,경기 연천군 연천읍 신망로15번길 30,연천읍,N,031-834-2013
경기,연천군,일반보건지소,왕산보건지소,486-871,경기 연천군 왕징면 왕산로 44,왕징면,N,031-833-7179
경기,연천군,일반보건지소,장남보건지소,486-890,경기 연천군 장남면 장백로 244,장남면,N,031-835-5502
경기,연천군,일반보건지소,청산보건지소,486-851,경기 연천군 청산면 아우라지길 22,청산면,N,031-835-3465
경기,연천군,보건진료소,횡산리보건진료소,486-810,경기 연천군 중면 군중로 902,중면,N,031-834-2011
경기,오산시,보건소,오산시보건소,447-800,경기 오산시 경기동로 59,오산동,N,031-8036-6025
경기,오산시,건강생활지원센터,오산시건강생활지원센터,18108,"경기 오산시 문헌공로 45 건강생활지원센터 (금암동, 신장동주민센터)",금암동,N,031-8036-6580
경기,용인시,보건소,용인시 기흥구보건소,16969,"경기 용인시 기흥구 신갈로58번길 11  (신갈동, 신갈동주민센터및기흥구보건소)",신갈동,N,031-324-6911
경기,용인시,보건진료소,고매보건진료소,17102,경기 용인시 기흥구 동탄기흥로 713-1  (고매동),고매동,N,031-286-1005
경기,용인시,보건진료소,공세리보건진료소,17085,"경기 용인시 기흥구 공세로90번길 64  (공세동, 공세보건진료소)",공세동,N,031-286-8377
경기,용인시,보건소,용인시 수지구보건소,16835,"경기 용인시 수지구 포은대로 435  (풍덕천동, 수지구청,수지보건소)",풍덕천동,N,031-324-8924
경기,용인시,보건진료소,고기보건진료소,16801,경기 용인시 수지구 호수로 11-3 고기보건진료소 (고기동),고기동,N,031-262-3988
경기,용인시,보건소,용인시 처인구보건소,17019,"경기 용인시 처인구 중부대로 1199, 보건소  (삼가동, 용인시청)",삼가동,N,031-324-4911
경기,용인시,보건진료소,가창보건진료소,17171,경기 용인시 처인구 백암면 가창로24번길 25  (가창보건진료소),백암면,N,031-332-9116
경기,용인시,일반보건지소,남사보건지소,17118,경기 용인시 처인구 남사면 내기로 22  (남사면사무소),남사면,N,031-324-5636
경기,용인시,보건진료소,대대보건진료소,17039,경기 용인시 처인구 양지면 한터로571번길 25  (대대보건진료소),양지면,N,031-332-7900
경기,용인시,일반보건지소,모현보건지소,17036,경기 용인시 처인구 모현읍 독점로 31-6  (모현읍사무소),모현읍,N,031-324-5582
경기,용인시,보건진료소,백봉보건진료소,17180,경기 용인시 처인구 백암면 죽양대로797번길 10,백암면,N,031-332-9644
경기,용인시,일반보건지소,백암보건지소,17178,경기 용인시 처인구 백암면 백암로 189  (백암면사무소),백암면,N,031-324-5784
경기,용인시,보건진료소,아곡보건진료소,17120,경기 용인시 처인구 남사면 남산로6번길 2  (아곡보건진료소),남사면,N,031-332-7998
경기,용인시,일반보건지소,양지보건지소,17158,경기 용인시 처인구 양지면 양지로105번길 5  (양지면사무소),양지면,N,031-324-5832
경기,용인시,일반보건지소,원삼보건지소,17168,경기 용인시 처인구 원삼면 원양로 64  (원삼면사무소),원삼면,N,031-324-5682
경기,용인시,보건진료소,원암보건진료소,17124,경기 용인시 처인구 남사면 천덕산로421번길 8-1  (원암보건진료소),남사면,N,031-332-6003
경기,용인시,일반보건지소,이동보건지소,17136,경기 용인시 처인구 이동읍 경기동로 673  (이동읍사무소),이동읍,N,031-324-5682
경기,용인시,보건진료소,장평보건진료소,17182,경기 용인시 처인구 백암면 삼백로 599-3  (장평보건진료소),백암면,N,031-332-4083
경기,용인시,보건진료소,죽능보건진료소,17170,경기 용인시 처인구 원삼면 보개원삼로 1634  (죽능보건진료소),원삼면,N,031-332-8439
경기,용인시,일반보건지소,포곡보건지소,17028,경기 용인시 처인구 포곡읍 포곡로 258  (포곡읍사무소),포곡읍,N,031-324-5522
경기,의왕시,보건소,의왕시보건소,437-800,경기 의왕시 오봉로 34 의왕시보건소,고천동,N,031-345-3541
경기,의왕시,일반보건지소,청계보건지소,437-110,경기 의왕시 덕장로 19 청계보건지소(청계종합사회복지관내1층),청계동,N,031-345-3671
경기,의정부시,보건소,의정부시보건소,11649,"경기 의정부시 범골로 131  (의정부동, 의정부시보건소)",의정부동,N,031-870-6001
경기,이천시,보건소,이천시보건소,17353,"경기 이천시 증신로153번길 13  (증포동, 이천시보건소)",증포동,N,031-635-2400
경기,이천시,보건진료소,가산보건진료소,17405,경기 이천시 부발읍 황무로2065번길 96  (가산보건진료소),부발읍,N,031-636-7300
경기,이천시,보건진료소,고백보건진료소,17317,경기 이천시 부발읍 중부대로1997번길 112 고백보건진료소,부발읍,N,031-636-7934
경기,이천시,보건진료소,군량보건진료소,17402,경기 이천시 대월면 대월로436번길 122 군량보건진료소,대월면,N,031-632-3694
경기,이천시,통합보건지소,남부통합보건지소,17413,경기 이천시 설성면 진상미로180번길 25  (남부통합보건지소),설성면,N,031-644-4092
경기,이천시,보건진료소,단월보건진료소,17400,"경기 이천시 단월로38번길 3  (단월동, 단월보건진료소)",단월동,N,031-633-6880
경기,이천시,일반보건지소,대월보건지소,17343,경기 이천시 대월면 사동로 1-10 대월보건지소,대월면,N,031-644-7191
경기,이천시,보건진료소,도암보건진료소,17300,경기 이천시 신둔면 원적로 425  (도암보건진료소),신둔면,N,031-632-7873
경기,이천시,보건진료소,마교보건진료소,17304,경기 이천시 신둔면 황무로347번길 7,신둔면,N,031-638-7025
경기,이천시,일반보건지소,마장보건지소,17387,경기 이천시 마장면 오천로 105-23  (마장보건지소),마장면,N,031-644-7187
경기,이천시,보건진료소,매곡보건진료소,17396,경기 이천시 호법면 이섭대천로100번길 40  (매곡보건진료소),호법면,N,031-638-9597
경기,이천시,일반보건지소,모가보건지소,17408,경기 이천시 모가면 대월로63번길 54 모가보건지소,모가면,N,031-644-7196
경기,이천시,일반보건지소,백사보건지소,17312,경기 이천시 백사면 원적로 1030  (백사면 보건지소),백사면,N,031-644-7176
경기,이천시,일반보건지소,부발보건지소,17324,경기 이천시 부발읍 무촌로 117  (부발보건지소),부발읍,N,031-644-4088
경기,이천시,보건진료소,상봉보건진료소,17409,경기 이천시 설성면 설가로301번길 43-17  (상봉보건진료소),설성면,N,031-643-6898
경기,이천시,보건진료소,어농보건진료소,17406,경기 이천시 모가면 사실로 716  (어농보건진료소),모가면,N,031-636-8279
경기,이천시,보건진료소,우곡보건진료소,17314,경기 이천시 백사면 청백리로 380  (우곡보건진료소),백사면,N,031-632-4637
경기,이천시,보건진료소,월포보건진료소,17423,경기 이천시 율면 임오산로362번길 70 월포보건진료소,율면,N,031-643-8314
경기,이천시,보건진료소,유산보건진료소,17393,경기 이천시 호법면 이섭대천로793번길 23  (유산보건진료소),호법면,N,031-636-8898
경기,이천시,보건진료소,장북보건진료소,17414,경기 이천시 장호원읍 나래천로509번길 129-4 장북보건진료소,장호원읍,N,031-641-0289
경기,이천시,보건진료소,장천보건진료소,17411,경기 이천시 설성면 설성로 173-5 장천보건진료소,설성면,N,031-641-6530
경기,이천시,보건진료소,표교보건진료소,17384,"경기 이천시 마장면 중부대로638번길 15, 표교보건진료소  (표교보건진료소)",마장면,N,031-636-9975
경기,이천시,일반보건지소,호법보건지소,17394,경기 이천시 호법면 이섭대천로527번길 27 호법보건지소,호법면,N,031-636-7385
경기,파주시,보건소,파주시보건소,10924,"경기 파주시 후곡로 13 13 (금촌동, 파주시보건소)",금촌동,N,031-940-4800
경기,파주시,보건진료소,두마보건진료소,10809,경기 파주시 파평면 파평산로363번길 34,파평면,N,031-952-8354
경기,파주시,일반보건지소,문산광역보건지소,413-904,경기 파주시 문산읍 개포래로 34,문산읍,N,031-940-5604
경기,파주시,보건진료소,문지보건진료소,413-843,경기 파주시 탄현면 방촌로955번길 131,탄현면,N,031-942-8875
경기,파주시,보건진료소,백연보건진료소,413-920,경기 파주시 군내면 통일촌길 231,군내면,N,031-940-8259
경기,파주시,보건진료소,야당보건진료소,10909,"경기 파주시 하우3길 77, 야당보건진료소 (야당동)",야당동,N,031-942-8260
경기,파주시,보건진료소,어유지보건진료소,413-914,경기 파주시 적성면 어삼로 34,적성면,N,031-958-4979
경기,파주시,보건진료소,영장보건진료소,413-851,경기 파주시 광탄면 기산로 9,광탄면,N,031-948-1146
경기,파주시,일반보건지소,운정광역보건지소,413-110,경기 파주시 해솔로 90,목동동,N,031-940-5684
경기,파주시,보건진료소,웅담보건진료소,413-873,경기 파주시 법원읍 곰시길 173-7,법원읍,N,031-958-2364
경기,파주시,일반보건지소,월롱보건지소,10946,경기 파주시 월롱면 엘지로 17 월롱보건지소,월롱면,N,031-940-8334
경기,파주시,일반보건지소,적성보건지소,413-913,경기 파주시 적성면 청송로 1013,적성면,N,031-940-8340
경기,파주시,일반보건지소,탄현보건지소,10858,경기 파주시 탄현면 방촌로649번길 24-7 1층 (탄현면사무소),탄현면,N,031-940-8335
경기,파주시,일반보건지소,파평보건지소,413-881,경기 파주시 파평면 청송로 189-21,파평면,N,031-940-8339
경기,평택시,보건소,평택시 송탄보건소,17730,"경기 평택시 서정로 295 북부보건복지센터 (서정동, 송탄보건소)",서정동,N,031-8024-6615
경기,평택시,일반보건지소,고덕보건지소,17770,경기 평택시 고덕면 고덕로 283 고덕보건지소 (고덕면사무소),고덕면,N,031-8024-6838
경기,평택시,보건진료소,금각보건진료소,17788,경기 평택시 서탄면 금각1길 6-5  (금각리보건진료소),서탄면,N,031-8024-4388
경기,평택시,보건진료소,동천보건진료소,17710,경기 평택시 진위면 동천2길 14  (동천리보건진료소),진위면,N,031-8024-4386
경기,평택시,보건진료소,문곡보건진료소,17789,경기 평택시 고덕면 문곡길 5  (문곡리보건진료소),고덕면,N,031-8024-4390
경기,평택시,일반보건지소,서탄보건지소,17704,경기 평택시 서탄면 금암2길 122 서탄보건지소 (서탄면사무소),서탄면,N,031-8024-6777
경기,평택시,보건진료소,은산보건진료소,17717,경기 평택시 진위면 은산3길 26 은산보건진료소,진위면,N,031-8024-4384
경기,평택시,일반보건지소,진위보건지소,17712,경기 평택시 진위면 봉남길 61 진위보건지소 (진위면사무소),진위면,N,031-8024-6707
경기,평택시,보건소,평택시 평택보건소,17901,경기 평택시 평택5로 56  (비전동),비전동,N,031-8024-5553
경기,평택시,보건진료소,덕목보건진료소,17969,경기 평택시 현덕면 현덕로 387  (덕목리보건진료소),현덕면,N,031-8024-4380
경기,평택시,보건진료소,두정보건진료소,17980,경기 평택시 팽성읍 두정길 67  (두정리보건진료소),팽성읍,N,031-8024-4372
경기,평택시,보건진료소,신영보건진료소,17966,경기 평택시 포승읍 중간촌길 18-4  (포승읍신영리보건진료소),포승읍,N,031-8024-4376
경기,평택시,통합보건지소,안중보건지소,17941,"경기 평택시 안중읍 안현로 400, 1,2,3동  (안중읍사무소)",안중읍,N,031-8024-8611
경기,평택시,보건진료소,어연보건진료소,17792,경기 평택시 청북면 청원로 427  (어연리보건소),청북면,N,031-8024-4378
경기,평택시,일반보건지소,오성보건지소,17819,경기 평택시 오성면 숙성시장길 23  (오성면사무소),오성면,N,031-8024-8806
경기,평택시,보건진료소,원정보건진료소,17949,경기 평택시 포승읍 포승원정길 23  (포승읍원정리보건진료소),포승읍,N,031-8024-4374
경기,평택시,보건진료소,장수보건진료소,17948,경기 평택시 현덕면 장수안길 35  (장수리보건진료소),현덕면,N,031-8024-4382
경기,평택시,일반보건지소,청북보건지소,17812,경기 평택시 청북면 청원로 2  (청북면사무소),청북면,N,031-8024-8856
경기,평택시,일반보건지소,팽성보건지소,17994,경기 평택시 팽성읍 팽성남산4길 6,팽성읍,N,031-8024-4360
경기,평택시,보건진료소,팽성원정진료소,17974,"경기 평택시 팽성읍 팽성북로 29, 보건소  (원정리보건진료소)",팽성읍,N,031-8024-4370
경기,평택시,건강생활지원센터,포승건강생활지원센터,17954,경기 평택시 포승읍 여술로 47  (다목적복지회관),포승읍,N,031-8024-8625
경기,평택시,일반보건지소,포승보건지소,17965,경기 평택시 포승읍 서동대로 1174-16  (포승읍사무소),포승읍,N,031-8024-8706
경기,평택시,일반보건지소,현덕보건지소,17946,경기 평택시 현덕면 인광길 84,현덕면,N,031-8024-8907
경기,포천시,보건소,포천시보건소,487-804,경기 포천시 포천로 1612,신읍동,N,031-538-3600
경기,포천시,일반보건지소,가산보건지소,487-814,경기 포천시 가산면 선마로 223,가산면,N,031-538-4344
경기,포천시,일반보건지소,관인보건지소,11101,경기 포천시 관인면 관인로 14,관인면,N,031-538-4684
경기,포천시,일반보건지소,군내보건지소,11152,경기 포천시 군내면 청군로3290번길 12  (군내보건지소),군내면,N,031-538-4244
경기,포천시,보건진료소,길명보건진료소,487-853,경기 포천시 일동면 영일로 668-27,일동면,N,031-536-9657
경기,포천시,일반보건지소,내촌보건지소,487-831,경기 포천시 내촌면 내촌로 71-12,내촌면,N,031-538-4294
경기,포천시,보건진료소,덕둔보건진료소,487-912,경기 포천시 신북면 청신로 896,신북면,N,031-535-6294
경기,포천시,보건진료소,도평보건진료소,487-862,경기 포천시 이동면 화동로 2433번길 11-14,이동면,N,031-535-8827
경기,포천시,일반보건지소,선단보건지소,487-020,경기 포천시 삼육사로2186번길 11-15,선단동,N,031-538-4834
경기,포천시,일반보건지소,소흘보건지소,487-823,경기 포천시 소흘읍 호국로 567,소흘읍,N,031-538-4194
경기,포천시,일반보건지소,신북보건지소,11139,경기 포천시 신북면 호국로 2065  (신북면사무소),신북면,N,031-535-3600
경기,포천시,보건진료소,야미보건진료소,487-898,경기 포천시 영북면 호국로 3541,영북면,N,031-536-7465
경기,포천시,일반보건지소,영북보건지소,487-892,경기 포천시 영북면 영북로 166,영북면,N,031-538-4644
경기,포천시,일반보건지소,영중보건지소,487-883,경기 포천시 영중면 양문로 151,영중면,N,031-538-4494
경기,포천시,보건진료소,오가보건진료소,487-922,경기 포천시 창수면 창동로 15,창수면,N,031-533-0276
경기,포천시,보건진료소,이곡보건진료소,487-829,경기 포천시 소흘읍 이곡길 10,소흘읍,N,031-544-8006
경기,포천시,일반보건지소,이동보건지소,487-863,경기 포천시 이동면 화동로 2070-44,이동면,N,031-538-4584
경기,포천시,일반보건지소,일동보건지소,487-851,경기 포천시 일동면 화동로1099번길 30,일동면,N,031-538-4544
경기,포천시,보건진료소,정교보건진료소,487-818,경기 포천시 가산면 정금로 67-1,가산면,N,031-542-7434
경기,포천시,보건진료소,중리보건진료소,487-934,경기 포천시 관인면 창동로 853,관인면,N,031-533-1860
경기,포천시,보건진료소,지현보건진료소,487-843,경기 포천시 화현면 봉화로 920,화현면,N,031-532-9714
경기,포천시,일반보건지소,창수보건지소,487-921,경기 포천시 창수면 메치골로 178,창수면,N,031-538-4444
경기,포천시,일반보건지소,화현보건지소,11124,경기 포천시 화현면 봉화로 920  (지현리보건진료소),화현면,N,031-538-4744
경기,하남시,보건소,하남시보건소,12951,"경기 하남시 대청로 10, 보건소  (신장동, 하남시청)",신장동,N,031-790-6555
경기,화성시,보건소,화성시보건소,18596,경기 화성시 향남읍 3.1만세로 1055  (화성시보건소),향남읍,N,031-5189-2551
경기,화성시,보건진료소,궁평보건진료소,18556,경기 화성시 서신면 궁평항로 1419  (궁평보건진료소),서신면,N,031-357-2730
경기,화성시,보건진료소,기천보건진료소,18526,경기 화성시 팔탄면 아랫사내길 66-8,팔탄면,N,031-354-8224
경기,화성시,일반보건지소,남양보건지소,18258,경기 화성시 남양읍 남양시장로 25-2  (남양보건지소),남양읍,N,031-5189-2885
경기,화성시,일반보건지소,동부보건지소,18412,경기 화성시 떡전골로 72-3  (병점동),병점동,N,031-5189-4420
경기,화성시,일반보건지소,동탄보건지소,18460,"경기 화성시 노작로 226-9  (석우동, 동탄보건지소)",석우동,N,031-5189-4364
경기,화성시,일반보건지소,마도보건지소,18537,"경기 화성시 마도면 마도북로 389, 가동  (마도면사무소)",마도면,N,031-5189-2582
경기,화성시,일반보건지소,매송보건지소,18287,경기 화성시 매송면 매송로 43  (매송면사무소),매송면,N,031-5189-2883
경기,화성시,보건진료소,매향보건진료소,18570,경기 화성시 우정읍 기아자동차로 221-6  (매향보건진료소),우정읍,N,031-358-2616
경기,화성시,보건진료소,문학보건진료소,18522,경기 화성시 정남면 문학로 84  (문학리 보건진료소),정남면,N,031-352-2277
경기,화성시,일반보건지소,봉담주민건강지원센터,18301,경기 화성시 봉담읍 동화새터길 109  (봉담주민건강지원센터),봉담읍,N,031-5189-6211
경기,화성시,일반보건지소,비봉보건지소,18284,경기 화성시 비봉면 비봉로 72-14,비봉면,N,031-5189-2874
경기,화성시,보건진료소,사창보건진료소,18626,경기 화성시 양감면 사창길 18-18,양감면,N,031-352-1007
경기,화성시,보건진료소,서근보건진료소,18575,경기 화성시 팔탄면 대평안길 6  (서근보건진료소),팔탄면,N,031-358-6371
경기,화성시,일반보건지소,서신보건지소,18555,경기 화성시 서신면 궁평항로 1702  (서신보건지소),서신면,N,031-5189-2584
경기,화성시,일반보건지소,송산보건지소,18550,경기 화성시 송산면 사강시장길 26  (송산보건소),송산면,N,031-5189-2887
경기,화성시,보건진료소,신천보건진료소,18546,경기 화성시 송산면 신천길 85  (신천보건진료소),송산면,N,031-357-7582
경기,화성시,보건진료소,안석보건진료소,18278,경기 화성시 남양읍 고향의봄길216번길 101  (안석보건진료소),남양읍,N,031-356-3014
경기,화성시,일반보건지소,양감보건지소,18633,"경기 화성시 양감면 초록로 7, 면사무소  (양감면사무소)",양감면,N,031-5189-2587
경기,화성시,일반보건지소,여울보건지소,18497,경기 화성시 동탄순환대로 13 낙워프라자 (송동),송동,N,031-5189-6938
경기,화성시,일반보건지소,우정보건지소,18563,경기 화성시 우정읍 쌍봉로 109-14  (우정읍 행정복지센터),우정읍,N,031-5189-2891
경기,화성시,보건진료소,유포보건진료소,18282,경기 화성시 비봉면 남이로 241-3  (유포보건진료소),비봉면,N,031-356-7179
경기,화성시,보건진료소,자안보건진료소,18293,경기 화성시 비봉면 푸른들판로1125번길 45,비봉면,N,031-356-3562
경기,화성시,일반보건지소,장안보건지소,18583,경기 화성시 장안면 포승장안로 1219  (장안보건지소),장안면,N,031-5189-2586
경기,화성시,일반보건지소,정남보건지소,18519,경기 화성시 정남면 서봉로 998  (정남면사무소),정남면,N,031-5189-4470
경기,화성시,보건진료소,정림보건진료소,18514,경기 화성시 정남면 정남동로 355  (정림보건소),정남면,N,031-8059-2260
경기,화성시,보건진료소,제부보건진료소,18553,경기 화성시 서신면 해안길 156-2  (제부리보건진료소),서신면,Y,031-366-9118
경기,화성시,일반보건지소,팔탄보건지소,18527,경기 화성시 팔탄면 구장길 20  (팔탄보건지소),팔탄면,N,031-5189-2889
강원,강릉시,보건소,강릉시보건소,25604,"강원 강릉시 남부로17번길 38,(내곡동, 강릉시보건소)",내곡동,N,033-660-3010
강원,강릉시,일반보건지소,강동보건지소,25620,"강원 강릉시 강동면 율곡로 2208, 강동보건지소  (강동면)",강동면,N,033-640-4431
강원,강릉시,보건진료소,고단보건진료소,25644,강원 강릉시 왕산면 왕산로 70  (고단보건진료소),왕산면,N,033-648-8606
강원,강릉시,일반보건지소,구정보건지소,25622,강원 강릉시 구정면 새끼미길 99  (구정보건지소),구정면,N,033-640-4430
강원,강릉시,건강생활지원센터,남부 건강생활지원센터,25576,강원 강릉시 성덕포남로 80-22 남부 건강생활지원센터 (입암동),입암동,N,033-660-2480
강원,강릉시,보건진료소,남양보건진료소,25646,강원 강릉시 옥계면 옥계로 712-2  (남양보건진료소),옥계면,N,033-535-6669
강원,강릉시,보건진료소,대기보건진료소,25642,강원 강릉시 왕산면 왕산로 1324-4  (대기보건진료소),왕산면,N,033-647-7358
강원,강릉시,일반보건지소,동부도시보건지소,25492,"강원 강릉시 강릉대로313번길 6  (포남동, 동부도시보건지소)",포남동,N,033-660-2301
강원,강릉시,보건진료소,보광보건진료소,25442,강원 강릉시 성산면 보현길 22-2  (보광보건진료소),성산면,N,033-647-9703
강원,강릉시,일반보건지소,사천보건지소,25439,강원 강릉시 사천면 미노길 67  (사천면사무소),사천면,N,033-660-2350
강원,강릉시,보건진료소,사천진보건진료소,25435,강원 강릉시 사천면 진리항구2길 16  (사천보건진료소),사천면,N,033-644-0195
강원,강릉시,보건진료소,산계보건진료소,25645,강원 강릉시 옥계면 산계길 952-1  (산계보건진료소),옥계면,N,033-535-3309
강원,강릉시,보건진료소,삼산보건진료소,25400,강원 강릉시 연곡면 삼산길 3  (삼산보건진료소),연곡면,N,033-661-4225
강원,강릉시,일반보건지소,성산보건지소,25450,강원 강릉시 성산면 구산길 20  (성산보건지소),성산면,N,033-640-4428
강원,강릉시,일반보건지소,옥계보건지소,25634,강원 강릉시 옥계면 현내중길 8  (옥계보건지소),옥계면,N,033-660-2470
강원,강릉시,일반보건지소,왕산보건지소,25639,강원 강릉시 왕산면 백두대간로 1991  (왕산보건지소),왕산면,N,033-660-2340
강원,강릉시,보건진료소,임곡보건진료소,25629,강원 강릉시 강동면 임곡로 738  (임곡보건진료소),강동면,N,033-648-5942
강원,강릉시,보건진료소,정동보건진료소,25631,강원 강릉시 강동면 헌화로 1050 정동보건진료소,강동면,N,033-644-5537
강원,강릉시,통합보건지소,주문진 통합보건지소,25406,강원 강릉시 주문진읍 항구로 19 주문리 1033외 2필지 (주문진읍보건소),주문진읍,N,033-660-3471
강원,고성군,보건소,고성군보건소,24736,강원 고성군 간성읍 수성로 30 고성군보건소 (보건소),간성읍,N,033-681-4000
강원,고성군,건강생활지원센터,고성군건강생활지원센터,24711,강원 고성군 거진읍 행랑골길 24-1  (고성군건강생활지원센터),거진읍,N,033-680-3545
강원,고성군,보건진료소,도원보건진료소,24761,강원 고성군 토성면 사그메기길 5  (도원보건진료소),토성면,N,033-632-3939
강원,고성군,보건진료소,명파보건진료소,24701,강원 고성군 현내면 금강산로 814  (명파보건진료소),현내면,N,033-682-0098
강원,고성군,보건진료소,산학보건진료소,24707,"강원 고성군 현내면 산학2길 2-13, 보건진료소  (산학보건진료소)",현내면,N,033-682-3902
강원,고성군,보건진료소,성천보건진료소,24769,"강원 고성군 토성면 용원로 277, 보건소  (성천보건진료소)",토성면,N,033-635-1763
강원,고성군,보건진료소,송정보건진료소,24709,"강원 고성군 거진읍 건봉사로 1511, 보건진료소  (송정보건진료소)",거진읍,N,033-682-1826
강원,고성군,보건진료소,아야진보건진료소,24756,"강원 고성군 토성면 아야진해변길 83, 보건소  (아야진보건진료소)",토성면,N,033-631-4818
강원,고성군,보건진료소,어천보건진료소,24740,"강원 고성군 간성읍 어천1길 45-4, 보건진료소  (어천보건진료소)",간성읍,N,033-681-3356
강원,고성군,보건진료소,용암보건진료소,24763,"강원 고성군 토성면 장새미길 9, 용암보건진료소  (용암보건진료소)",토성면,N,033-633-0938
강원,고성군,일반보건지소,죽왕보건지소,24747,"강원 고성군 죽왕면 심층수길 9, 보건소  (죽왕면보건지소)",죽왕면,N,033-680-3547
강원,고성군,일반보건지소,토성보건지소,24764,"강원 고성군 토성면 토성로 174, 보건소  (토성면보건지소)",토성면,N,033-680-3548
강원,고성군,일반보건지소,현내보건지소,24704,강원 고성군 현내면 대진6길 20  (현내면보건지소),현내면,N,033-680-3546
강원,고성군,보건진료소,흘리보건진료소,24742,"강원 고성군 간성읍 흘리길 190, 진료소  (흘리보건진료소)",간성읍,N,033-681-3373
강원,동해시,보건소,동해시보건소,25769,"강원 동해시 천곡로 100-2  (천곡동, 보건소)",천곡동,N,033-530-2401
강원,동해시,일반보건지소,묵호보건지소,25720,"강원 동해시 발한로 227  (발한동, 묵호건강증진센터)",발한동,N,033-530-2427
강원,동해시,건강생활지원센터,북삼건강생활지원센터,25806,"강원 동해시 청운로 96 . (쇄운동, 북삼건강생활지원센터)",쇄운동,N,033-530-2423
강원,동해시,일반보건지소,삼화보건지소,25745,"강원 동해시 무릉1길 10  (이로동, 삼화동주민센터)",이로동,N,033-530-2420
강원,삼척시,보건소,삼척시보건소,25929,"강원 삼척시 척주로 76  (남양동, 삼척시보건소)",남양동,N,033-572-4000
강원,삼척시,일반보건지소,가곡보건지소,25954,강원 삼척시 가곡면 가곡천로 1455,가곡면,N,033-572-7014
강원,삼척시,일반보건지소,근덕보건지소,245-832,강원 삼척시 근덕면 교가2길 10,근덕면,N,033-573-0578
강원,삼척시,일반보건지소,노곡보건지소,25940,강원 삼척시 노곡면 미근로 886,노곡면,N,033-572-5542
강원,삼척시,일반보건지소,도계읍보건지소,25947,강원 삼척시 도계읍 전두안길 56 (도계읍보건지소),도계읍,N,033-541-4000
강원,삼척시,보건진료소,마읍보건진료소,25941,강원 삼척시 노곡면 문의재로 2559-17  (노곡면마읍리민원중계소),노곡면,N,033-572-7765
강원,삼척시,보건진료소,매원보건진료소,25937,강원 삼척시 근덕면 궁촌길 480  (매원보건진료소),근덕면,N,033-574-9400
강원,삼척시,일반보건지소,미로보건지소,25904,강원 삼척시 미로면 적병길 8,미로면,N,033-572-0014
강원,삼척시,보건진료소,상정보건진료소,25905,강원 삼척시 미로면 상정길 83  (상정보건진료소),미로면,N,033-574-3417
강원,삼척시,일반보건지소,신기보건지소,25943,강원 삼척시 신기면 신기길 15,신기면,N,033-541-1900
강원,삼척시,보건진료소,역둔보건진료소,25902,강원 삼척시 하장면 역둔원동로 1-8,하장면,N,033-552-0681
강원,삼척시,일반보건지소,원덕읍보건지소,25961,강원 삼척시 원덕읍 삼척로 445-53  (원덕읍보건지소),원덕읍,N,033-573-4000
강원,삼척시,보건진료소,임원보건진료소,25956,강원 삼척시 원덕읍 삼척로 1213  (임원보건진료소),원덕읍,N,033-572-5990
강원,삼척시,보건진료소,장호보건진료소,25938,강원 삼척시 근덕면 삼척로 2110-20  (장호보건진료소),근덕면,N,033-572-4085
강원,삼척시,일반보건지소,하장보건지소,25901,강원 삼척시 하장면 하장길 118,하장면,N,033-552-0008
강원,속초시,보건소,속초시보건소,217-060,강원 속초시 수복로 36,교동,N,033-631-4000
강원,양구군,보건소,양구군보건소,24522,강원 양구군 양구읍 관공서로 42  (양구군보건소),양구읍,N,033-481-2400
강원,양구군,보건진료소,군량보건진료소,24514,강원 양구군 양구읍 성곡로847번길 46  (군량진료소),양구읍,N,033-482-1300
강원,양구군,보건진료소,금악보건진료소,24503,강원 양구군 방산면 성곡로 1788  (금악보건소),방산면,N,033-481-5290
강원,양구군,일반보건지소,남면보건지소,24554,강원 양구군 남면 삼팔선로 17  (남면보건지소),남면,N,033-480-2617
강원,양구군,일반보건지소,동면보건지소,24507,강원 양구군 동면 금강산로 1697  (동면보건지소),동면,N,033-480-2627
강원,양구군,일반보건지소,방산보건지소,24502,강원 양구군 방산면 장거리길 37  (방산면 보건지소),방산면,N,033-480-2637
강원,양구군,보건진료소,팔랑보건진료소,24506,강원 양구군 동면 펀치볼로 43  (팔랑보건진료소),동면,N,033-481-1535
강원,양구군,일반보건지소,해안보건지소,24563,강원 양구군 해안면 펀치볼로 1357-6  (해안면 보건복지센터),해안면,N,033-480-2647
강원,양양군,보건소,양양군보건소,215-803,강원 양양군 양양읍 양양로 9-5,양양읍,N,033-670-2550
강원,양양군,일반보건지소,강현보건지소,215-852,강원 양양군 강현면 동해대로 3549,강현면,N,033-670-2365
강원,양양군,보건진료소,서림보건진료소,215-811,강원 양양군 서면 구룡령로 2039-18,서면,N,033-673-0965
강원,양양군,일반보건지소,서면보건지소,215-813,강원 양양군 서면 들돌길 10,서면,N,033-670-2361
강원,양양군,보건진료소,석교보건진료소,215-851,강원 양양군 강현면 화채봉길 107,강현면,N,033-673-5805
강원,양양군,일반보건지소,손양보건지소,215-822,강원 양양군 손양면 손중로 209,손양면,N,033-670-2362
강원,양양군,보건진료소,수산보건진료소,215-823,강원 양양군 손양면 수산2길 7-1,손양면,N,033-672-2177
강원,양양군,보건진료소,어성전보건진료소,215-835,강원 양양군 현북면 어성전길 50,현북면,N,033-673-0959
강원,양양군,보건진료소,입암보건진료소,215-843,강원 양양군 현남면 화상천로 260,현남면,N,033-671-7528
강원,양양군,일반보건지소,현남보건지소,215-842,강원 양양군 현남면 인구길 53,현남면,N,033-670-2364
강원,양양군,일반보건지소,현북보건지소,215-833,강원 양양군 현북면 하조대1길 41-8,현북면,N,033-670-2363
강원,영월군,보건소,영월군보건소,230-881,강원 영월군 영월읍 하송로 44,영월읍,N,033-370-2550
강원,영월군,일반보건지소,김삿갓면보건지소,230-822,강원 영월군 김삿갓면 옥동장터길 34,김삿갓면,N,033-370-2174
강원,영월군,일반보건지소,남면보건지소,230-838,강원 영월군 남면 연당로 123-1,남면,N,033-370-2178
강원,영월군,일반보건지소,덕포보건지소,230-802,강원 영월군 영월읍 중앙로 148,영월읍,N,033-370-2008
강원,영월군,보건진료소,무릉보건진료소,230-862,강원 영월군 수주면 중방길 62-4,수주면,N,033-370-1634
강원,영월군,일반보건지소,북면보건지소,230-872,강원 영월군 북면 봉래산로 983,북면,N,033-370-2177
강원,영월군,일반보건지소,상동읍보건지소,230-902,강원 영월군 상동읍 태백산로 3191,상동읍,N,033-370-2172
강원,영월군,보건진료소,석항보건진료소,233-829,강원 영월군 중동면 영월로 3856-1,중동면,N,033-372-1631
강원,영월군,보건진료소,신천보건진료소,230-842,강원 영월군 한반도면 서강로 724-4,한반도면,N,033-370-1633
강원,영월군,보건진료소,연덕보건진료소,230-871,강원 영월군 북면 삼방산길 28-11,북면,N,033-370-1632
강원,영월군,보건진료소,운학보건진료소,230-863,강원 영월군 수주면 덕은골길 4,무릉도원면,N,033-370-1635
강원,영월군,통합보건지소,주천통합보건지소,230-854,강원 영월군 주천면 송학주천로 1461,주천면,N,033-370-2159
강원,영월군,일반보건지소,중동면보건지소,230-812,강원 영월군 중동면 태백산로 1202,중동면,N,033-370-2173
강원,영월군,일반보건지소,한반도면보건지소,230-835,강원 영월군 한반도면 쌍용로 203-3,한반도면,N,033-370-2179
강원,원주시,보건소,원주시보건소,220-957,강원 원주시 원일로 139,일산동,N,033-737-4011
강원,원주시,보건진료소,고산보건진료소,220-922,강원 원주시 호저면 광학로 16,호저면,N,033-737-4522
강원,원주시,일반보건지소,귀래면보건지소,220-853,강원 원주시 귀래면 북원로 106,귀래면,N,033-737-4536
강원,원주시,건강생활지원센터,남원주건강생활지원센터,26400,강원 원주시 단관공원길 86 남원주건강생활지원센터 (단구동),단구동,N,033-737-5205
강원,원주시,보건진료소,단강보건진료소,220-812,강원 원주시 부론면 부귀로 753,부론면,N,033-737-4525
강원,원주시,일반보건지소,문막읍보건지소,220-801,강원 원주시 문막읍 건등로 11,문막읍,N,033-737-4531
강원,원주시,일반보건지소,부론면보건지소,220-811,강원 원주시 부론면 법천시장길 59,부론면,N,033-737-4535
강원,원주시,보건진료소,비두보건진료소,220-804,강원 원주시 문막읍 귀문로 956,문막읍,N,033-737-4526
강원,원주시,보건진료소,사제보건진료소,220-843,강원 원주시 흥업면 사제로 424,흥업면,N,033-737-4524
강원,원주시,보건진료소,산현보건진료소,220-925,강원 원주시 호저면 칠봉로 380,호저면,N,033-737-4523
강원,원주시,일반보건지소,소초면보건지소,220-835,강원 원주시 소초면 치악로 2790,소초면,N,033-737-4532
강원,원주시,일반보건지소,신림면보건지소,220-862,강원 원주시 신림면 치악로 28,신림면,N,033-737-4539
강원,원주시,일반보건지소,지정면보건지소,220-822,강원 원주시 지정면 간현로 126,지정면,N,033-737-4534
강원,원주시,보건진료소,판대보건진료소,220-824,강원 원주시 지정면 장지길 2,지정면,N,033-737-4528
강원,원주시,일반보건지소,판부면보건지소,220-934,강원 원주시 치악로 1501,관설동,N,033-737-4538
강원,원주시,보건진료소,학곡보건진료소,220-831,강원 원주시 소초면 구룡사로 5,소초면,N,033-737-4521
강원,원주시,일반보건지소,호저면보건지소,220-926,강원 원주시 호저면 호저로 429,호저면,N,033-737-4533
강원,원주시,보건진료소,황둔보건진료소,220-864,강원 원주시 신림면 신림황둔로 1213,신림면,N,033-737-4527
강원,원주시,일반보건지소,흥업면보건지소,220-844,강원 원주시 흥업면 울업1길 3,흥업면,N,033-737-4537
강원,인제군,보건소,인제군보건소,24625,강원 인제군 인제읍 인제로 140번길 34,인제읍,N,033-461-2425
강원,인제군,보건진료소,귀둔보건진료소,24644,강원 인제군 인제읍 점봉산로 99  (귀둔보건진료소),인제읍,N,033-463-4193
강원,인제군,일반보건지소,기린보건지소,24660,강원 인제군 기린면 기린로58번길 5  (기린보건지소),기린면,N,033-461-5274
강원,인제군,일반보건지소,남면보건지소,24649,"강원 인제군 남면 신남로94번길 9, 남면지소",남면,N,033-461-0756
강원,인제군,보건진료소,방동보건진료소,24656,강원 인제군 기린면 조침령로 666  (방동보건진료소),기린면,N,033-463-4537
강원,인제군,보건진료소,북리보건진료소,24654,강원 인제군 기린면 내린천로 4896,기린면,N,033-462-4535
강원,인제군,일반보건지소,북면보건지소,24613,강원 인제군 북면 금강로 62,북면,N,033-461-6628
강원,인제군,일반보건지소,상남보건지소,24664,강원 인제군 상남면 상남로 42  (상남보건지소),상남면,N,033-461-6958
강원,인제군,일반보건지소,서화보건지소,24603,강원 인제군 서화면 천도로 114번길 9-10,서화면,N,033-462-4176
강원,인제군,보건진료소,서화보건진료소,24600,강원 인제군 서화면 금강로 1739,서화면,N,033-463-4283
강원,인제군,보건진료소,용대보건진료소,24605,강원 인제군 북면 미시령로 1158  (용대보건진료소),북면,N,033-462-4197
강원,정선군,보건소,정선군보건소,233-804,강원 정선군 정선읍 녹송로 33,정선읍,N,033-562-4000
강원,정선군,보건진료소,고성보건진료소,233-821,강원 정선군 신동읍 창말길 26,신동읍,N,033-378-0939
강원,정선군,통합보건지소,고한사북보건지소,233-813,강원 정선군 고한읍 물한리길 10,고한읍,N,033-592-2628
강원,정선군,보건진료소,광락보건진료소,233-831,강원 정선군 남면 광락로 46,남면,N,033-591-0005
강원,정선군,보건진료소,광하보건진료소,233-801,강원 정선군 정선읍 망하길 87,정선읍,N,033-562-6979
강원,정선군,보건진료소,구절보건진료소,26104,강원 정선군 여량면 구절양지말길 28 . (구절보건진료소),여량면,N,033-562-5146
강원,정선군,일반보건지소,남면보건지소,233-834,강원 정선군 남면 별어곡1길 59,남면,N,033-591-1265
강원,정선군,보건진료소,도전보건진료소,233-871,강원 정선군 임계면 눈꽃마을길 184,임계면,N,033-562-8776
강원,정선군,보건진료소,문래보건진료소,233-874,강원 정선군 임계면 백두대간로 312,임계면,N,033-562-6689
강원,정선군,보건진료소,반천보건진료소,233-873,강원 정선군 임계면 반천고양로 796,임계면,N,033-562-1898
강원,정선군,일반보건지소,북평보건지소,233-851,강원 정선군 북평면 북평6길 34,북평면,N,033-562-9796
강원,정선군,일반보건지소,신동보건지소,233-822,강원 정선군 신동읍 의림로 313,신동읍,N,033-378-7296
강원,정선군,일반보건지소,여량면보건지소,233-845,강원 정선군 여량면 서동로 2885,여량면,N,033-562-1816
강원,정선군,보건진료소,용탄보건진료소,233-805,강원 정선군 정선읍 가리왕산로 290,정선읍,N,033-562-0184
강원,정선군,일반보건지소,임계보건지소,233-872,강원 정선군 임계면 송계8길 9,임계면,N,033-563-1396
강원,정선군,보건진료소,조동보건진료소,233-826,강원 정선군 신동읍 새골길 30,신동읍,N,033-378-2790
강원,정선군,보건진료소,증산보건진료소,26146,강원 정선군 남면 도원2길 25 . (증산보건진료소),남면,N,033-592-4001
강원,정선군,보건진료소,호촌보건진료소,233-862,강원 정선군 화암면 풍촌1길 12-6,화암면,N,033-562-1834
강원,정선군,일반보건지소,화암면보건지소,26116,강원 정선군 화암면 그림바위길 57 . (화암면 보건지소),화암면,N,033-562-2063
강원,철원군,보건소,철원군보건소,24037,강원 철원군 갈말읍 군탄로 16 철원군보건소 (철원군보건소),갈말읍,N,033-450-5550
강원,철원군,일반보건지소,근남보건지소,24064,"강원 철원군 근남면 하오재로 2050-1, 근남면보건지소  (근남면보건지소)",근남면,N,033-450-5656
강원,철원군,일반보건지소,김화보건지소,24054,강원 철원군 김화읍 호국로 6510,김화읍,N,033-450-5652
강원,철원군,보건진료소,내대보건진료소,24028,강원 철원군 갈말읍 두루미로 407 14 내대보건진료소,갈말읍,N,033-450-5853
강원,철원군,보건진료소,대마보건진료소,24000,"강원 철원군 철원읍 대마1길 8, 대마보건진료소  (대마보건진료소)",철원읍,N,033-450-5850
강원,철원군,보건진료소,도창보건진료소,24052,강원 철원군 김화읍 도창3길 11  (도창보건진료소),김화읍,N,033-450-5851
강원,철원군,보건진료소,마현보건진료소,24063,강원 철원군 근남면 마현1길 20-41  (마현보건진료지소),근남면,N,033-450-5855
강원,철원군,건강생활지원센터,서면건강생활지원센터,24057,강원 철원군 서면 무금로48번길 15,서면,N,033-450-5654
강원,철원군,일반보건지소,서면보건지소,24062,강원 철원군 서면 신술2길 38,서면,N,033-450-5655
강원,철원군,보건진료소,양지보건진료소,24009,강원 철원군 동송읍 양지3길 13-20 양지보건진료소 (양지보건진료소),동송읍,N,033-450-5854
강원,철원군,보건진료소,잠곡보건진료소,24065,강원 철원군 근남면 하오재로 1222  (잠곡보건진료소),근남면,N,033-450-5856
강원,철원군,보건진료소,지경보건진료소,24029,강원 철원군 갈말읍 지경안길 22-18  (지경보건진료소),갈말읍,N,033-450-5852
강원,철원군,통합보건지소,철원·동송통합보건지소,24006,강원 철원군 철원읍 금학로255번길 22  (통합보건지소),철원읍,N,033-450-5651
강원,춘천시,보건소,춘천시보건소,200-043,강원 춘천시 중앙로 135,중앙로3가,N,033-250-3550
강원,춘천시,보건진료소,가정보건진료소,200-921,강원 춘천시 남면 충효로 1417,남면,N,033-263-1955
강원,춘천시,보건진료소,고탄보건진료소,200-862,강원 춘천시 사북면 춘화로 510-6,사북면,N,033-243-0213
강원,춘천시,보건진료소,광판보건진료소,200-913,강원 춘천시 남산면 김유정로 209,남산면,N,033-263-1576
강원,춘천시,일반보건지소,남면보건지소,200-922,강원 춘천시 남면 충효로 1130-10,남면,N,033-250-3885
강원,춘천시,일반보건지소,남산면보건지소,200-911,강원 춘천시 남산면 강촌로 331,남산면,N,033-250-3886
강원,춘천시,보건진료소,당림보건진료소,200-832,강원 춘천시 서면 당숲안길 82,서면,N,033-263-2020
강원,춘천시,일반보건지소,동내면보건지소,200-881,강원 춘천시 동내면 동내로 78,동내면,N,033-250-3882
강원,춘천시,일반보건지소,동면보건지소,200-853,강원 춘천시 동면 가산로 69,동면,N,033-250-3883
강원,춘천시,일반보건지소,동산면보건지소,200-841,강원 춘천시 동산면 조양길 270,동산면,N,033-250-3884
강원,춘천시,보건진료소,방동보건진료소,200-831,강원 춘천시 서면 방동길 7,서면,N,033-243-4082
강원,춘천시,일반보건지소,북산면보건지소,209-826,강원 춘천시 북산면 북산로 493,북산면,N,033-250-3889
강원,춘천시,일반보건지소,사북면보건지소,200-861,강원 춘천시 사북면 영서로 4723,사북면,N,033-250-3888
강원,춘천시,보건진료소,상걸보건진료소,200-851,강원 춘천시 동면 가락재로 1340,동면,N,033-244-1527
강원,춘천시,일반보건지소,서면보건지소,200-831,강원 춘천시 서면 금산길 31,서면,N,033-250-3887
강원,춘천시,보건진료소,서상보건진료소,200-835,강원 춘천시 서면 박사로 1348-30,서면,N,033-244-5625
강원,춘천시,보건진료소,서천보건진료소,200-914,강원 춘천시 남산면 서백길 171,남산면,N,033-263-4783
강원,춘천시,일반보건지소,신동면보건지소,200-812,강원 춘천시 신동면 김유정로 1418,신동면,N,033-250-3895
강원,춘천시,일반보건지소,신북읍보건지소,200-821,강원 춘천시 신북읍 율문길 75,신북읍,N,033-250-3863
강원,춘천시,보건진료소,오동보건진료소,200-822,강원 춘천시 신북읍 샘뜨락길 37,신북읍,N,033-241-6962
강원,춘천시,보건진료소,원창보건진료소,200-843,강원 춘천시 동산면 새술막길 655,동산면,N,033-261-3325
강원,춘천시,보건진료소,조교보건진료소,250-826,강원 춘천시 북산면 원동조교로 392-26,북산면,N,033-243-9760
강원,춘천시,보건진료소,지내보건진료소,200-822,강원 춘천시 신북읍 성문1길 64,신북읍,N,033-244-6902
강원,춘천시,보건진료소,지암보건진료소,200-864,강원 춘천시 사북면 화악지암길 439-3,사북면,N,033-243-5225
강원,태백시,보건소,태백시보건소,26027,"강원 태백시 태백로 905  (황지동, 보건소)",황지동,N,033-552-4000
강원,태백시,보건진료소,사조보건진료소,26001,"강원 태백시 백두대간로 1298  (상사미동, 사조보건진료소)",상사미동,N,033-550-2715
강원,태백시,일반보건지소,철암보건지소,26045,"강원 태백시 철암길 16  (철암동, 철암보건지소)",철암동,N,033-550-2717
강원,평창군,보건의료원,평창군보건의료원,25374,강원 평창군 평창읍 노성로 11 보건의료원,평창읍,N,033-332-4000
강원,평창군,보건진료소,개수보건진료소,232-911,강원 평창군 대화면 금당계곡로 832,대화면,N,033-332-5160
강원,평창군,보건진료소,거문보건진료소,232-942,강원 평창군 진부면 거문길 13-3,진부면,N,033-336-5166
강원,평창군,보건진료소,계촌보건진료소,232-812,강원 평창군 방림면 운지로 294-14,방림면,N,033-332-5158
강원,평창군,보건진료소,고길보건진료소,232-802,강원 평창군 평창읍 고길천4길 13-15,평창읍,N,033-332-5155
강원,평창군,보건진료소,다수보건진료소,232-801,강원 평창군 평창읍 숫돌고개길 16,평창읍,N,033-336-5156
강원,평창군,일반보건지소,대관령보건지소,232-954,강원 평창군 대관령면 대관령로 63,대관령면,N,033-336-6129
강원,평창군,일반보건지소,대화보건지소,232-917,강원 평창군 대화면 남산1길 36,대화면,N,033-332-6125
강원,평창군,보건진료소,도돈보건진료소,232-804,강원 평창군 평창읍 평창강로 854,평창읍,N,033-332-5157
강원,평창군,보건진료소,두일보건진료소,232-943,강원 평창군 진부면 방아다리로 338-3,진부면,N,033-336-5167
강원,평창군,보건진료소,등매보건진료소,232-924,강원 평창군 봉평면 금당계곡로 1777-9,봉평면,N,033-332-5162
강원,평창군,보건진료소,면온보건진료소,232-922,강원 평창군 봉평면 진조길 14,봉평면,N,033-332-5163
강원,평창군,일반보건지소,미탄보건지소,232-822,강원 평창군 미탄면 미탄문화길 37,미탄면,N,033-332-6123
강원,평창군,일반보건지소,방림보건지소,232-816,강원 평창군 방림면 방림1길 14,방림면,N,033-332-6124
강원,평창군,일반보건지소,봉평보건지소,232-925,강원 평창군 봉평면 기풍8길 32-4,봉평면,N,033-336-6126
강원,평창군,보건진료소,속사보건진료소,232-931,강원 평창군 용평면 양지길 10,용평면,N,033-332-5165
강원,평창군,보건진료소,수항보건진료소,232-944,강원 평창군 진부면 오대천로 924,진부면,N,033-332-5168
강원,평창군,보건진료소,신리보건진료소,232-916,강원 평창군 대화면 고토곡길 8,대화면,N,033-332-5161
강원,평창군,보건진료소,용산보건진료소,232-952,강원 평창군 대관령면 큰터길 21,대관령면,N,033-336-5169
강원,평창군,일반보건지소,용평보건지소,232-933,강원 평창군 용평면 갈정지길 6,용평면,N,033-332-6127
강원,평창군,보건진료소,유천보건진료소,232-953,강원 평창군 대관령면 전나무길 8,대관령면,N,033-332-5170
강원,평창군,건강생활지원센터,평창군건강생활지원센터,25325,강원 평창군 진부면 석두산2길 13 건강생활지원센터 (진부면사무소),진부면,N,033-330-2147
강원,평창군,보건진료소,하안미보건진료소,232-913,강원 평창군 대화면 동천길 91,대화면,N,033-332-5159
강원,홍천군,보건소,홍천군보건소,25135,강원 홍천군 홍천읍 신장대로 5 홍천군보건소 (홍천군보건소),홍천읍,N,033-430-4000
강원,홍천군,보건진료소,개운보건진료소,25153,강원 홍천군 동면 성수개운길 178 개운보건진료소 (개운리보건진료소),동면,N,033-436-6465
강원,홍천군,보건진료소,검산보건진료소,25167,강원 홍천군 서석면 용오름길 28-6 검산보건진료소 (검산리보건진료소),서석면,N,033-436-4929
강원,홍천군,보건진료소,광원보건진료소,25170,강원 홍천군 내면 구룡령로 6391 광원보건진료소 (광원보건진료소),내면,Y,033-435-5703
강원,홍천군,보건진료소,구성포보건진료소,25156,강원 홍천군 화촌면 가락재로 1176 구성포보건진료소 (구성포보건진료소),화촌면,N,033-435-5556
강원,홍천군,보건진료소,굴업보건진료소,25103,강원 홍천군 서면 한서로 2119-7 굴업보건진료소 (굴업보건진료소),서면,N,033-435-7270
강원,홍천군,일반보건지소,남면보건지소,25108,강원 홍천군 남면 양덕원로 104 남면보건지소 (남면보건지소),남면,N,033-432-4143
강원,홍천군,일반보건지소,내면보건지소,25171,강원 홍천군 내면 창촌로 57-15 내면보건지소 (내면보건지소),내면,Y,033-432-6093
강원,홍천군,일반보건지소,내촌면보건지소,25161,강원 홍천군 내촌면 도관길 22-4 내촌보건지소 (내촌면보건지소),내촌면,N,033-433-3006
강원,홍천군,일반보건지소,동면보건지소,25154,강원 홍천군 동면 공작산로 495 동면보건지소 (동면보건지소),동면,N,033-436-6551
강원,홍천군,일반보건지소,두촌면보건지소,25160,강원 홍천군 두촌면 자은장터길 4-4 두촌보건지소 (두촌면보건지소),두촌면,N,033-435-2484
강원,홍천군,보건진료소,모곡보건진료소,25100,강원 홍천군 서면 한서로 891 모곡보건진료소 (모곡보건진료소),서면,Y,033-434-1073
강원,홍천군,보건진료소,물걸보건진료소,25162,강원 홍천군 내촌면 동창로 181번길 7,내촌면,N,033-435-3279
강원,홍천군,보건진료소,방내보건진료소,25169,강원 홍천군 내면 방내시장길 19 방내보건진료소 (방내보건진료소),내면,Y,033-435-0846
강원,홍천군,건강생활지원센터,북방면건강생활지원센터,25115,강원 홍천군 북방면 상화계2길 17 북방면건강생활지원센터,북방면,N,033-430-4132
강원,홍천군,일반보건지소,서면보건지소,25101,강원 홍천군 서면 팔봉산로 621 서면보건지소 (서면보건지소),서면,N,033-430-0222
강원,홍천군,일반보건지소,서석면보건지소,25166,강원 홍천군 서석면 풍암길 12 서석보건지소 (서석면보건지소),서석면,N,033-433-5454
강원,홍천군,보건진료소,성동보건진료소,25113,강원 홍천군 북방면 성동로 841 성동보건진료소 (성동보건지소),북방면,N,033-433-0816
강원,홍천군,보건진료소,수하보건진료소,25165,강원 홍천군 서석면 행치령로 710 수하보건진료소 (서석면보건진료소),서석면,N,033-435-4919
강원,홍천군,보건진료소,시동보건진료소,25109,강원 홍천군 남면 시동안로 277 17 시동보건진료소,남면,N,033-432-4711
강원,홍천군,보건진료소,어유포보건진료소,25101,강원 홍천군 서면 팔봉산로 1178-19 19 (어유포보건진료소),서면,N,033-434-0068
강원,홍천군,보건진료소,역전평보건진료소,25111,강원 홍천군 북방면 팔봉산로 2215 역전평보건진료소 (역전평리보건소),북방면,N,033-261-5217
강원,홍천군,보건진료소,장평보건진료소,25159,강원 홍천군 화촌면 구룡령로 1171-3 장평보건진료소 (장평보건진료소),화촌면,N,033-433-0667
강원,홍천군,보건진료소,제곡보건진료소,25106,강원 홍천군 남면 남노일로 579 제곡보건진료소 (제곡보건진료소),남면,N,033-435-3897
강원,홍천군,보건진료소,좌운보건진료소,25155,강원 홍천군 동면 금계로 1547 좌운보건진료소 (좌운보건진료소),동면,N,033-435-5682
강원,홍천군,보건진료소,철정보건진료소,25164,강원 홍천군 두촌면 한계길 37 철정보건진료소,두촌면,N,033-435-2369
강원,홍천군,보건진료소,청량보건진료소,25168,강원 홍천군 서석면 청량로 19 청량보건진료소 (청량보건진료소),서석면,N,033-433-4921
강원,홍천군,일반보건지소,화촌면보건지소,25157,강원 홍천군 화촌면 성산로 135 화촌보건지소 (화촌면보건지소),화촌면,N,033-432-2805
강원,화천군,보건의료원,화천군보건의료원,24119,"강원 화천군 화천읍 강변로 111, 화천보건의료원",화천읍,N,033-441-4000
강원,화천군,일반보건지소,간동보건지소,24138,"강원 화천군 간동면 파로호로 934, 간동보건지소",간동면,N,033-442-5049
강원,화천군,보건진료소,다목보건진료소,24104,강원 화천군 상서면 다목1길 25  다목보건진료소,상서면,N,033-441-7224
강원,화천군,보건진료소,봉오보건진료소,24103,강원 화천군 상서면 신월동로 24 봉오보건진료소,상서면,N,033-441-7188
강원,화천군,일반보건지소,사내보건지소,24157,강원 화천군 사내면 문화마을1길 55 사내보건지소,사내면,N,033-441-4203
강원,화천군,보건진료소,산양보건진료소,24101,강원 화천군 상서면 영서로 7759-17 산양보건진료소,상서면,N,033-442-6121
강원,화천군,일반보건지소,상서보건지소,24106,강원 화천군 상서면 하양지길 38 상서보건지소,상서면,N,033-441-6208
강원,화천군,보건진료소,오음보건진료소,24137,강원 화천군 간동면 간척월명로 292 오음보건진료소,간동면,N,033-442-5207
강원,화천군,보건진료소,용암보건진료소,24140,강원 화천군 하남면 용화산로 1292 용암보건진료소,하남면,N,033-441-2919
강원,화천군,보건진료소,풍산보건진료소,24109,강원 화천군 화천읍 평화로 1285 풍산보건진료소,화천읍,N,033-441-3289
강원,화천군,일반보건지소,하남보건지소,24145,"강원 화천군 하남면 영서로 5496-5, 하남보건지소",하남면,N,033-441-3603
강원,횡성군,보건소,횡성군보건소,25234,강원 횡성군 횡성읍 횡성로  379 (횡성보건소),횡성읍,N,033-340-5612
강원,횡성군,보건진료소,가곡보건진료소,225-871,강원 횡성군 공근면 금계로가곡1길 3,공근면,N,033-342-3404
강원,횡성군,일반보건지소,갑천보건지소,225-843,강원 횡성군 갑천면 청정로매일3길 4,갑천면,N,033-340-5751
강원,횡성군,일반보건지소,강림보건지소,225-881,강원 횡성군 강림면 태종로 42,강림면,N,033-340-5791
강원,횡성군,일반보건지소,공근보건지소,225-874,강원 횡성군 공근면 학담시장길 12,공근면,N,033-340-5771
강원,횡성군,일반보건지소,둔내보건지소,225-834,강원 횡성군 둔내면 둔내로51번길 17,둔내면,N,033-340-5741
강원,횡성군,보건진료소,봉덕보건진료소,225-851,강원 횡성군 청일면 봉덕로 305,청일면,N,033-342-5619
강원,횡성군,일반보건지소,서원보건지소,225-861,강원 횡성군 서원면 서원로 164,서원면,N,033-340-5781
강원,횡성군,보건진료소,소사보건진료소,225-823,강원 횡성군 안흥면 봉화로소사9길 43,안흥면,N,033-342-9704
강원,횡성군,일반보건지소,안흥보건지소,225-821,강원 횡성군 안흥면 안흥로 31,안흥면,N,033-340-5731
강원,횡성군,일반보건지소,우천보건지소,225-814,강원 횡성군 우천면 우항1길 5-34,우천면,N,033-340-5721
강원,횡성군,보건진료소,유현보건진료소,225-863,강원 횡성군 서원면 경강로유현11길 2,서원면,N,033-342-0087
강원,횡성군,보건진료소,정금보건진료소,225-815,강원 횡성군 우천면 하궁로 21,우천면,N,033-342-2606
강원,횡성군,일반보건지소,청일보건지소,225-852,강원 횡성군 청일면 유동로 17-1,청일면,N,033-340-5761
강원,횡성군,보건진료소,추동보건진료소,225-842,강원 횡성군 갑천면 외갑천로 247,갑천면,N,033-342-0429
강원,횡성군,보건진료소,하대보건진료소,225-841,강원 횡성군 갑천면 갑천로 595,갑천면,N,033-345-3938
강원,횡성군,보건진료소,화동보건진료소,225-833,강원 횡성군 둔내면 경강로 5369,둔내면,N,033-345-2283
충북,괴산군,보건소,괴산군보건소,28033,충북 괴산군 괴산읍 동진천길 43  (괴산군보건소),괴산읍,N,043-832-4000
충북,괴산군,일반보건지소,감물보건지소,28006,충북 괴산군 감물면 충민로신대길 13-1 . (감물보건지소),감물면,N,043-833-8303
충북,괴산군,보건진료소,강천보건진료소,28047,충북 괴산군 사리면 모래재로 921 . (강천보건진료소),사리면,N,043-833-3583
충북,괴산군,보건진료소,내응보건진료소,28011,충북 괴산군 연풍면 유상2길 29 . (내응보건진료소),연풍면,N,043-833-5458
충북,괴산군,보건진료소,대후보건진료소,28060,충북 괴산군 청천면 대티길 290 . (대후보건진료소),청천면,N,043-832-4679
충북,괴산군,보건진료소,덕평보건진료소,28058,충북 괴산군 청천면 송문로덕평길 23  (덕평진료소),청천면,N,043-833-6166
충북,괴산군,보건진료소,몽촌보건진료소,28040,충북 괴산군 소수면 원소로몽촌1길 9  (몽촌보건진료소),소수면,N,043-832-8384
충북,괴산군,일반보건지소,문광보건지소,28057,충북 괴산군 문광면 광덕길 21-14 문광보건지소,문광면,N,043-833-1539
충북,괴산군,보건진료소,방곡보건진료소,28008,충북 괴산군 장연면 충민로 1580  (방곡보건진료소),장연면,N,043-832-7304
충북,괴산군,일반보건지소,부흥보건지소,28053,충북 괴산군 청안면 금평로 451  (부흥보건지소),청안면,N,043-833-9302
충북,괴산군,일반보건지소,불정보건지소,28002,충북 괴산군 불정면 한불로 1562  (불정보건소),불정면,N,043-833-7305
충북,괴산군,일반보건지소,사리보건지소,28046,충북 괴산군 사리면 모래재로 355  (사리보건진료소),사리면,N,043-836-7303
충북,괴산군,보건진료소,삼방보건진료소,28000,"충북 괴산군 불정면 쇠실로 285, A동  (삼방보건진료소)",불정면,N,043-833-4137
충북,괴산군,보건진료소,세평보건진료소,28003,충북 괴산군 불정면 관동로세평4길 13  (괴산군보건소세평진료소),불정면,N,043-833-7293
충북,괴산군,일반보건지소,소수보건지소,28041,충북 괴산군 소수면 소수로 157-6  (소수보건지소),소수면,N,043-832-8302
충북,괴산군,일반보건지소,송면보건지소,28065,충북 괴산군 청천면 송문로 26  (괴산군보건소송면지소),청천면,N,043-833-8302
충북,괴산군,보건진료소,신기보건진료소,28022,충북 괴산군 괴산읍 관동로 533-3  (신기보건진료소),괴산읍,N,043-832-3716
충북,괴산군,보건진료소,신대보건진료소,28010,충북 괴산군 장연면 담바우길 47  (신대보건진료소),장연면,N,043-832-6281
충북,괴산군,보건진료소,신월보건진료소,28064,"충북 괴산군 청천면 괴산로신월3길 5, 가동  (신월보건소)",청천면,N,043-833-1092
충북,괴산군,일반보건지소,연풍보건지소,28013,충북 괴산군 연풍면 향교로 51  (괴산보건소연풍지소),연풍면,N,043-833-5304
충북,괴산군,보건진료소,외사보건진료소,28016,충북 괴산군 칠성면 명태재로외사5길 26  (괴산보건소외사진료소),칠성면,N,043-832-5836
충북,괴산군,보건진료소,운곡보건진료소,28052,충북 괴산군 청안면 질마로 902-5  (운곡보건진료소),청안면,N,043-832-9745
충북,괴산군,보건진료소,이담보건진료소,28004,충북 괴산군 감물면 잉어수2길 3  (이담보건진료소),감물면,N,043-833-3716
충북,괴산군,일반보건지소,장연보건지소,28009,충북 괴산군 장연면 미선로오가3길 7-16  (장연보건지소),장연면,N,043-832-7302
충북,괴산군,보건진료소,중흥보건진료소,28045,충북 괴산군 사리면 중흥로4길 16-2  (중흥보건진료소),사리면,N,043-836-7269
충북,괴산군,보건진료소,지경보건진료소,28048,충북 괴산군 청천면 괴산로 2567  (지경리보건진료소),청천면,N,043-832-9289
충북,괴산군,일반보건지소,청안보건지소,28050,충북 괴산군 청안면 청안읍내로 21  (청안보건지소),청안면,N,043-836-9303
충북,괴산군,일반보건지소,청천보건지소,28063,충북 괴산군 청천면 금관로 473  (청천보건지소),청천면,N,043-832-4304
충북,괴산군,보건진료소,추산보건진료소,28000,충북 괴산군 불정면 동추산1길 12  (추산보건진료소),불정면,N,043-833-4133
충북,괴산군,일반보건지소,칠성보건지소,28019,"충북 괴산군 칠성면 도정로 50, 나동  (칠성면의용소방대)",칠성면,N,043-832-5303
충북,단양군,보건소,단양군보건소,27013,충북 단양군 단양읍 삼봉로 53  (단양군 보건소),단양읍,N,043-420-3201
충북,단양군,일반보건지소,가곡보건지소,395-821,충북 단양군 가곡면 사평1길 9-2,가곡면,N,043-420-3297
충북,단양군,보건진료소,가대보건진료소,395-821,충북 단양군 가곡면 가대궁골1길 20,가곡면,N,043-420-3382
충북,단양군,보건진료소,가산보건진료소,395-861,충북 단양군 단성면 가산3길 10,단성면,N,043-420-3383
충북,단양군,보건진료소,가평보건진료소,27002,충북 단양군 매포읍 가평10길 16,매포읍,N,043-420-3377
충북,단양군,보건진료소,각기보건진료소,395-851,충북 단양군 적성면 적성로 201,적성면,N,043-420-3384
충북,단양군,보건진료소,고평보건진료소,395-862,충북 단양군 단성면 설마로 154,단성면,N,043-420-3385
충북,단양군,보건진료소,노동보건진료소,395-802,충북 단양군 단양읍 단양노동길 1-17,단양읍,N,043-420-3386
충북,단양군,일반보건지소,단성보건지소,395-862,충북 단양군 단성면 충혼로 52-1,단성면,N,043-420-3288
충북,단양군,일반보건지소,대강보건지소,395-813,충북 단양군 대강면 단양로 176,대강면,N,043-420-3294
충북,단양군,보건진료소,대대보건진료소,395-821,충북 단양군 가곡면 새밭로 469-17,가곡면,N,043-420-3387
충북,단양군,보건진료소,덕문곡보건진료소,395-842,충북 단양군 어상천면 연곡심곡로 166,어상천면,N,043-420-3389
충북,단양군,일반보건지소,매포보건지소,395-904,충북 단양군 매포읍 평동33길 3,매포읍,N,043-420-3284
충북,단양군,보건진료소,별방보건진료소,395-834,충북 단양군 영춘면 별방창원로 439-5,영춘면,N,043-420-3393
충북,단양군,보건진료소,보발보건진료소,395-823,충북 단양군 가곡면 보발본동1길 12,가곡면,N,043-420-3394
충북,단양군,보건진료소,석교보건진료소,395-841,충북 단양군 어상천면 석교1길 28-3,어상천면,N,043-420-3395
충북,단양군,일반보건지소,어상천보건지소,395-841,충북 단양군 어상천면 매포어상천로 1257-16,어상천면,N,043-420-3359
충북,단양군,보건진료소,여천보건진료소,27008,충북 단양군 가곡면 여천1길 28,가곡면,N,043-422-8213
충북,단양군,일반보건지소,영춘보건지소,395-832,충북 단양군 영춘면 온달평강로 39,영춘면,N,043-420-3375
충북,단양군,보건진료소,의풍보건진료소,395-837,충북 단양군 영춘면 영단로 1671-2,영춘면,N,043-420-3397
충북,단양군,보건진료소,장정보건진료소,27029,충북 단양군 대강면 장정길 11  (장정보건진료소),대강면,N,043-420-3398
충북,단양군,일반보건지소,적성보건지소,27014,충북 단양군 적성면 금수산로 957-2  (적성보건지소),적성면,N,043-420-3364
충북,단양군,보건진료소,황정보건진료소,395-813,충북 단양군 대강면 황정1길 36-6,대강면,N,043-420-3399
충북,보은군,보건소,보은군보건소,28943,충북 보은군 보은읍 동광길 50 (보은군보건소),보은읍,N,043-540-5600
충북,보은군,보건진료소,강신보건진료소,28915,충북 보은군 보은읍 강신1길 34  (강신보건진료소),보은읍,N,043-542-2035
충북,보은군,보건진료소,고석보건진료소,28927,충북 보은군 회인면 고석길 6  (고석보건진료소),회인면,N,043-542-9515
충북,보은군,보건진료소,궁보건진료소,376-811,충북 보은군 내북면 산척상궁로 370-121 (궁보건진료소),내북면,N,043-542-0838
충북,보은군,보건진료소,기대보건진료소,376-853,충북 보은군 마로면 기대2길 23 (기대보건진료소),마로면,N,043-542-3129
충북,보은군,일반보건지소,내북보건지소,376-812,충북 보은군 내북면 남부로 6239 (내북보건지소),내북면,N,043-540-5711
충북,보은군,통합보건지소,동부통합보건지소,376-853,충북 보은군 마로면 관기송현로 65 (동부통합보건지소),마로면,N,043-540-5676
충북,보은군,보건진료소,동정보건진료소,376-882,충북 보은군 수한면 안내수한로 1077 (동정보건진료소),수한면,N,043-542-5558
충북,보은군,보건진료소,매화보건진료소,376-832,충북 보은군 탄부면 덕동고승로 294 (매화보건진료소),탄부면,N,043-542-8076
충북,보은군,보건진료소,묘서보건진료소,28921,충북 보은군 수한면 묘서광촌길 3 (묘서보건진료소),수한면,N,043-542-2092
충북,보은군,보건진료소,북암보건진료소,28907,충북 보은군 속리산면 북암1길 36 (북암보건진료소),속리산면,N,043-542-4684
충북,보은군,보건진료소,산대보건진료소,28901,충북 보은군 산외면 내북산외로 788-6  (산대보건진료소),산외면,N,043-542-4271
충북,보은군,일반보건지소,산외보건지소,28903,충북 보은군 산외면 구티1길 19-5  (산외면보건지소),산외면,N,043-540-5716
충북,보은군,일반보건지소,삼승보건지소,28925,충북 보은군 삼승면 원남로1길 39 (삼승면보건지소),삼승면,N,043-540-5691
충북,보은군,보건진료소,세중보건진료소,28966,충북 보은군 마로면 세중2길 34-1  (세중보건진료소),마로면,N,043-542-3740
충북,보은군,일반보건지소,속리산보건지소,28908,충북 보은군 속리산면 법주사로 248-22  (속리산면보건지소),속리산면,N,043-540-5661
충북,보은군,보건진료소,송죽보건진료소,28923,충북 보은군 삼승면 거현송죽로 451  (송죽보건진료소),삼승면,N,043-542-7191
충북,보은군,보건진료소,신대보건진료소,28930,충북 보은군 회인면 신대2길 3  (신대보건진료소),회인면,N,043-542-9510
충북,보은군,보건진료소,장갑보건진료소,28902,충북 보은군 산외면 산외로 690 (장갑보건진료소),산외면,N,043-542-4797
충북,보은군,보건진료소,장안보건진료소,28912,충북 보은군 장안면 장안로 7-2  (장안보건진료소),장안면,N,043-542-6108
충북,보은군,보건진료소,중초보건진료소,28917,충북 보은군 보은읍 장속중초로 327-23  (중초보건진료소),보은읍,N,043-542-1675
충북,보은군,일반보건지소,탄부보건지소,28961,충북 보은군 탄부면 삼승탄부로 697 (탄부면보건지소),탄부면,N,043-540-5681
충북,보은군,일반보건지소,회남면보건지소,28931,"충북 보은군 회남면 회남로 1901, 보건지소 회남면보건지소 (회남면사무소)",회남면,N,043-540-5791
충북,보은군,일반보건지소,회인면보건지소,28929,충북 보은군 회인면 회인로 48-7  (회인보건지소),회인면,N,043-540-5701
충북,영동군,보건소,영동군보건소,29150,"충북 영동군 영동읍 반곡동길 7, 건강증진센터  (영동군보건소)",영동읍,N,043-740-5600
충북,영동군,보건진료소,궁촌보건진료소,29124,충북 영동군 상촌면 상촌로 834  (궁촌보건진료소),상촌면,N,043-743-3523
충북,영동군,보건진료소,기호보건진료소,29106,충북 영동군 심천면 양산심천로 803  (기호보건진료소),심천면,N,043-744-8270
충북,영동군,보건진료소,남전보건진료소,29155,충북 영동군 양강면 괴목산막로 272  (남전보건진료소),양강면,N,043-744-3011
충북,영동군,보건진료소,누교보건진료소,29160,충북 영동군 양산면 천태산로 362-1  (누교보건진료소),양산면,N,043-743-8833
충북,영동군,일반보건지소,매곡보건지소,29121,충북 영동군 매곡면 민주지산로 3594-2  (매곡보건지소),매곡면,N,043-743-2018
충북,영동군,보건진료소,매금보건진료소,29108,충북 영동군 용산면 남부로 1402  (매금보건진료소),용산면,N,043-742-8164
충북,영동군,보건진료소,물한보건진료소,29126,충북 영동군 상촌면 물한계곡로 1105  (물한보건진료소),상촌면,N,043-745-0030
충북,영동군,보건진료소,범화보건진료소,29167,충북 영동군 학산면 용화양강로 1491  (범화보건진료소),학산면,N,043-744-1279
충북,영동군,보건진료소,부상보건진료소,29100,충북 영동군 용산면 부상1길 17  (부상보건진료소),용산면,N,043-744-3590
충북,영동군,일반보건지소,상촌보건지소,29123,충북 영동군 상촌면 임산4길 9  (상촌보건지소),상촌면,N,043-743-3521
충북,영동군,보건진료소,신안보건진료소,29119,충북 영동군 추풍령면 신안로 486  (신안보건진료소),추풍령면,N,043-742-3318
충북,영동군,보건진료소,심원보건진료소,29132,충북 영동군 영동읍 심원회포로 321  (심원보건진료소),영동읍,N,043-744-4584
충북,영동군,일반보건지소,심천보건지소,29103,충북 영동군 심천면 심천로 88-1  (심천보건지소),심천면,N,043-742-6069
충북,영동군,일반보건지소,양강보건지소,29155,충북 영동군 양강면 괴목로 19  (양강보건지소),양강면,N,043-744-4211
충북,영동군,일반보건지소,양산보건지소,29161,충북 영동군 양산면 학산양산로 317  (양산보건소),양산면,N,043-743-8805
충북,영동군,보건진료소,어촌보건진료소,29122,충북 영동군 매곡면 괘방령로 555  (어촌보건진료소),매곡면,N,043-743-2519
충북,영동군,일반보건지소,용산보건지소,29110,충북 영동군 용산면 용산로 385  (용산보건지소),용산면,N,043-742-9587
충북,영동군,보건진료소,용암보건진료소,29112,충북 영동군 황간면 하용암2길 4  (용암보건진료소),황간면,N,043-742-9060
충북,영동군,일반보건지소,용화보건지소,29158,충북 영동군 용화면 용화양강로 30  (용화보건지소),용화면,N,043-743-7017
충북,영동군,보건진료소,조동보건진료소,29159,충북 영동군 용화면 민주지산로 781  (조동보건진료소),용화면,N,043-745-1228
충북,영동군,보건진료소,죽산보건진료소,29162,충북 영동군 양산면 양산심천로 307,양산면,N,043-743-8834
충북,영동군,보건진료소,지내보건진료소,29164,충북 영동군 학산면 넘벌2길 3  (지내진료보건소),학산면,N,043-745-9388
충북,영동군,일반보건지소,추풍령보건지소,29120,충북 영동군 추풍령면 추풍령로4길 22,추풍령면,N,043-742-3371
충북,영동군,보건진료소,하도대보건진료소,29125,충북 영동군 상촌면 민주지산로 2691  (하도대보건진료소),상촌면,N,043-743-5233
충북,영동군,일반보건지소,학산보건지소,29166,충북 영동군 학산면 서산로 68  (학산보건지소),학산면,N,043-743-5758
충북,영동군,보건진료소,화신보건진료소,29128,충북 영동군 영동읍 당곡로 13  (화신보건진료소),영동읍,N,043-743-0657
충북,영동군,일반보건지소,황간보건지소,29115,충북 영동군 황간면 남성2길 11  (황간보건지소),황간면,N,043-742-4921
충북,옥천군,보건소,옥천군보건소,373-809,충북 옥천군 옥천읍 삼양로8길 10,옥천읍,N,043-730-2114
충북,옥천군,보건진료소,개심보건진료소,373-862,충북 옥천군 이원면 이원로 378,이원면,N,043-732-3923
충북,옥천군,보건진료소,국원보건진료소,373-852,충북 옥천군 군북면 석호길 5,군북면,N,043-732-5716
충북,옥천군,일반보건지소,군북보건지소,373-853,충북 옥천군 군북면 이백길 8,군북면,N,043-730-2090
충북,옥천군,일반보건지소,군서보건지소,373-841,충북 옥천군 군서면 성왕로 540,군서면,N,043-730-2080
충북,옥천군,보건진료소,대정보건진료소,373-851,충북 옥천군 군북면 비야대정로 733,군북면,N,043-732-5753
충북,옥천군,보건진료소,도곡보건진료소,373-883,충북 옥천군 청성면 남부로 3180,청성면,N,043-732-9603
충북,옥천군,보건진료소,동대보건진료소,373-812,충북 옥천군 안내면 안내보은로 226,안내면,N,043-732-6630
충북,옥천군,일반보건지소,동이보건지소,373-831,충북 옥천군 동이면 평산길 14,동이면,N,043-730-2022
충북,옥천군,보건진료소,묘금보건진료소,373-882,충북 옥천군 청성면 묘금3길 29,청성면,N,043-732-9592
충북,옥천군,보건진료소,석탄보건진료소,373-831,충북 옥천군 동이면 안터2길 8,동이면,N,043-733-3820
충북,옥천군,보건진료소,신매보건진료소,373-872,충북 옥천군 청산면 신매길 18,청산면,N,043-732-9594
충북,옥천군,일반보건지소,안남보건지소,373-822,충북 옥천군 안남면 연주길 46,안남면,N,043-730-2032
충북,옥천군,일반보건지소,안내보건지소,373-813,충북 옥천군 안내면 현리길 66,안내면,N,043-730-2040
충북,옥천군,보건진료소,예곡보건진료소,373-873,충북 옥천군 청산면 예곡2길 7,청산면,N,043-732-8821
충북,옥천군,보건진료소,우산보건진료소,373-832,충북 옥천군 동이면 금강로 694,동이면,N,043-732-3761
충북,옥천군,보건진료소,원동보건진료소,373-863,충북 옥천군 이원면 원동3길 9,이원면,N,043-732-3924
충북,옥천군,보건진료소,은행보건진료소,373-842,충북 옥천군 군서면 은행1길 25,군서면,N,043-732-4060
충북,옥천군,보건진료소,의동보건진료소,373-871,충북 옥천군 청산면 의지길 245,청산면,N,043-732-8937
충북,옥천군,일반보건지소,이원보건지소,373-861,충북 옥천군 이원면 신흥4길 17-1,이원면,N,043-730-2070
충북,옥천군,보건진료소,증약보건진료소,373-851,충북 옥천군 군북면 증약1길 10-5,군북면,N,043-732-5005
충북,옥천군,보건진료소,지수보건진료소,373-822,충북 옥천군 안남면 안남로 796,안남면,N,043-731-8135
충북,옥천군,일반보건지소,청산보건지소,373-874,충북 옥천군 청산면 지전길 32-13,청산면,N,043-730-2060
충북,옥천군,일반보건지소,청성보건지소,373-881,충북 옥천군 청성면 산계길 49,청성면,N,043-730-2050
충북,옥천군,보건진료소,화성보건진료소,373-881,충북 옥천군 청성면 한두레로 17,청성면,N,043-732-9593
충북,음성군,보건소,음성군보건소,27705,충북 음성군 음성읍 중앙로 49  (음성군보건소),음성읍,N,043-872-2136
충북,음성군,일반보건지소,감곡보건지소,27604,충북 음성군 감곡면 장감로124번길 15  (감곡보건지소),감곡면,N,043-871-2290
충북,음성군,보건진료소,관성보건진료소,27621,충북 음성군 생극면 생삼로295번길 15,생극면,N,043-871-2216
충북,음성군,일반보건지소,금왕보건지소,27630,충북 음성군 금왕읍 무극로 221  (금왕읍사무소),금왕읍,N,043-871-2220
충북,음성군,보건진료소,내곡보건진료소,27642,충북 음성군 금왕읍 금일로454번길 7  (내곡보건진료소),금왕읍,N,043-871-2203
충북,음성군,보건진료소,내산보건진료소,27672,"충북 음성군 대소면 삼양로1042번길 1, 내산보건진료소  (내산보건진료소)",대소면,N,043-871-2211
충북,음성군,보건진료소,능산보건진료소,27648,충북 음성군 삼성면 금율로389번길 45-6  (능산보건진료소),삼성면,N,043-871-2213
충북,음성군,일반보건지소,대소보건지소,27667,충북 음성군 대소면 오태로 57-16  (대소면사무소),대소면,N,043-871-2260
충북,음성군,보건진료소,두성보건진료소,27739,충북 음성군 맹동면 맹골길 142  (두성보건진료소),맹동면,N,043-871-2209
충북,음성군,건강생활지원센터,맹동건강생활지원센터,27738,충북 음성군 맹동면 사예2길 35  (건강생활지원센터),맹동면,N,043-871-2192
충북,음성군,일반보건지소,맹동보건지소,27733,"충북 음성군 맹동면 대동로 33, 맹동보건지소  (맹동면사무소)",맹동면,N,043-871-2250
충북,음성군,보건진료소,봉현보건진료소,27729,충북 음성군 맹동면 봉현로 126  (봉현보건진료소),맹동면,N,043-871-2208
충북,음성군,보건진료소,부윤보건진료소,27677,충북 음성군 대소면 대동로530번길 24  (부윤보건진료소),대소면,N,043-871-2210
충북,음성군,보건진료소,삼생보건진료소,27687,충북 음성군 음성읍 덕생로 335  (삼생보건진료소),음성읍,N,043-871-2201
충북,음성군,일반보건지소,삼성보건지소,27652,"충북 음성군 삼성면 덕정로30번길 8, 삼성보건지소  (삼성면사무소)",삼성면,N,043-871-2270
충북,음성군,보건진료소,상곡보건진료소,27650,충북 음성군 삼성면 청용로127번길 15 상곡보건진료소,삼성면,N,043-871-2214
충북,음성군,보건진료소,상평보건진료소,27614,충북 음성군 감곡면 감노로 156-12  (상평보건진료소),감곡면,N,043-871-2218
충북,음성군,일반보건지소,생극보건지소,27619,충북 음성군 생극면 음성로1626번길 19  (생극보건지소),생극면,N,043-871-2280
충북,음성군,보건진료소,선정보건진료소,27654,충북 음성군 삼성면 천평길 206  (선정보건진료소),삼성면,N,043-871-2212
충북,음성군,일반보건지소,소이보건지소,27712,충북 음성군 소이면 소이로 409  (소이면사무소),소이면,N,043-871-2230
충북,음성군,보건진료소,오궁보건진료소,27607,충북 음성군 감곡면 오궁길5번길 8-4  (오궁보건진료소),감곡면,N,043-871-2217
충북,음성군,보건진료소,용촌보건진료소,27734,충북 음성군 맹동면 용촌길 105  (용촌보건진료소),맹동면,N,043-871-2207
충북,음성군,일반보건지소,원남보건지소,27726,"충북 음성군 원남면 원중로 19, (원남면사무소)",원남면,N,043-871-2240
충북,음성군,보건진료소,유포보건진료소,27679,충북 음성군 금왕읍 버들개길 59-4  (유포보건진료소),금왕읍,N,043-871-2202
충북,음성군,보건진료소,조촌보건진료소,27727,충북 음성군 원남면 원중로417번길 15  (조촌보건진료소),원남면,N,043-871-2206
충북,음성군,보건진료소,주봉보건진료소,27725,충북 음성군 원남면 주봉로 13  (주봉보건진료소),원남면,N,043-871-2205
충북,음성군,보건진료소,차평보건진료소,27616,충북 음성군 생극면 음성로 1868-5  (차평보건진료소),생극면,N,043-871-2215
충북,음성군,보건진료소,충도보건진료소,27714,충북 음성군 소이면 충도로295번길 21  (충도보건진료소),소이면,N,043-871-2204
충북,제천시,보건소,제천시보건소,390-897,충북 제천시 의림대로 242,청전동,N,043-641-2720
충북,제천시,보건진료소,공전보건진료소,390-871,충북 제천시 봉양읍 의암로4길 18,봉양읍,N,043-641-3262
충북,제천시,일반보건지소,금성보건지소,390-821,충북 제천시 금성면 청풍호로 1002,금성면,N,043-641-3070
충북,제천시,보건진료소,대전보건진료소,390-841,충북 제천시 수산면 인삼로 531,수산면,N,043-641-3267
충북,제천시,일반보건지소,덕산보건지소,390-851,충북 제천시 덕산면 약초로 80,덕산면,N,043-641-3100
충북,제천시,보건진료소,도기보건진료소,390-852,충북 제천시 덕산면 도기길 49,덕산면,N,043-641-3268
충북,제천시,보건진료소,도전보건진료소,390-843,충북 제천시 수산면 오티로 276,수산면,N,043-641-3266
충북,제천시,보건진료소,마곡보건진료소,390-872,충북 제천시 봉양읍 국사봉로7길 15,봉양읍,N,043-641-3263
충북,제천시,일반보건지소,백운보건지소,390-882,충북 제천시 백운면 애련로 13,백운면,N,043-641-3130
충북,제천시,일반보건지소,봉양보건지소,390-875,충북 제천시 봉양읍 주포로8길 3-1,봉양읍,N,043-641-3060
충북,제천시,일반보건지소,송학보건지소,390-813,충북 제천시 송학면 시곡포전로2길 3,송학면,N,043-641-3140
충북,제천시,보건진료소,송한보건진료소,27121,충북 제천시 송학면 송한2길 6,송학면,N,043-641-3271
충북,제천시,일반보건지소,수산보건지소,390-843,충북 제천시 수산면 월악로22길 102-26,수산면,N,043-641-3090
충북,제천시,보건진료소,양화보건진료소,390-822,충북 제천시 금성면 청풍호로27길 9,금성면,N,043-641-3264
충북,제천시,보건진료소,옥전보건진료소,390-873,충북 제천시 봉양읍 옥전길 34,봉양읍,N,043-641-3261
충북,제천시,건강생활지원센터,용두건강생활지원센터,27161,"충북 제천시 용두대로17길 8, 건강생활지원센터  (하소동)",하소동,N,043-641-3043
충북,제천시,보건진료소,월악보건진료소,390-851,충북 제천시 덕산면 월악산로4길 31,덕산면,N,043-641-3269
충북,제천시,보건진료소,장선보건진료소,390-824,충북 제천시 청풍면 인등로 1497,청풍면,N,043-641-3265
충북,제천시,일반보건지소,청풍보건지소,390-832,충북 제천시 청풍면 청풍호로56길 23,청풍면,N,043-641-3080
충북,제천시,일반보건지소,한수보건지소,390-862,충북 제천시 한수면 미륵송계로8길 23,한수면,N,043-641-3120
충북,제천시,보건진료소,화당보건진료소,390-881,충북 제천시 백운면 화당로2길 15,백운면,N,043-641-3270
충북,증평군,보건소,증평군보건소,368-904,충북 증평군 증평읍 보건복지로 64-1,증평읍,N,043-835-4220
충북,증평군,보건진료소,남차보건진료소,368-902,충북 증평군 증평읍 초정약수로 1147,증평읍,N,043-835-3897
충북,증평군,일반보건지소,도안보건지소,368-812,충북 증평군 도안면 화성로 65,도안면,N,043-835-3591
충북,진천군,보건소,진천군보건소,27831,"충북 진천군 진천읍 중앙북1길 11-8, 본관  (진천군보건소)",진천읍,N,043-539-7771
충북,진천군,일반보건지소,광혜원보건지소,27802,충북 진천군 광혜원면 화랑길 74  (광혜원보건지소),광혜원면,N,043-539-7482
충북,진천군,일반보건지소,덕산보건지소,27851,충북 진천군 덕산면 덕금로 829 덕산보건지소,덕산읍,N,043-539-7430
충북,진천군,일반보건지소,문백보건지소,27869,"충북 진천군 문백면 옥성1길 21, 문백보건지소  (문백면행정복지센터)",문백면,N,043-539-7450
충북,진천군,일반보건지소,백곡보건지소,27823,충북 진천군 백곡면 장터길 15-2  (백곡보건지소),백곡면,N,043-539-7460
충북,진천군,보건진료소,사석보건진료소,27826,충북 진천군 진천읍 금사로 395-1  (사석보건진료소),진천읍,N,043-539-7491
충북,진천군,보건진료소,사양보건진료소,27863,충북 진천군 문백면 농다리로 1215  (사양보건진료소),문백면,N,043-539-7495
충북,진천군,보건진료소,선옥보건진료소,27873,충북 진천군 덕산면 기전2길 7  (선옥보건진료소),덕산읍,N,043-539-7492
충북,진천군,보건진료소,신월보건진료소,27816,충북 진천군 이월면 신정길 57 신월보건진료소,이월면,N,043-539-7497
충북,진천군,보건진료소,오갑보건진료소,27847,충북 진천군 초평면 영주원1길 22-12  (오갑보건진료소),초평면,N,043-539-7493
충북,진천군,보건진료소,용덕보건진료소,27821,충북 진천군 백곡면 용진길 93  (용덕보건진료소),백곡면,N,043-539-7496
충북,진천군,보건진료소,용산보건진료소,27861,충북 진천군 초평면 원댕이길 10  (용산보건진료소),초평면,N,043-539-7494
충북,진천군,일반보건지소,이월보건지소,27818,"충북 진천군 이월면 진광로 729, 이월보건지소",이월면,N,043-539-7471
충북,진천군,일반보건지소,진천혁신도시보건지소,27876,"충북 진천군 덕산읍 연미로 29, 진천혁신도시 보건지소",덕산읍,N,043-539-7421
충북,진천군,일반보건지소,초평보건지소,27858,충북 진천군 초평면 초동로 45-6 초평보건지소,초평면,N,043-539-7440
충북,청주시,보건소,청주시 상당보건소,28806,충북 청주시 상당구 남일면 단재로 480  (청주시 상당구보건소),남일면,N,043-201-3100
충북,청주시,일반보건지소,가덕보건지소,28203,충북 청주시 상당구 가덕면 보청대로 4646,가덕면,N,043-201-3540
충북,청주시,보건진료소,갈산보건진료소,28192,충북 청주시 상당구 낭성면 갈산무성길 5,낭성면,N,043-201-3682
충북,청주시,보건진료소,금관보건진료소,28201,충북 청주시 상당구 미원면 운암계원로 617,미원면,N,043-201-3683
충북,청주시,보건진료소,기암보건진료소,28198,충북 청주시 상당구 미원면 터기암길 6-42,미원면,N,043-201-3684
충북,청주시,일반보건지소,낭성보건지소,28193,충북 청주시 상당구 낭성면 낭성시내길 21,낭성면,N,043-201-3520
충북,청주시,보건진료소,두모보건진료소,28206,충북 청주시 상당구 문의면 두모1길 13-20,문의면,N,043-201-3690
충북,청주시,일반보건지소,문의보건지소,28208,충북 청주시 상당구 문의면 문의시내1길 12  (문의보건지소),문의면,N,043-201-3551
충북,청주시,일반보건지소,미원보건지소,28195,충북 청주시 상당구 미원면 미원초정로 472,미원면,N,043-201-3530
충북,청주시,보건진료소,병암보건진료소,28205,충북 청주시 상당구 가덕면 병암3길 11-6,가덕면,N,043-201-3689
충북,청주시,보건진료소,상야보건진료소,28189,충북 청주시 상당구 가덕면 상야길 30,가덕면,N,043-201-3688
충북,청주시,보건진료소,소전보건진료소,28210,충북 청주시 상당구 문의면 소전길 1  (소전보건진료소),문의면,N,043-201-3691
충북,청주시,보건진료소,용곡보건진료소,28195,충북 청주시 상당구 미원면 미원초정로 472,미원면,N,043-201-3685
충북,청주시,일반보건지소,용암보건지소,28762,"충북 청주시 상당구 용암북로160번길 17  (용암동, 용암보건지소)",용암동,N,043-201-3500
충북,청주시,보건진료소,운교보건진료소,28196,충북 청주시 상당구 미원면 쌍이운교로 585,미원면,N,043-201-3686
충북,청주시,보건진료소,월오보건진료소,28758,"충북 청주시 상당구 다리실로 71  (월오동, 월오보건진료소)",월오동,N,043-201-3681
충북,청주시,보건진료소,행정보건진료소,28203,충북 청주시 상당구 가덕면 상장인차로 295-7,가덕면,N,043-201-3687
충북,청주시,보건소,청주시 서원보건소,28565,"충북 청주시 서원구 사직대로 227  (사직동, 서원구청)",사직동,N,043-201-3215
충북,청주시,보건진료소,구미보건진료소,28184,충북 청주시 서원구 남이면 저산척북로 300-19,남이면,N,043-201-3692
충북,청주시,일반보건지소,남이보건지소,28182,충북 청주시 서원구 남이면 척산길 7-12,남이면,N,043-201-3560
충북,청주시,보건진료소,하석보건진료소,28216,충북 청주시 서원구 현도면 하석길 7,현도면,N,043-201-3693
충북,청주시,일반보건지소,현도보건지소,28215,충북 청주시 서원구 현도면 선동1길 10,현도면,N,043-201-3570
충북,청주시,보건소,청주시 청원보건소,28125,충북 청주시 청원구 오창읍 과학산업3로 238  (청원구 보건소),오창읍,N,043-201-3421
충북,청주시,보건진료소,가좌보건진료소,363-888,충북 청주시 청원구 오창읍 오창가좌1길 47,오창읍,N,043-201-3701
충북,청주시,일반보건지소,내수보건지소,363-934,충북 청주시 청원구 내수읍 마산3길 49,내수읍,N,043-201-3642
충북,청주시,일반보건지소,북이보건지소,363-923,충북 청주시 청원구 북이면 신대석성로 10-7,북이면,N,043-201-3672
충북,청주시,보건진료소,석성보건진료소,363-923,충북 청주시 청원구 북이면 용계1길 77,북이면,N,043-201-3703
충북,청주시,보건진료소,영하보건진료소,363-921,충북 청주시 청원구 북이면 영하길 5,북이면,N,043-201-3704
충북,청주시,보건진료소,오근장보건진료소,360-567,충북 청주시 청원구 팔결로 121-1,오동동,N,043-201-3699
충북,청주시,일반보건지소,오창보건지소,363-882,충북 청주시 청원구 오창읍 두릉유리로 1137-1,오창읍,N,043-201-3650
충북,청주시,보건진료소,유리보건진료소,363-887,충북 청주시 청원구 오창읍 일신길 9,오창읍,N,043-201-3702
충북,청주시,보건진료소,추학보건진료소,363-922,충북 청주시 청원구 북이면 용계내추로 362,북이면,N,043-201-3705
충북,청주시,보건진료소,탑리보건진료소,363-886,충북 청주시 청원구 오창읍 탑리길 21-4,오창읍,N,043-201-3700
충북,청주시,보건소,청주시 흥덕보건소,28365,"충북 청주시 흥덕구 비하로12번길 46  (비하동, 흥덕구 보건소)",비하동,N,043-201-3300
충북,청주시,일반보건지소,강내보건지소,28172,충북 청주시 흥덕구 강내면 태성탑연로 433,강내면,N,043-043-3620
충북,청주시,일반보건지소,강서보건지소,28365,"충북 청주시 흥덕구 비하로12번길 46  (비하동, 흥덕구 보건소)",비하동,N,043-201-3588
충북,청주시,보건진료소,공북보건진료소,361-951,충북 청주시 흥덕구 오송읍 정중연제로 641,오송읍,N,043-201-3695
충북,청주시,보건진료소,금계보건진료소,361-912,충북 청주시 흥덕구 옥산면 금계2길 8,옥산면,N,043-201-3696
충북,청주시,보건진료소,소로보건진료소,361-911,충북 청주시 흥덕구 옥산면 소로1길 68,옥산면,N,043-201-3697
충북,청주시,일반보건지소,오송보건지소,361-954,충북 청주시 흥덕구 오송읍 가로수로 174,오송읍,N,043-201-3600
충북,청주시,일반보건지소,오송생명과학단지 보건지소,28165,"충북 청주시 흥덕구 오송읍 오송생명3로 67, 보건소지소  (보건소지소)",오송읍,N,043-201-3610
충북,청주시,일반보건지소,옥산보건지소,28113,"충북 청주시 흥덕구 옥산면 옥산시내1길 45-9, 보건소  (보건소)",옥산면,N,043-201-3630
충북,청주시,보건진료소,태성보건진료소,28174,충북 청주시 흥덕구 강내면 태성2길 9-39  (태성보건진료소),강내면,N,043-201-3694
충북,청주시,보건진료소,호죽보건진료소,28101,충북 청주시 흥덕구 옥산면 오산가좌로 432-4,옥산면,N,043-201-3698
충북,충주시,보건소,충주시보건소,27408,"충북 충주시 사직산21길 34, 충주시 보건소  (문화동, 충주시 건강복지타운)",문화동,N,043-850-3411
충북,충주시,보건진료소,가흥보건진료소,27446,충북 충주시 중앙탑면 창말고개길 2 (가흥보건진료소),중앙탑면,N,043-850-4957
충북,충주시,보건진료소,개천안보건진료소,27321,충북 충주시 동량면 호반로 371-14  (개천안보건진료소),동량면,N,043-850-4968
충북,충주시,보건진료소,공이보건진료소,27491,충북 충주시 살미면 공이동길 508-22  (공이보건진료소),살미면,N,043-850-4487
충북,충주시,일반보건지소,금가보건지소,27442,"충북 충주시 금가면 강수로 331 (금가면사무소,금가보건지소)",금가면,N,043-850-4952
충북,충주시,일반보건지소,노은보건지소,27452,"충북 충주시 노은면 연하중앙길 15, 면사무소 (노은면사무소,노은보건지소)",노은면,N,043-850-4924
충북,충주시,보건진료소,대사보건진료소,27500,충북 충주시 수안보면 사문한절2길 6 (대사보건진료소),수안보면,N,043-850-4498
충북,충주시,일반보건지소,대소원보건지소,27472,"충북 충주시 대소원면 대소원1길 29, 면사무소  (대소원면사무소,대소원보건지소)",대소원면,N,043-850-4902
충북,충주시,보건진료소,대전보건진료소,27319,충북 충주시 동량면 내동1길 19 (대전보건진료소),동량면,N,043-850-4977
충북,충주시,보건진료소,동락보건진료소,27455,충북 충주시 신니면 동락길 49  (신니동락보건진료소),신니면,N,043-850-4918
충북,충주시,일반보건지소,동량보건지소,27320,"충북 충주시 동량면 조돈안길 1, 면사무소  (동량면사무소,동량보건지소)",동량면,N,043-850-4963
충북,충주시,보건진료소,매현보건진료소,27474,충북 충주시 대소원면 매현새터2길 3 (매현보건진료소),대소원면,N,043-850-4908
충북,충주시,보건진료소,명서보건진료소,27317,충북 충주시 산척면 인등로 585-6  (명서보건진료소),산척면,N,042-850-4978
충북,충주시,보건진료소,문산보건진료소,27494,충북 충주시 살미면 문산길 29  (문산보건진료소),살미면,N,043-850-4488
충북,충주시,보건진료소,복탄보건진료소,27306,충북 충주시 소태면 덕은로 758 (복탄보건진료소),소태면,N,043-850-4998
충북,충주시,일반보건지소,산척보건지소,27315,"충북 충주시 산척면 동산로 736, 면사무소  (산척면사무소,산척보건지소)",산척면,N,043-850-4971
충북,충주시,일반보건지소,살미보건지소,27493,"충북 충주시 살미면 세성양지말길 41, 면사무소  (살미면사무소,살미보건지소)",살미면,N,043-850-4481
충북,충주시,일반보건지소,소태보건지소,27307,"충북 충주시 소태면 쟁골1길 1, 면사무소  (소태면사무소,소태보건지소)",소태면,N,043-850-4991
충북,충주시,보건진료소,수룡보건진료소,27453,충북 충주시 노은면 원모롱이길 19  (수룡보건진료소),노은면,N,043-850-4927
충북,충주시,일반보건지소,수안보보건지소,27497,충북 충주시 수안보면 관동길 9-9  (수안보면사무소),수안보면,N,043-850-4493
충북,충주시,일반보건지소,신니보건지소,27457,충북 충주시 신니면 안용원로 7  (신니보건지소),신니면,N,043-850-4913
충북,충주시,보건진료소,안락보건진료소,27450,충북 충주시 노은면 대덕길 26  (안락보건진료소),노은면,N,043-850-4927
충북,충주시,일반보건지소,앙성보건지소,27303,충북 충주시 앙성면 내용1길 8  (앙성보건지소),앙성면,N,043-850-4932
충북,충주시,보건진료소,앙암보건진료소,27300,충북 충주시 앙성면 앙암로 679(앙암보건진료소),앙성면,N,043-850-4938
충북,충주시,일반보건지소,엄정보건지소,27313,충북 충주시 엄정면 자바위길 4-2 (엄정면보건지소),엄정면,N,043-850-4984
충북,충주시,보건진료소,오석보건진료소,27445,충북 충주시 금가면 김생로 750  (오석보건진료소),금가면,N,043-850-4958
충북,충주시,보건진료소,장록보건진료소,27459,충북 충주시 주덕읍 장록당우길 304 (잘록보건진료소),주덕읍,N,043-850-4478
충북,충주시,일반보건지소,주덕보건지소,27462,충북 충주시 주덕읍 신덕로 1359 (주덕보건지소),주덕읍,N,043-850-4472
충북,충주시,일반보건지소,중앙탑보건지소,27447,충북 충주시 중앙탑면 중앙탑길 247 (중앙탑보건지소),중앙탑면,N,043-850-4941
충북,충주시,보건진료소,추평보건진료소,27311,충북 충주시 엄정면 가춘리길 65 (추평보건진료소),엄정면,N,043-850-4988
충남,계룡시,보건소,계룡시보건소,321-900,충남 계룡시 장안로 54,금암동,N,042-840-3567
충남,계룡시,일반보건지소,신도안보건지소,321-924,충남 계룡시 신도안면 신도안2길 61,신도안면,N,042-840-3591
충남,계룡시,일반보건지소,엄사보건지소,321-931,충남 계룡시 엄사면 번영3길 61-10,엄사면,N,042-840-3631
충남,공주시,보건소,공주시보건소,32542,"충남 공주시 봉황로 123  (교동, 보건소)",교동,N,041-840-8755
충남,공주시,일반보건지소,계룡보건지소,32616,충남 공주시 계룡면 월암송정길 10,계룡면,N,041-840-2135
충남,공주시,보건진료소,구계보건진료소,32501,충남 공주시 유구읍 양지뜸길 7  (구계보건진료소),유구읍,N,041-840-2503
충남,공주시,보건진료소,귀산보건진료소,32528,충남 공주시 우성면 문촌길 19,우성면,N,041-840-2521
충남,공주시,보건진료소,대룡보건진료소,32525,충남 공주시 신풍면 새우재길 51,신풍면,N,041-840-2515
충남,공주시,보건진료소,대학보건진료소,32608,충남 공주시 탄천면 임천고개로 16,탄천면,N,041-840-2507
충남,공주시,보건진료소,덕지보건진료소,32611,충남 공주시 탄천면 하효동길 64-6  (덕지보건소),탄천면,N,041-840-2506
충남,공주시,보건진료소,마암보건진료소,32620,충남 공주시 반포면 마암길 29  (마암보건진료소),반포면,N,041-840-2519
충남,공주시,보건진료소,모란보건진료소,32514,충남 공주시 정안면 달성길 75,정안면,N,041-840-2517
충남,공주시,보건진료소,문천보건진료소,32509,충남 공주시 정안면 정안마곡사로 622,정안면,N,041-840-2512
충남,공주시,일반보건지소,반포보건지소,32622,충남 공주시 반포면 수실1길 8-8  (반포보건소),반포면,N,041-840-2126
충남,공주시,일반보건지소,사곡보건지소,32523,충남 공주시 사곡면 호계장터2길 9-1,사곡면,N,041-840-2159
충남,공주시,보건진료소,상신보건진료소,32625,충남 공주시 반포면 도예촌길 6  (상신보건지소),반포면,N,041-840-2520
충남,공주시,보건진료소,석장리보건진료소,32591,"충남 공주시 석장리길 88-39  (석장리동, 석장보건진료소)",석장리동,N,041-840-2518
충남,공주시,일반보건지소,신풍보건지소,32525,충남 공주시 신풍면 신풍길 81-11,신풍면,N,041-840-2167
충남,공주시,보건진료소,신흥보건진료소,32604,충남 공주시 이인면 숭선군로 247-2,이인면,N,041-840-2505
충남,공주시,보건진료소,양화보건진료소,32619,충남 공주시 계룡면 신원사로 410  (양화보건진료소),계룡면,N,041-840-2509
충남,공주시,보건진료소,왕흥보건진료소,32614,충남 공주시 계룡면 왕흥장악로 395  (왕흥보건진료소),계룡면,N,041-840-2510
충남,공주시,보건진료소,용봉보건진료소,32533,충남 공주시 우성면 신영골길 1-6,우성면,N,041-840-2513
충남,공주시,일반보건지소,우성보건지소,32531,충남 공주시 우성면 동대3길 11,우성면,N,041-840-2151
충남,공주시,보건진료소,운암보건진료소,32520,충남 공주시 사곡면 정안마곡사로 1762,사곡면,N,041-840-2514
충남,공주시,일반보건지소,유구보건지소,32506,충남 공주시 유구읍 유구초교길 40  (유구보건지소),유구읍,N,041-840-2101
충남,공주시,일반보건지소,의당보건지소,32589,충남 공주시 의당면 의당로 257  (공주시종합사회복지관),의당면,N,041-840-2138
충남,공주시,일반보건지소,이인보건지소,32607,충남 공주시 이인면 검바위로 239,이인면,N,041-840-2108
충남,공주시,보건진료소,장원보건진료소,32513,충남 공주시 정안면 구억말길 15-2,정안면,N,041-840-2511
충남,공주시,일반보건지소,정안보건지소,32512,"충남 공주시 정안면 정안중앙길 157  (정안면복합청사(면사무소,보건지소))",정안면,N,041-840-2142
충남,공주시,보건진료소,추계보건진료소,32500,충남 공주시 유구읍 금계산로 883,유구읍,N,041-840-2504
충남,공주시,일반보건지소,탄천보건지소,32609,충남 공주시 탄천면 통산3길 4-11,탄천면,N,041-840-2110
충남,공주시,보건진료소,평소보건진료소,32526,충남 공주시 신풍면 평화길 152,신풍면,N,041-840-2516
충남,공주시,보건진료소,화헌보건진료소,32618,충남 공주시 계룡면 영규대사로 104,계룡면,N,041-840-2508
충남,금산군,보건소,금산군보건소,312-807,충남 금산군 금산읍 금산로 1559 (금산군보건소),금산읍,N,041-750-4311
충남,금산군,일반보건지소,군북보건지소,312-832,충남 금산군 군북면 군북로 699 (군북보건지소),군북면,N,041-753-2125
충남,금산군,보건진료소,군북보건진료소,32717,충남 금산군 군북면 상곡길 46 (군북보건진료소),군북면,N,041-753-2406
충남,금산군,일반보건지소,금성보건지소,32707,충남 금산군 금성면 진산로 372  (금성보건지소),금성면,N,041-752-3028
충남,금산군,보건진료소,금성보건진료소,32707,충남 금산군 금성면 돌고개2길 3 (금성보건진료소),금성면,N,041-751-2633
충남,금산군,일반보건지소,남이보건지소,32751,충남 금산군 남이면 진악로 25  (남이보건지소),남이면,N,041-753-1013
충남,금산군,보건진료소,남이보건진료소,32751,충남 금산군 남이면 상역평길 15  (남이보건진료소),남이면,N,041-753-1799
충남,금산군,일반보건지소,남일보건지소,32758,충남 금산군 남일면 봉황로 84  (남일보건지소),남일면,N,041-752-9030
충남,금산군,보건진료소,남일보건진료소,32760,충남 금산군 남일면 음대3길 8 (남일보건진료소),남일면,N,041-751-2634
충남,금산군,일반보건지소,복수보건지소,32703,충남 금산군 복수면 복수로 152  (복수보건지소),복수면,N,041-752-8280
충남,금산군,보건진료소,복수보건진료소,32701,충남 금산군 복수면 복수로 754  (복수보건진료소),복수면,N,041-751-2632
충남,금산군,일반보건지소,부리보건지소,32757,충남 금산군 부리면 현내1길 37  (부리보건지소),부리면,N,041-753-0040
충남,금산군,보건진료소,부리보건진료소,32762,충남 금산군 부리면 신촌2길 2  (부리보건진료소),부리면,N,041-753-0579
충남,금산군,일반보건지소,제원보건지소,32723,충남 금산군 제원면 제원3길 3  (제원보건지소),제원면,N,041-752-7051
충남,금산군,일반보건지소,진산보건지소,312-933,충남 금산군 진산면 읍내로 69,진산면,N,041-752-4039
충남,금산군,보건진료소,진산보건진료소,32700,충남 금산군 진산면 실학로 162-3 (진산보건진료소),진산면,N,041-752-4637
충남,금산군,일반보건지소,추부보건지소,32714,"충남 금산군 추부면 하마전로 31, 추부보건지소 (복합문화센터)",추부면,N,041-752-6461
충남,금산군,보건진료소,추부보건진료소,32710,충남 금산군 추부면 군북로 1434  (금산보건소추부진료소),추부면,N,041-751-2631
충남,논산시,보건소,논산시보건소,320-020,충남 논산시 논산대로 382,관촉동,N,041-746-8011
충남,논산시,일반보건지소,가야곡보건지소,320-841,충남 논산시 가야곡면 덕은로 20,가야곡면,N,041-746-8251
충남,논산시,일반보건지소,강경보건지소,320-901,충남 논산시 강경읍 옥녀봉로 7-12,강경읍,N,041-746-8151
충남,논산시,보건진료소,거사보건진료소,320-851,충남 논산시 양촌면 황산벌로 1013,양촌면,N,041-746-8246
충남,논산시,보건진료소,고내보건진료소,320-835,충남 논산시 연무읍 마봉로 13,연무읍,N,041-746-8166
충남,논산시,일반보건지소,광석보건지소,320-954,충남 논산시 광석면 사계로 452,광석면,N,041-746-8181
충남,논산시,일반보건지소,노성보건지소,320-922,충남 논산시 노성면 노성로585번길 12-6,노성면,N,041-746-8191
충남,논산시,건강생활지원센터,논산시건강생활지원센터,32950,충남 논산시 해월로125번길 28-2,화지동,N,041-746-8020
충남,논산시,보건진료소,덕곡보건진료소,320-881,충남 논산시 벌곡면 수락로237번길 10-8,벌곡면,N,041-746-8236
충남,논산시,보건진료소,득윤보건진료소,320-951,충남 논산시 광석면 사계로 43-3,광석면,N,041-746-8187
충남,논산시,보건진료소,등리보건진료소,320-842,충남 논산시 가야곡면 가야로 339-6,가야곡면,N,041-746-8258
충남,논산시,보건진료소,방축보건진료소,320-822,충남 논산시 은진면 방축2길 18,은진면,N,041-746-8268
충남,논산시,보건진료소,백석보건진료소,320-874,충남 논산시 연산면 선비로755번길 6,연산면,N,041-746-8226
충남,논산시,일반보건지소,벌곡보건지소,320-883,충남 논산시 벌곡면 황룡재로 596,벌곡면,N,041-746-8231
충남,논산시,보건진료소,봉동보건진료소,320-835,충남 논산시 연무읍 마봉로347번길 2,연무읍,N,041-746-8167
충남,논산시,보건진료소,부적대명보건진료소,320-861,충남 논산시 부적면 외성길 18-1,부적면,N,041-746-8216
충남,논산시,일반보건지소,부적보건지소,320-862,충남 논산시 부적면 마구평2길 5,부적면,N,041-746-8211
충남,논산시,보건진료소,산직보건진료소,320-851,충남 논산시 양촌면 대둔로 269,양촌면,N,041-746-8248
충남,논산시,보건진료소,삼전보건진료소,320-844,충남 논산시 가야곡면 원앙로 271,가야곡면,N,041-746-8257
충남,논산시,보건진료소,상월대명보건진료소,320-931,충남 논산시 상월면 상월로398번길 6,상월면,N,041-746-8206
충남,논산시,일반보건지소,상월보건지소,320-933,충남 논산시 상월면 백일헌로 1051,상월면,N,041-746-8201
충남,논산시,보건진료소,성광보건진료소,320-941,충남 논산시 성동면 성동로43번길 21-13,성동면,N,041-746-8176
충남,논산시,일반보건지소,성동보건지소,320-944,충남 논산시 성동면 성동로 279,성동면,N,041-746-8171
충남,논산시,보건진료소,송산보건진료소,320-874,충남 논산시 연산면 사계로 1325,연산면,N,041-746-8227
충남,논산시,보건진료소,시묘보건진료소,320-823,충남 논산시 은진면 매죽헌로309번길 23,은진면,N,041-746-8267
충남,논산시,보건진료소,쌍계보건진료소,320-854,충남 논산시 양촌면 매죽헌로1292번길 17-3,양촌면,N,041-746-8245
충남,논산시,일반보건지소,양촌보건지소,320-853,충남 논산시 양촌면 매죽헌로1665번길 26,양촌면,N,041-746-8241
충남,논산시,보건진료소,양촌보건진료소,320-854,충남 논산시 양촌면 이메3길 6-17,양촌면,N,041-746-8247
충남,논산시,일반보건지소,연무보건지소,320-832,충남 논산시 연무읍 득안대로 481-14,연무읍,N,041-746-8161
충남,논산시,일반보건지소,연산보건지소,320-875,충남 논산시 연산면 선비로231번길 24,연산면,N,041-746-8221
충남,논산시,보건진료소,우곤보건진료소,320-941,충남 논산시 성동면 우곤1길 34,성동면,N,041-746-8177
충남,논산시,보건진료소,우기보건진료소,320-812,충남 논산시 채운면 우기길 5-12,채운면,N,041-746-8276
충남,논산시,보건진료소,은성보건진료소,320-821,충남 논산시 은진면 성평1길 56,은진면,N,041-746-8266
충남,논산시,일반보건지소,은진보건지소,320-823,충남 논산시 은진면 매죽헌로37번길 13,은진면,N,041-746-8261
충남,논산시,보건진료소,장마루보건진료소,320-923,충남 논산시 노성면 노성로 22,노성면,N,041-746-8196
충남,논산시,보건진료소,채광보건진료소,320-852,충남 논산시 양촌면 바랑산길 38,양촌면,N,041-746-8249
충남,논산시,일반보건지소,채운보건지소,320-811,충남 논산시 채운면 계백로588번길 34,채운면,N,041-746-8271
충남,논산시,보건진료소,천동보건진료소,320-954,충남 논산시 광석면 논산평야로 880-8,광석면,N,041-746-8188
충남,논산시,보건진료소,한천보건진료소,320-932,충남 논산시 상월면 한천1길 3,상월면,N,041-746-8207
충남,논산시,보건진료소,함산보건진료소,320-843,충남 논산시 가야곡면 덕은로 367,가야곡면,N,041-746-8256
충남,논산시,보건진료소,항월보건진료소,320-953,충남 논산시 광석면 사계로 1026,광석면,N,041-746-8186
충남,당진시,보건소,당진시보건소,31777,"충남 당진시 서부로 56, 당진시보건소  (채운동, 당진시보건소)",채운동,N,041-360-6005
충남,당진시,일반보건지소,고대보건지소,31793,"충남 당진시 고대면 고대로 67, 고대보건지소 67 (고대보건지소)",고대면,N,041-360-6170
충남,당진시,보건진료소,공포보건진료소,31752,충남 당진시 우강면 신평로 247-4 (공포보건진료소),우강면,N,041-362-5540
충남,당진시,보건진료소,궁리보건진료소,31815,충남 당진시 합덕읍 상덕로 681  (궁리보건진료소),합덕읍,N,041-363-1429
충남,당진시,보건진료소,난지도보건진료소,31708,"충남 당진시 석문면 난지1길 201, 난지도보건진료소  (난지도보건진료소)",석문면,Y,041-352-2058
충남,당진시,보건진료소,내도보건진료소,31719,충남 당진시 송악읍 안섬포구길 19-8  (내도보건진료소),송악읍,N,041-356-9340
충남,당진시,보건진료소,당진포보건진료소,31790,충남 당진시 고대면 고대로 703-9  (당진포보건진료소),고대면,N,041-356-8185
충남,당진시,보건진료소,대포보건진료소,31753,충남 당진시 우강면 면천로  2014 (대포보건진료소),우강면,N,041-362-4798
충남,당진시,일반보건지소,대호지보건지소,31798,충남 당진시 대호지면 대호로 5-3 (대호지보건지소),대호지면,N,041-360-6190
충남,당진시,보건진료소,도이보건진료소,31797,"충남 당진시 대호지면 충장로 566-6, (도이보건진료소)",대호지면,N,041-353-4639
충남,당진시,일반보건지소,면천보건지소,31804,충남 당진시 면천면 면천로 623-57 면천보건지소,면천면,N,041-360-6210
충남,당진시,보건진료소,모평보건진료소,31801,"충남 당진시 정미면 산동로 294, 모평보건진료소",정미면,N,041-356-9845
충남,당진시,보건진료소,백석보건진료소,31761,"충남 당진시 순성면 백석길 59, (백석보건진료소)",순성면,N,041-353-5935
충남,당진시,보건진료소,본당보건진료소,31736,"충남 당진시 송악읍 종달길 1, (본당 보건진료소)",송악읍,N,041-355-7537
충남,당진시,보건진료소,삼봉보건진료소,31706,"충남 당진시 석문면 대호로 1559, (삼봉보건진료소)",석문면,N,041-353-0822
충남,당진시,보건진료소,서정보건진료소,31711,"충남 당진시 송산면 송산로 821-16, (서정보건진료소)",송산면,N,041-353-7872
충남,당진시,일반보건지소,석문보건지소,31703,"충남 당진시 석문면 통정3길 2-1  (석문보건지소, 석문면행정복지센터)",석문면,N,041-360-6180
충남,당진시,일반보건지소,송산보건지소,31714,"충남 당진시 송산면 상거중앙길 57  (송산면행정복지센터, 송산보건지소)",송산면,N,041-360-6250
충남,당진시,일반보건지소,송악보건지소,31733,충남 당진시 송악읍 틀모시로 795  (송악보건지소),송악읍,N,041-360-6160
충남,당진시,보건진료소,송학보건진료소,31803,충남 당진시 면천면 쇠학골길 66  (송학보건진료소),면천면,N,041-356-3292
충남,당진시,일반보건지소,순성보건지소,31757,"충남 당진시 순성면 남부로 1146, 공공시설  (순성면사무소, 보건지소)",순성면,N,041-360-6220
충남,당진시,보건진료소,신당보건진료소,31745,"충남 당진시 신평면 원신당로 60-27, 신당보건진료소  (신당보건진료소)",신평면,N,041-363-8551
충남,당진시,일반보건지소,신평보건지소,31741,충남 당진시 신평면 신평로 834  (신평보건지소),신평면,N,041-360-6240
충남,당진시,보건진료소,아찬보건진료소,31758,"충남 당진시 순성면 아찬1로 91-2, 아찬리보건소  (아찬리보건소)",순성면,N,041-353-5476
충남,당진시,일반보건지소,우강보건지소,31754,충남 당진시 우강면 솔뫼로 53  (우강보건지소),우강면,N,041-360-6230
충남,당진시,보건진료소,우산보건진료소,31802,"충남 당진시 정미면 회천로 489-4, 우산보건진료소  (우산보건진료소)",정미면,N,041-353-2865
충남,당진시,보건진료소,율사보건진료소,31807,충남 당진시 면천면 한천로 561 율사보건진료소,면천면,N,041-356-3493
충남,당진시,일반보건지소,정미보건지소,31800,"충남 당진시 정미면 정미로 687, 정미보건지소  (정미보건지소)",정미면,N,041-360-6200
충남,당진시,보건진료소,중흥보건진료소,31728,충남 당진시 송악읍 중흥2길 13  중흥보건진료소,송악읍,N,041-358-8067
충남,당진시,보건진료소,한정보건진료소,31743,충남 당진시 신평면 한정길 76  (한정보건진료소),신평면,N,041-362-7735
충남,당진시,일반보건지소,합덕보건지소,31811,"충남 당진시 합덕읍 운산로 137, 합덕보건지소  (합덕보건지소)",합덕읍,N,041-360-6140
충남,보령시,보건소,보령시보건소,355-882,충남 보령시 남포면 보령남로 234,남포면,N,041-930-0900
충남,보령시,보건진료소,고대도보건진료소,355-842,충남 보령시 오천면 고대도2길 46-10,오천면,Y,041-934-0497
충남,보령시,보건진료소,교성보건진료소,355-841,충남 보령시 오천면 오천중앙로 276,오천면,N,041-932-4580
충남,보령시,보건진료소,녹도보건진료소,355-842,충남 보령시 오천면 녹도1길 69,오천면,Y,041-936-5912
충남,보령시,일반보건지소,미산보건지소,355-871,충남 보령시 미산면 내평봉성길 5,미산면,N,041-933-4303
충남,보령시,보건진료소,봉성보건진료소,355-873,충남 보령시 미산면 봉성길 131,미산면,N,041-933-4720
충남,보령시,보건진료소,삼현보건진료소,355-883,충남 보령시 남포면 삼현2길 18-16,남포면,N,041-933-7026
충남,보령시,보건진료소,삽시도 보건진료소,355-842,충남 보령시 오천면 삽시도1길 123,오천면,Y,041-932-1659
충남,보령시,일반보건지소,성주보건지소,355-911,충남 보령시 성주면 심원계곡로 6-15,성주면,N,041-933-8922
충남,보령시,보건진료소,수곡보건진료소,355-863,충남 보령시 주산면 대창증산로 620,주산면,N,041-936-8882
충남,보령시,보건진료소,양기보건진료소,355-884,충남 보령시 남포면 방목길 17,남포면,N,041-933-1063
충남,보령시,일반보건지소,오천보건지소,355-843,충남 보령시 오천면 충청수영로 838,오천면,N,041-932-4303
충남,보령시,보건진료소,외연도보건진료소,355-845,충남 보령시 오천면 외연도2길 14,오천면,Y,041-936-5118
충남,보령시,일반보건지소,웅천보건지소,355-853,충남 보령시 웅천읍 충서로 939-4,웅천읍,N,041-933-2263
충남,보령시,보건진료소,원산도보건진료소,355-846,충남 보령시 오천면 원산도3길 108,오천면,Y,041-936-6301
충남,보령시,보건진료소,장고도보건진료소,355-842,충남 보령시 오천면 장고도1길 53-3,오천면,Y,041-934-1197
충남,보령시,보건진료소,장은보건진료소,355-812,충남 보령시 천북면 홍보로 751-2,천북면,N,041-641-8974
충남,보령시,보건진료소,장현보건진료소,355-891,충남 보령시 청라면 오서산길 44,청라면,N,041-936-8883
충남,보령시,일반보건지소,주교보건지소,355-923,충남 보령시 주교면 울계큰길 374,주교면,N,041-932-5236
충남,보령시,일반보건지소,주산보건지소,355-863,충남 보령시 주산면 충서로 389-6,주산면,N,041-933-6004
충남,보령시,일반보건지소,주포보건지소,355-831,충남 보령시 주포면 질재로 47-10,주포면,N,041-934-6505
충남,보령시,일반보건지소,천북보건지소,355-814,충남 보령시 천북면 홍보로 462,천북면,N,041-641-9180
충남,보령시,일반보건지소,청라보건지소,355-892,충남 보령시 청라면 원모루길 222-14,청라면,N,041-932-8302
충남,보령시,일반보건지소,청소보건지소,355-823,충남 보령시 청소면 평촌3길 27,청소면,N,041-932-9527
충남,보령시,보건진료소,학성보건진료소,355-814,충남 보령시 천북면 학성염전길 13,천북면,N,041-641-8808
충남,보령시,보건진료소,호도보건진료소,355-842,충남 보령시 오천면 호도길 70-7,오천면,Y,041-932-9142
충남,보령시,보건진료소,황교보건진료소,355-852,충남 보령시 웅천읍 독산로 550-8,웅천읍,N,041-936-4135
충남,보령시,보건진료소,효자도보건진료소,355-846,충남 보령시 오천면 효자도길 22-9,오천면,Y,041-934-5671
충남,부여군,보건소,부여군보건소,323-805,충남 부여군 부여읍 성왕로 205,부여읍,N,041-835-8600
충남,부여군,보건진료소,가곡보건진료소,323-821,충남 부여군 은산면 매화로90번길 8,은산면,N,041-832-6003
충남,부여군,보건진료소,가신보건진료소,323-921,충남 부여군 임천면 팔충로 1220,임천면,N,041-833-3599
충남,부여군,일반보건지소,구룡보건지소,323-831,충남 부여군 구룡면 태양로 20,구룡면,N,041-830-2760
충남,부여군,보건진료소,귀덕보건진료소,323-941,충남 부여군 세도면 부흥로912번길 2-5,세도면,N,041-833-1131
충남,부여군,일반보건지소,규암보건지소,323-816,충남 부여군 규암면 흥수로 682,규암면,N,041-830-2740
충남,부여군,일반보건지소,남면보건지소,323-852,충남 부여군 남면 남성로 426,남면,N,041-830-2775
충남,부여군,일반보건지소,내산보건지소,323-882,충남 부여군 내산면 성충로 982,내산면,N,041-830-2755
충남,부여군,보건진료소,내지보건진료소,323-822,충남 부여군 은산면 내대로 130,은산면,N,041-836-7557
충남,부여군,보건진료소,마정보건진료소,323-852,충남 부여군 남면 남성로 771-5,남면,N,041-832-3485
충남,부여군,보건진료소,봉정보건진료소,323-951,충남 부여군 석성면 석성남로178번길 47-8,석성면,N,041-836-6236
충남,부여군,보건진료소,비암보건진료소,323-893,충남 부여군 외산면 만수로 902,외산면,N,041-833-5738
충남,부여군,보건진료소,산직보건진료소,323-961,충남 부여군 초촌면 선사로373번길 14-2,초촌면,N,041-833-6905
충남,부여군,보건진료소,상천보건진료소,323-843,충남 부여군 홍산면 상천로 117,홍산면,N,041-836-6880
충남,부여군,일반보건지소,석성보건지소,323-952,충남 부여군 석성면 왕릉로 718-9,석성면,N,041-830-2805
충남,부여군,보건진료소,석성보건진료소,323-951,충남 부여군 석성면 석성남로 16-4,석성면,N,041-836-4731
충남,부여군,일반보건지소,세도보건지소,323-943,충남 부여군 세도면 세도중앙로 10,세도면,N,041-830-2800
충남,부여군,보건진료소,송정보건진료소,33173,충남 부여군 초촌면 송정로 34-12  (송정보건진료소),초촌면,N,041-832-2897
충남,부여군,보건진료소,시음보건진료소,323-931,충남 부여군 양화면 양화서로 218,양화면,N,041-835-3858
충남,부여군,보건진료소,신리보건진료소,323-812,충남 부여군 규암면 신리로 50,규암면,N,041-836-8969
충남,부여군,일반보건지소,양화보건지소,323-933,충남 부여군 양화면 입포로53번길 6,양화면,N,041-830-2785
충남,부여군,일반보건지소,옥산보건지소,323-872,충남 부여군 옥산면 대백제로 336-6,옥산면,N,041-830-2770
충남,부여군,일반보건지소,외산보건지소,323-892,충남 부여군 외산면 외산로 111,외산면,N,041-830-2750
충남,부여군,보건진료소,용당보건진료소,323-832,충남 부여군 구룡면 용당로 81,구룡면,N,041-832-5905
충남,부여군,일반보건지소,은산보건지소,323-824,충남 부여군 은산면 충의로 690,은산면,N,041-830-2745
충남,부여군,일반보건지소,임천보건지소,323-923,충남 부여군 임천면 성흥로 136,임천면,N,041-830-2790
충남,부여군,일반보건지소,장암보건지소,323-912,충남 부여군 장암면 석동로56번길 15,장암면,N,041-830-2795
충남,부여군,보건진료소,전장보건진료소,323-893,충남 부여군 외산면 조령서로 23,외산면,N,041-836-0811
충남,부여군,보건진료소,지토보건진료소,323-913,충남 부여군 장암면 위덕로 313,장암면,N,041-833-9822
충남,부여군,보건진료소,지티보건진료소,323-881,충남 부여군 내산면 삽티로 905,내산면,N,041-833-4557
충남,부여군,보건진료소,청남보건진료소,323-861,충남 부여군 충화면 충신로 417-1,충화면,N,041-833-0047
충남,부여군,일반보건지소,초촌보건지소,323-962,충남 부여군 초촌면 초촌로 15,초촌면,N,041-830-2810
충남,부여군,일반보건지소,충화보건지소,323-862,충남 부여군 충화면 팔충로 764,충화면,N,041-830-2780
충남,부여군,일반보건지소,홍산보건지소,323-841,충남 부여군 홍산면 태봉산길 15,홍산면,N,041-830-2765
충남,부여군,보건진료소,홍연보건진료소,323-872,충남 부여군 옥산면 옥산북로 205,옥산면,N,041-832-0242
충남,부여군,보건진료소,화수보건진료소,323-943,충남 부여군 세도면 의자로 29,세도면,N,041-833-1996
충남,서산시,보건소,서산시보건소,31997,"충남 서산시 호수공원6로 6  (예천동, 서산시보건소)",예천동,N,041-667-6550
충남,서산시,보건진료소,가강보건진료소,356-891,충남 서산시 부석면 가사2길 26-2,부석면,N,041-660-2768
충남,서산시,보건진료소,강당보건진료소,32021,충남 서산시 부석면 숭덕사1길 26-7,부석면,N,041-660-2769
충남,서산시,일반보건지소,고북보건지소,356-811,충남 서산시 고북면 고북1로 294,고북면,N,041-661-8185
충남,서산시,일반보건지소,대산보건지소,356-873,충남 서산시 대산읍 대산1로 78-6,대산읍,N,041-660-2753
충남,서산시,보건진료소,대황보건진료소,356-982,충남 서산시 팔봉면 대황도당골길 1,팔봉면,N,041-660-2777
충남,서산시,보건진료소,동암보건진료소,356-844,충남 서산시 음암면 동암마을길 41,음암면,N,041-660-2770
충남,서산시,보건진료소,명지보건진료소,356-872,충남 서산시 대산읍 명지3로 42,대산읍,N,041-660-2771
충남,서산시,보건진료소,모월보건진료소,356-882,충남 서산시 인지면 무학재1길 8,인지면,N,041-660-2772
충남,서산시,보건진료소,문양보건진료소,356-843,충남 서산시 음암면 문양1길 240-5,음암면,N,041-660-2773
충남,서산시,보건진료소,봉생보건진료소,356-813,충남 서산시 고북면 고북4로 322,고북면,N,041-660-2774
충남,서산시,일반보건지소,부석보건지소,356-895,충남 서산시 부석면 취평2길 42-10,부석면,N,041-661-8138
충남,서산시,보건진료소,산성보건진료소,356-862,충남 서산시 지곡면 왕산이로 210,지곡면,N,041-660-2776
충남,서산시,일반보건지소,성연보건지소,356-851,충남 서산시 성연면 마루들길 15,성연면,N,041-661-8161
충남,서산시,보건진료소,소중보건진료소,356-831,충남 서산시 운산면 창성산길 457,운산면,N,041-660-2778
충남,서산시,보건진료소,오산보건진료소,356-120,충남 서산시 오산4길 5(오남동),오남동,N,041-660-2780
충남,서산시,보건진료소,오지보건진료소,356-871,충남 서산시 대산읍 가로림로 596,대산읍,N,041-660-2779
충남,서산시,일반보건지소,운산보건지소,356-832,충남 서산시 운산면 운암로 1016,운산면,N,041-661-8176
충남,서산시,보건진료소,원평보건진료소,356-835,충남 서산시 운산면 봉운로 889,운산면,N,041-660-2781
충남,서산시,일반보건지소,음암보건지소,356-841,충남 서산시 음암면 도당로 26,음암면,N,041-660-2763
충남,서산시,일반보건지소,인지보건지소,356-881,충남 서산시 인지면 무학로 1673,인지면,N,041-661-8129
충남,서산시,일반보건지소,지곡보건지소,356-863,충남 서산시 지곡면 화천2길 46-10,지곡면,N,041-661-8125
충남,서산시,보건진료소,창리보건진료소,356-892,충남 서산시 부석면 무학로 36,부석면,N,041-660-2782
충남,서산시,일반보건지소,팔봉보건지소,356-984,충남 서산시 팔봉면 팔봉1로 392,팔봉면,N,041-661-8147
충남,서산시,일반보건지소,해미보건지소,356-826,충남 서산시 해미면 남문2로 109,해미면,N,041-661-8179
충남,서산시,보건진료소,호리보건진료소,356-983,충남 서산시 팔봉면 범머리길 184,팔봉면,N,041-660-2783
충남,서천군,보건소,서천군보건소,325-802,충남 서천군 서천읍 사곡길 26,서천읍,N,041-950-6700
충남,서천군,보건진료소,관리보건진료소,325-881,충남 서천군 비인면 관리길34번길 78-3,비인면,N,041-952-9621
충남,서천군,보건진료소,금복보건진료소,325-921,충남 서천군 문산면 판문로384번길 8-11,문산면,N,041-952-0640
충남,서천군,일반보건지소,기산보건지소,325-831,충남 서천군 기산면 기산길 58-9,기산면,N,041-950-6783
충남,서천군,보건진료소,남성보건진료소,325-853,충남 서천군 화양면 활산로236번길 12,화양면,N,041-951-3379
충남,서천군,보건진료소,도삼보건진료소,325-813,충남 서천군 마서면 신장로155번길 22,마서면,N,041-956-2979
충남,서천군,일반보건지소,마산보건지소,325-861,충남 서천군 마산면 삼일로265번길 11,마산면,N,041-950-6785
충남,서천군,일반보건지소,문산보건지소,325-922,충남 서천군 문산면 신농길24번길 6,문산면,N,041-950-6787
충남,서천군,일반보건지소,비인보건지소,325-883,충남 서천군 비인면 비인로 131,비인면,N,041-950-6789
충남,서천군,보건진료소,상좌보건진료소,325-802,충남 서천군 서천읍 사곡길 26,서천읍,N,041-950-6700
충남,서천군,일반보건지소,서면보건지소,325-892,충남 서천군 서면 신월길 25,서면,N,041-950-6790
충남,서천군,보건진료소,선동보건진료소,325-892,충남 서천군 서면 신월길 25,서면,N,041-950-6790
충남,서천군,보건진료소,송석보건진료소,325-815,충남 서천군 마서면 송신로 484,마서면,N,041-952-9154
충남,서천군,일반보건지소,시초보건지소,325-911,충남 서천군 시초면 시초로 226,시초면,N,041-950-6786
충남,서천군,보건진료소,여사보건진료소,325-843,충남 서천군 한산면 충절로 1615,한산면,N,041-951-3419
충남,서천군,보건진료소,연봉보건진료소,325-842,충남 서천군 한산면 갈숲길71번길 15,한산면,N,041-951-0711
충남,서천군,보건진료소,옥북보건진료소,325-811,충남 서천군 마서면 마서로 260-6,마서면,N,041-953-8386
충남,서천군,보건진료소,원두보건진료소,325-891,충남 서천군 서면 서인로1117번길 153,서면,N,041-951-6765
충남,서천군,보건진료소,월기보건진료소,325-831,충남 서천군 기산면 화산로998번길 43-11,기산면,N,041-951-0783
충남,서천군,보건진료소,율리보건진료소,325-884,충남 서천군 비인면 성검로 374-6,비인면,N,041-952-7165
충남,서천군,보건진료소,장상보건진료소,325-851,충남 서천군 화양면 신장로376번길 59-14,화양면,N,041-951-3243
충남,서천군,일반보건지소,장항보건지소,325-831,충남 서천군 기산면 화산로998번길 43-11,기산면,N,041-951-0783
충남,서천군,보건진료소,종천보건진료소,325-871,충남 서천군 종천면 종판로 14,종천면,N,041-953-3125
충남,서천군,보건진료소,지원보건진료소,325-921,충남 서천군 문산면 서문로 1258,문산면,N,041-952-4462
충남,서천군,일반보건지소,판교보건지소,325-822,충남 서천군 판교면 종판로887번길 44,판교면,N,041-950-6788
충남,서천군,보건진료소,팔지보건진료소,325-862,충남 서천군 마산면 한마로 1007,마산면,N,041-952-4320
충남,서천군,일반보건지소,한산보건지소,325-844,충남 서천군 한산면 충절로1173번길 21-4,한산면,N,041-950-6784
충남,서천군,일반보건지소,화양보건지소,325-842,충남 서천군 한산면 화한로 6-34,한산면,N,041-950-6782
충남,아산시,보건소,아산시보건소,31521,"충남 아산시 번영로224번길 20  (모종동, 아산시보건소)",모종동,N,041-537-3403
충남,아산시,보건진료소,갈매보건진료소,31497,충남 아산시 배방읍 갈매길 19  (배방갈매보건진료소),배방읍,N,041-548-0131
충남,아산시,보건진료소,관대보건진료소,31411,충남 아산시 둔포면 관대길39번길 16-10  (관대보건진료소),둔포면,N,041-531-4608
충남,아산시,보건진료소,금곡보건진료소,31581,충남 아산시 배방읍 고불로 542  (배방금곡보건진료소),배방읍,N,041-548-8863
충남,아산시,보건진료소,금성보건진료소,31438,충남 아산시 인주면 인주로 61  (금성보건진료소),인주면,N,041-533-2530
충남,아산시,보건진료소,덕지보건진료소,31453,충남 아산시 음봉면 음봉로586번길 4  (음봉덕지보건진료소),음봉면,N,041-544-0771
충남,아산시,일반보건지소,도고보건지소,31550,충남 아산시 도고면 도고면로 91  (도고보건소),도고면,N,041-536-8650
충남,아산시,보건진료소,동산보건진료소,31458,충남 아산시 탕정면 동산로 8  (동산보건진료소),탕정면,N,041-534-0450
충남,아산시,보건진료소,동화보건진료소,31555,충남 아산시 송악면 송악로357번길 7  (동화보건진료소),송악면,N,041-543-4435
충남,아산시,일반보건지소,둔포보건지소,31403,충남 아산시 둔포면 둔포면로 33 둔포보건지소 (둔포면사무소),둔포면,N,041-536-8590
충남,아산시,건강생활지원센터,배방건강생활지원센터,31462,충남 아산시 배방읍 용연동길 50 배방건강생활지원센터 (상가),배방읍,N,041-537-3594
충남,아산시,일반보건지소,배방보건지소,31480,충남 아산시 배방읍 배방로 38 배방보건지소 (읍사무소/보건지소/중대본부),배방읍,N,041-536-8660
충남,아산시,보건진료소,백석포보건진료소,31402,충남 아산시 영인면 백석포길 47  (백석포보건진료소),영인면,N,041-541-2267
충남,아산시,보건진료소,산동보건진료소,31418,충남 아산시 음봉면 월산로 276  (음봉산동보건진료소),음봉면,N,041-531-3372
충남,아산시,일반보건지소,선장보건지소,31546,충남 아산시 선장면 선장로 137  (선장보건지소),선장면,N,041-536-8640
충남,아산시,일반보건지소,송악보건지소,31557,충남 아산시 송악면 역촌길 9-5 송악보건지소,송악면,N,041-536-8620
충남,아산시,보건진료소,신곡보건진료소,31542,충남 아산시 신창면 서부북로295번길 22 (신곡보건진료소),신창면,N,041-543-0840
충남,아산시,보건진료소,신남보건진료소,31401,충남 아산시 둔포면 신남길 40  (신남보건진료소),둔포면,N,041-531-1407
충남,아산시,일반보건지소,신창보건지소,31534,충남 아산시 신창면 서부북로 633 신창보건지소,신창면,N,041-536-8610
충남,아산시,보건진료소,신화보건진료소,31425,충남 아산시 영인면 고룡산로610번길 15-11  (영인신화보건진료소),영인면,N,041-542-6478
충남,아산시,보건진료소,쌍용보건진료소,31414,충남 아산시 음봉면 연암율금로 489  (쌍용보건진료소),음봉면,N,041-546-9339
충남,아산시,보건진료소,염작보건진료소,31410,충남 아산시 둔포면 이화길157번길 45  (염작보건진료소),둔포면,N,041-531-4786
충남,아산시,일반보건지소,염치보건지소,31445,"충남 아산시 염치읍 염성길 70-30, 농업기술센터,농기계대여은행,염치보건지소 염치보건지소",염치읍,N,041-536-8560
충남,아산시,일반보건지소,영인보건지소,336-823,충남 아산시 영인면 영인로 78,영인면,N,041-536-8630
충남,아산시,보건진료소,유곡보건진료소,31583,충남 아산시 송악면 도송로689번길 8  (유곡보건진료소),송악면,N,041-543-0285
충남,아산시,일반보건지소,음봉보건지소,31443,충남 아산시 음봉면 음봉면로 23-4  (음봉보건지소),음봉면,N,041-536-8580
충남,아산시,일반보건지소,인주보건지소,31434,충남 아산시 인주면 현대로 1309-11  (인주면보건지소),인주면,N,041-536-8600
충남,아산시,일반보건지소,탕정보건지소,31456,충남 아산시 탕정면 탕정면로 36 탕정보건지소 (탕정면사무소),탕정면,N,041-536-8570
충남,아산시,보건진료소,화천보건진료소,31554,충남 아산시 도고면 도고산로 217-13  (화천보건진료소),도고면,N,041-542-4295
충남,예산군,보건소,예산군보건소,32435,충남 예산군 예산읍 군청로 22 예산군보건소 (예산군청),예산읍,N,041-339-8993
충남,예산군,일반보건지소,고덕보건지소,32403,충남 예산군 고덕면 용고길 334-6 (고덕보건지소),고덕면,N,041-339-6216
충남,예산군,일반보건지소,광시보건지소,32457,충남 예산군 광시면 광시소길 16-1  (광시보건지소),광시면,N,041-339-6182
충남,예산군,보건진료소,금치보건진료소,32404,충남 예산군 봉산면 금치1길 9 (금치보건진료소),봉산면,N,041-339-6253
충남,예산군,일반보건지소,내포보건지소,32416,충남 예산군 삽교읍 예학로 65 내포주민복합지원센터 내,삽교읍,N,041-339-6163
충남,예산군,일반보건지소,대술보건지소,32444,충남 예산군 대술면 대술로 147-1  (대술보건지소),대술면,N,041-339-6170
충남,예산군,일반보건지소,대흥보건지소,32450,충남 예산군 대흥면 동서길 25-9  (대흥보건소),대흥면,N,041-339-6188
충남,예산군,보건진료소,덕산나박소보건진료소,32410,충남 예산군 덕산면 수덕사로 663-2 나박소진료소,덕산면,N,041-339-6251
충남,예산군,일반보건지소,덕산보건지소,32406,충남 예산군 덕산면 덕산온천로 391 덕산보건지소,덕산면,N,041-339-6202
충남,예산군,보건진료소,동부보건진료소,32448,충남 예산군 대흥면 형제고개로 344-1  (동부보건진료소),대흥면,N,041-339-6249
충남,예산군,보건진료소,만사보건진료소,32453,충남 예산군 신양면 만사여래미길 66-2 (만사보건진료소),신양면,N,041-339-6245
충남,예산군,보건진료소,몽곡보건진료소,32401,충남 예산군 고덕면 몽곡상몽길 22  (봉곡보건진료소),고덕면,N,041-339-6254
충남,예산군,보건진료소,보성보건진료소,32416,충남 예산군 삽교읍 다락로 104 (삽교보성보건진료소),삽교읍,N,041-339-6242
충남,예산군,일반보건지소,봉산보건지소,32404,충남 예산군 봉산면 황금뜰로 16 봉산보건지소,봉산면,N,041-339-6209
충남,예산군,보건진료소,봉산서부보건진료소,32405,충남 예산군 봉산면 사석하평길 52  (봉산서부보건진료소),봉산면,N,041-339-6252
충남,예산군,일반보건지소,삽교보건지소,32414,충남 예산군 삽교읍 두리3길 35,삽교읍,N,041-339-6152
충남,예산군,보건진료소,서초정보건진료소,32455,충남 예산군 광시면 서초정1길 35  서초정보건진료소,광시면,N,041-339-6247
충남,예산군,보건진료소,수철보건진료소,32422,충남 예산군 예산읍 수철길 416 (예산수철리보건진료소),예산읍,N,041-339-6241
충남,예산군,일반보건지소,신암보건지소,32418,충남 예산군 신암면 추사로 140 신암보건지소,신암면,N,041-339-6223
충남,예산군,일반보건지소,신양보건지소,32453,충남 예산군 신양면 신양1길 7 신양보건지소,신양면,N,041-339-6175
충남,예산군,보건진료소,양막보건진료소,32424,충남 예산군 오가면 내양막길 224  (오가 양막보건진료소),오가면,N,041-339-6256
충남,예산군,보건진료소,예동보건진료소,32445,충남 예산군 대술면 이티길 287  (대술예동보건진료소),대술면,N,041-339-6244
충남,예산군,일반보건지소,오가보건지소,32425,충남 예산군 오가면 오가중앙로 86-12 오가보건지소,오가면,N,041-339-6230
충남,예산군,일반보건지소,응봉보건지소,32435,충남 예산군 예산읍 군청로 22 예산군보건소 (예산군청),예산읍,N,041-339-8993
충남,예산군,보건진료소,입침보건진료소,32447,충남 예산군 응봉면 입침큰말길 30-33 1 (응봉입침보건진료소),응봉면,N,041-339-6250
충남,예산군,보건진료소,장복보건진료소,32442,충남 예산군 대술면 장복국화동길 54  (장복보건진료소),대술면,N,041-339-6243
충남,예산군,보건진료소,장신보건진료소,32456,충남 예산군 광시면 광시동로 452  (광시 장신보건진료소),광시면,N,041-339-6248
충남,예산군,보건진료소,조곡보건진료소,32420,충남 예산군 신암면 조곡길 104-6 조곡보건진료소,신암면,N,041-339-6255
충남,예산군,보건진료소,황계보건진료소,32454,충남 예산군 신양면 황계길 4  (황계보건진료소),신양면,N,041-339-6246
충남,천안시,보건소,천안시 동남구보건소,31131,충남 천안시 동남구 버들로 34 동남구보건소 (문화동),문화동,N,041-521-2650
충남,천안시,일반보건지소,광덕보건지소,330-923,충남 천안시 동남구 광덕면 신흥리3길 33,광덕면,N,041-521-2577
충남,천안시,보건진료소,덕전보건진료소,330-842,충남 천안시 동남구 목천읍 유왕골2길 10,목천읍,N,041-568-3393
충남,천안시,일반보건지소,동면보건지소,330-871,충남 천안시 동남구 동면 동산1길 15-1,동면,N,041-521-2583
충남,천안시,보건진료소,매성보건진료소,330-862,충남 천안시 동남구 병천면 봉항로 586,병천면,N,041-553-2716
충남,천안시,일반보건지소,목천보건지소,330-842,충남 천안시 동남구 목천읍 서리1길 41-9,목천읍,N,041-521-2574
충남,천안시,보건진료소,미죽보건진료소,330-911,충남 천안시 동남구 풍세면 미죽2길 6,풍세면,N,041-566-6881
충남,천안시,보건진료소,발산보건진료소,330-881,충남 천안시 동남구 수신면 발산1길 132,수신면,N,041-551-2881
충남,천안시,일반보건지소,병천보건지소,330-861,충남 천안시 동남구 병천면 병천2로 57,병천면,N,041-521-2581
충남,천안시,보건진료소,보산원보건진료소,330-921,충남 천안시 동남구 광덕면 보산원2길 36,광덕면,N,041-563-1665
충남,천안시,보건진료소,봉양보건진료소,330-893,충남 천안시 동남구 성남면 봉양5길 25,성남면,N,041-553-0766
충남,천안시,일반보건지소,북면보건지소,330-852,충남 천안시 동남구 북면 위례성로 724,북면,N,041-521-2578
충남,천안시,일반보건지소,성남보건지소,330-892,충남 천안시 동남구 성남면 신사대화로 141,성남면,N,041-521-2579
충남,천안시,일반보건지소,수신보건지소,330-882,충남 천안시 동남구 수신면 수신로 436,수신면,N,041-521-2580
충남,천안시,보건진료소,용정보건진료소,330-912,충남 천안시 동남구 풍세면 돈마루1길 29,풍세면,N,041-566-7796
충남,천안시,보건진료소,위례보건진료소,330-851,충남 천안시 동남구 북면 대평1길 108,북면,N,041-569-6103
충남,천안시,건강생활지원센터,청수건강생활지원센터,31194,충남 천안시 동남구 청수6로 106-3  (청수동),청수동,N,041-521-2657
충남,천안시,일반보건지소,풍세보건지소,330-913,충남 천안시 동남구 풍세면 상정1길 9,풍세면,N,041-521-2576
충남,천안시,보건진료소,행정보건진료소,330-922,충남 천안시 동남구 광덕면 차령고개로 1017,광덕면,N,041-566-6690
충남,천안시,보건진료소,화덕보건진료소,330-872,충남 천안시 동남구 동면 화덕1길 33,동면,N,041-568-4491
충남,천안시,보건진료소,화성보건진료소,330-892,충남 천안시 동남구 성남면 화성3길 21-9,성남면,N,041-569-8033
충남,천안시,보건소,천안시 서북구보건소,31162,충남 천안시 서북구 번영로 156,불당동,N,041-521-2552
충남,천안시,보건진료소,가산보건진료소,31026,충남 천안시 서북구 입장면 톨미길 17,입장면,N,041-582-5706
충남,천안시,보건진료소,군서보건진료소,31032,충남 천안시 서북구 직산읍 군서4길 2,직산읍,N,041-583-6193
충남,천안시,보건진료소,기로보건진료소,31056,충남 천안시 서북구 입장면 기로2길 6,입장면,N,041-583-9495
충남,천안시,일반보건지소,성거보건지소,31045,충남 천안시 서북구 성거읍 봉주로 469,성거읍,N,041-521-2572
충남,천안시,건강생활지원센터,성정건강생활지원센터,31137,충남 천안시 서북구 서부8길 29,성정동,N,041-521-2584
충남,천안시,일반보건지소,성환보건지소,31015,충남 천안시 서북구 성환읍 성환13길 7,성환읍,N,041-521-2571
충남,천안시,보건진료소,수향보건진료소,31005,충남 천안시 서북구 성환읍 지족향길 55,성환읍,N,041-582-7775
충남,천안시,보건진료소,신가보건진료소,31001,충남 천안시 서북구 성환읍 가동길 14-5,성환읍,N,041-581-6558
충남,천안시,보건진료소,안궁보건진료소,31003,충남 천안시 서북구 성환읍 안궁2길 92,성환읍,N,041-581-4926
충남,천안시,보건진료소,양당보건진료소,31029,충남 천안시 서북구 직산읍 양전길 50,직산읍,N,041-583-4927
충남,천안시,일반보건지소,입장보건지소,31055,충남 천안시 서북구 입장면 입장로 129,입장면,N,041-583-4927
충남,천안시,일반보건지소,직산보건지소,31049,충남 천안시 서북구 성거읍 봉주로 75,성거읍,N,041-521-2573
충남,청양군,보건의료원,청양군보건의료원,345-805,충남 청양군 청양읍 칠갑산로7길 54,청양읍,N,041-940-4515
충남,청양군,보건진료소,광암보건진료소,345-871,충남 청양군 운곡면 광암수령길 171-13,운곡면,N,041-940-4671
충남,청양군,일반보건지소,남양보건지소,345-851,충남 청양군 남양면 금천1길 5,남양면,N,041-940-4646
충남,청양군,일반보건지소,대치보건지소,345-893,충남 청양군 대치면 청산로 671-2,대치면,N,041-940-4618
충남,청양군,일반보건지소,목면보건지소,345-862,충남 청양군 목면 건지동길 5,목면,N,041-940-4630
충남,청양군,보건진료소,미당보건진료소,345-833,충남 청양군 장평면 낙지미당로 551,장평면,N,041-940-4687
충남,청양군,보건진료소,백금보건진료소,345-851,충남 청양군 남양면 도토실길 26,남양면,N,041-940-4689
충남,청양군,일반보건지소,비봉보건지소,345-882,충남 청양군 비봉면 충절로 2012,비봉면,N,041-940-4658
충남,청양군,보건진료소,수정보건진료소,345-823,충남 청양군 화성면 텃골길 186,화성면,N,041-940-4693
충남,청양군,보건진료소,신흥보건진료소,345-861,충남 청양군 목면 신흥큰길 263,목면,N,041-940-4679
충남,청양군,보건진료소,온암보건진료소,345-853,충남 청양군 남양면 돌보1길 15-21,남양면,N,041-940-4691
충남,청양군,보건진료소,와촌보건진료소,345-811,충남 청양군 정산면 새울길 330-15,정산면,N,041-940-4677
충남,청양군,보건진료소,왕진보건진료소,345-842,충남 청양군 청남면 금강변로 438,청남면,N,041-940-4683
충남,청양군,보건진료소,용천보건진료소,345-881,충남 청양군 비봉면 용천신원로 63-38,비봉면,N,041-940-4695
충남,청양군,일반보건지소,운곡보건지소,345-872,충남 청양군 운곡면 노루목길 6,운곡면,N,041-940-4612
충남,청양군,보건진료소,장곡보건진료소,345-891,충남 청양군 대치면 지천구곡로 522-4,대치면,N,041-940-4673
충남,청양군,일반보건지소,장평보건지소,345-832,충남 청양군 장평면 닭우리고개길 38,장평면,N,041-940-4640
충남,청양군,일반보건지소,정산보건지소,345-814,충남 청양군 정산면 정현길 13-3,정산면,N,041-940-4624
충남,청양군,보건진료소,지곡보건진료소,345-861,충남 청양군 목면 큰백길 524,목면,N,041-940-4681
충남,청양군,일반보건지소,청남보건지소,345-842,충남 청양군 청남면 명덕로 204,청남면,N,041-940-4635
충남,청양군,보건진료소,해남보건진료소,345-812,충남 청양군 정산면 충의로 1729-8,정산면,N,041-940-4675
충남,청양군,보건진료소,화산보건진료소,345-831,충남 청양군 장평면 화산로 335,장평면,N,041-940-4685
충남,청양군,일반보건지소,화성보건지소,345-822,충남 청양군 화성면 무한로 145,화성면,N,041-940-4652
충남,태안군,보건의료원,태안군보건의료원,32148,충남 태안군 태안읍 서해로 1952-16 태안군보건의료원 (태안군보건의료원),태안읍,N,041-671-5300
충남,태안군,일반보건지소,고남보건지소,32172,충남 태안군 고남면 옷점길 305 고남면보건지소 (고남면보건지소),고남면,N,041-671-5272
충남,태안군,보건진료소,관동보건진료소,32101,충남 태안군 이원면 원이로 1900 관동보건진료소 (관동보건진료소),이원면,N,041-672-8401
충남,태안군,일반보건지소,근흥보건지소,32129,충남 태안군 근흥면 근흥로 689-38 근흥면보건지소 (근흥면보건지소),근흥면,N,041-671-5274
충남,태안군,일반보건지소,남면보건지소,32154,충남 태안군 남면 달산포로 311 남면보건지소,남면,N,041-671-5273
충남,태안군,보건진료소,도내리보건진료소,32137,충남 태안군 태안읍 상도로 476 도내리보건진료소,태안읍,N,041-673-1174
충남,태안군,보건진료소,만리포보건진료소,32123,충남 태안군 소원면 서해로 33-33 만리포보건진료소 (만리포보건진료소),소원면,N,041-672-9646
충남,태안군,보건진료소,모항리보건진료소,32123,충남 태안군 소원면 모항파도로 102-6 모항보건진료소 (모항보건진료소),소원면,N,041-672-9634
충남,태안군,보건진료소,반곡리보건진료소,32149,충남 태안군 태안읍 반곡길 154 반곡보건진료소,태안읍,N,041-672-0248
충남,태안군,일반보건지소,소원보건지소,32120,충남 태안군 소원면 신덕길 16-8 소원면보건지소 (소원면보건지소),소원면,N,041-671-5275
충남,태안군,보건진료소,신두리보건진료소,32108,충남 태안군 원북면 신두로 326 신두리보건진료소 (신두리보건소),원북면,N,041-675-6111
충남,태안군,보건진료소,신온리보건진료소,32158,충남 태안군 남면 마검포길 104-8 신온보건진료소 (신온보건진료소),남면,N,041-675-5678
충남,태안군,보건진료소,안기리보건진료소,32127,충남 태안군 근흥면 명장길 6-10 안기리보건진료소 (안기리진료보건소),근흥면,N,041-673-0867
충남,태안군,건강생활지원센터,안면읍건강생활지원센터,32164,충남 태안군 안면읍 장터로 149 안면읍건강생활지원센터,안면읍,N,041-671-5271
충남,태안군,일반보건지소,원북보건지소,32109,충남 태안군 원북면 상리길 17-4 원북면보건지소,원북면,N,041-671-5276
충남,태안군,보건진료소,의항리보건진료소,32121,충남 태안군 소원면 개목길 25-7 의항리보건진료소,소원면,N,041-675-9113
충남,태안군,일반보건지소,이원보건지소,32103,충남 태안군 이원면 원이로 1538 이원면보건지소 (이원면보건지소),이원면,N,041-671-5277
충남,태안군,보건진료소,장곡리보건진료소,32170,"충남 태안군 고남면 큰장돌길 128-1, 장곡보건진료소  (장곡보건진료소)",고남면,N,041-673-3214
충남,태안군,보건진료소,정죽리보건진료소,32131,충남 태안군 근흥면 안흥1길 29  (보건진료소),근흥면,N,041-675-1311
충남,태안군,보건진료소,중장리보건진료소,32168,충남 태안군 안면읍 율포길 14 중장리보건진료소,안면읍,N,041-673-5713
충남,태안군,보건진료소,창기리보건진료소,32162,충남 태안군 안면읍 황도로 37 창기리보건진료소 (창기리보건진료소),안면읍,N,041-673-5566
충남,태안군,보건진료소,파도리보건진료소,32124,충남 태안군 소원면 구모배길 27 파도리보건진료소 (파도리보건소),소원면,N,041-672-7290
충남,태안군,보건진료소,황도리보건진료소,32160,충남 태안군 안면읍 풍어제길 65-9,안면읍,N,041-673-8252
충남,태안군,보건진료소,황방이보건진료소,32106,충남 태안군 원북면 옥파로 754 황방이보건진료소 (황방이보건진료소),원북면,N,041-674-7100
충남,홍성군,보건소,홍성군보건소,32236,충남 홍성군 홍성읍 문화로 106,홍성읍,N,041-632-2588
충남,홍성군,일반보건지소,갈산보건지소,350-853,충남 홍성군 갈산면 갈산로120번길 6,갈산면,N,041-633-2552
충남,홍성군,일반보건지소,결성보건지소,350-873,충남 홍성군 결성면 홍남서로 708,결성면,N,041-642-8019
충남,홍성군,보건진료소,광성보건진료소,350-892,충남 홍성군 장곡면 장곡길416번길 21-1,장곡면,N,041-642-5091
충남,홍성군,일반보건지소,광천보건지소,32292,충남 홍성군 광천읍 광천로342번길 광천복합공공청사 및 문예회관,광천읍,N,041-630-9224
충남,홍성군,일반보건지소,구항보건지소,32213,"충남 홍성군 구항면 구항길 109, 1동",구항면,N,041-630-9952
충남,홍성군,보건진료소,금당보건진료소,350-812,충남 홍성군 홍동면 초롱산길 16,홍동면,N,041-633-6955
충남,홍성군,일반보건지소,금마보건지소,32280,충남 홍성군 금마면 광금북로 474  (금마보건지소),금마면,N,041-630-9886
충남,홍성군,보건진료소,남당보건진료소,350-861,충남 홍성군 서부면 남당항로228번길 14-14,서부면,N,041-632-8285
충남,홍성군,일반보건지소,내포보건지소,350-831,충남 홍성군 홍북면 충남대로 21,홍북읍,N,041-630-9973
충남,홍성군,보건진료소,대율보건진료소,350-881,충남 홍성군 은하면 은하로 582,은하면,N,041-642-4353
충남,홍성군,보건진료소,묵동보건진료소,350-843,충남 홍성군 구항면 거북로8번길 5-33,구항면,N,041-641-0330
충남,홍성군,보건진료소,봉서보건진료소,350-822,충남 홍성군 금마면 금마로 424,금마면,N,041-633-6955
충남,홍성군,보건진료소,산수보건진료소,350-833,충남 홍성군 홍북면 금북로 354-12,홍북읍,N,041-632-9576
충남,홍성군,보건진료소,산직보건진료소,350-852,충남 홍성군 갈산면 갈산서길249번길 8,갈산면,N,041-633-1989
충남,홍성군,일반보건지소,서부보건지소,32204,충남 홍성군 서부면 이호길 41  (서부보건지소),서부면,N,041-630-9935
충남,홍성군,보건진료소,서지동보건진료소,350-871,충남 홍성군 결성면 만해로497번길 3,결성면,N,041-633-1261
충남,홍성군,보건진료소,용봉보건진료소,350-834,충남 홍성군 홍북면 용봉산3길 136,홍북읍,N,041-633-2357
충남,홍성군,보건진료소,용호보건진료소,350-871,충남 홍성군 결성면 백야로 252,결성면,N,041-633-2357
충남,홍성군,일반보건지소,은하보건지소,32210,충남 홍성군 은하면 은하로 267  (은하보건지소),은하면,N,041-630-9916
충남,홍성군,일반보건지소,장곡보건지소,32298,충남 홍성군 장곡면 홍남동로 502  (장곡보건지소),장곡면,N,041-630-9905
충남,홍성군,보건진료소,천태보건진료소,350-894,충남 홍성군 장곡면 무한로1181번길 9,장곡면,N,041-642-6271
충남,홍성군,보건진료소,판교보건진료소,350-863,충남 홍성군 서부면 홍남서로375번길 3,서부면,N,041-642-8399
충남,홍성군,일반보건지소,홍동보건지소,32284,충남 홍성군 홍동면 광금남로 679  (홍동보건지소),홍동면,N,041-630-9891
충남,홍성군,일반보건지소,홍북보건지소,32278,충남 홍성군 홍북면 홍북로 442  (홍북보건지소),홍북읍,N,041-630-9875
충남,홍성군,보건진료소,화신보건진료소,350-813,충남 홍성군 홍동면 홍남동로183번길 389-5,홍동면,N,041-634-2323
전북,고창군,보건소,고창군보건소,56442,전북 고창군 고창읍 전봉준로 90 (고창군보건소),고창읍,N,063-560-8714
전북,고창군,보건진료소,가평보건진료소,56423,전북 고창군 신림면 가평로 478 -0 (가평보건진료소),신림면,N,063-560-8798
전북,고창군,보건진료소,강남보건진료소,56456,전북 고창군 무장면 석곡로 65 -0 (강남보건진료소),무장면,N,063-560-8784
전북,고창군,일반보건지소,고수면보건지소,56447,전북 고창군 고수면 고인돌대로 1408-5 (00) (고수면보건지소),고수면,N,063-560-8168
전북,고창군,일반보건지소,공음면보건지소,56460,전북 고창군 공음면 공음길 89 -00 (공음면보건지소),공음면,N,063-560-8258
전북,고창군,보건진료소,관동보건진료소,56464,전북 고창군 성송면 관동로 234 -00 (관동보건진료소),성송면,N,063-560-8791
전북,고창군,보건진료소,금평보건진료소,56406,전북 고창군 해리면 금평1길 17 -00 (금평보건진료소),해리면,N,063-560-8790
전북,고창군,보건진료소,낙산보건진료소,56420,전북 고창군 성내면 은낙길 71 -00 (낙산보건진료소),성내면,N,063-560-8796
전북,고창군,보건진료소,내창보건진료소,56446,전북 고창군 고수면 내창수곡길 95-2 -00 (내창보건진료소),고수면,N,063-560-8782
전북,고창군,일반보건지소,대산면보건지소,56468,전북 고창군 대산면 공음대산로 936-9 -00 (대산보건지소),대산면,N,063-560-8378
전북,고창군,보건진료소,덕산보건진료소,56419,전북 고창군 성내면 근촌로 274-12 -00 (덕산보건진료소),성내면,N,063-560-8797
전북,고창군,보건진료소,덕정보건진료소,56442,전북 고창군 고창읍 전봉준로 204-2 -00 (덕정보건진료소),고창읍,N,063-560-8780
전북,고창군,일반보건지소,무장면보건지소,56457,전북 고창군 무장면 청보리로 1544 -00,무장면,N,063-560-8228
전북,고창군,보건진료소,반암보건진료소,56452,전북 고창군 아산면 인천강변로 656 -00 (반암보건진료소),아산면,N,063-560-8783
전북,고창군,보건진료소,백양보건진료소,56448,전북 고창군 고창읍 백양길 20 -00 (백양보건진료소),고창읍,N,063-560-8781
전북,고창군,일반보건지소,부안면보건지소,56416,전북 고창군 부안면 난산1길 17 -00 (부안면보건지소),부안면,N,063-560-8528
전북,고창군,보건진료소,사반보건진료소,56406,전북 고창군 해리면 봉수로 669 -00 (사반보건진료소),해리면,N,063-560-8789
전북,고창군,보건진료소,상암보건진료소,56418,전북 고창군 부안면 인촌로 534 -00 (상암보건진료소),부안면,N,063-560-8799
전북,고창군,보건진료소,상하보건진료소,56410,전북 고창군 상하면 상하로 86 (상하보건진료소),상하면,N,063-560-8751
전북,고창군,보건진료소,선운보건진료소,56418,전북 고창군 부안면 질마재로 29-20 -00,부안면,N,063-560-8750
전북,고창군,일반보건지소,성내면보건지소,56420,전북 고창군 성내면 시기1길 43 -00 (성내면보건지소),성내면,N,063-560-8468
전북,고창군,보건진료소,성동보건진료소,56467,전북 고창군 대산면 성동길 9-4 -00 (성동보건진료소),대산면,N,063-560-8793
전북,고창군,일반보건지소,성송면보건지소,56465,전북 고창군 성송면 대성로 763-4 -00 (성송면보건지소),성송면,N,063-560-8348
전북,고창군,보건진료소,송산보건진료소,56462,전북 고창군 공음면 건동길 71-20 -00 (송산보건진료소),공음면,N,063-560-8785
전북,고창군,일반보건지소,신림면보건지소,56422,전북 고창군 신림면 임리1길 9 -00 (신림면보건지소),신림면,N,063-560-8498
전북,고창군,일반보건지소,심원면보건지소,56400,전북 고창군 심원면 심원로 209 -00 (심원면보건지소),심원면,N,063-560-8408
전북,고창군,일반보건지소,아산면보건지소,56453,전북 고창군 아산면 녹두로 763 -00 (아산면 보건지소),아산면,N,063-560-8197
전북,고창군,보건진료소,용반보건진료소,56412,전북 고창군 흥덕면 용반안길 63 -00 (용반보건진료소),흥덕면,N,063-560-8795
전북,고창군,보건진료소,자룡보건진료소,56408,전북 고창군 상하면 진암구시포로 344 -00 (자룡보건진료소),상하면,N,063-560-8788
전북,고창군,보건진료소,장호보건진료소,56407,전북 고창군 상하면 용사길 5 -00 (장호보건진료소),상하면,N,063-560-8787
전북,고창군,보건진료소,정동보건진료소,56401,전북 고창군 심원면 고전로 256 -00 (정동보건진료소),심원면,N,063-560-8378
전북,고창군,보건진료소,평촌보건진료소,56463,전북 고창군 공음면 덕암로 257 -00 (평촌보건진료소),공음면,N,063-560-8786
전북,고창군,보건진료소,하전보건진료소,56400,전북 고창군 심원면 동전길 30-14 (하전보건진료소),심원면,N,063-560-8752
전북,고창군,보건진료소,해룡보건진료소,56469,전북 고창군 대산면 해룡로 95 -00 (해룡보건진료소),대산면,N,063-560-8792
전북,고창군,통합보건지소,해리통합보건지소,56402,전북 고창군 해리면 해리중앙로 174 -00 (해리통합보건지소),해리면,N,063-560-8318
전북,고창군,보건진료소,후포보건진료소,56411,전북 고창군 흥덕면 후포후동길 3-10,흥덕면,N,063-560-8800
전북,고창군,일반보건지소,흥덕면보건지소,56415,전북 고창군 흥덕면 흥덕초등길 16 -00 (흥덕면보건지소),흥덕면,N,063-560-8438
전북,군산시,보건소,군산시보건소,54091,전북 군산시 수송동로 58  (군산시 보건소),수송동,N,063-462-4923
전북,군산시,일반보건지소,개야도보건지소,54000,전북 군산시 옥도면 개야도6길 22,옥도면,Y,063-454-5157
전북,군산시,일반보건지소,개정보건지소,54065,전북 군산시 개정면 신발산길 10  (개정 보건지소),개정면,N,063-454-5121
전북,군산시,일반보건지소,군산산업보건지소,54001,"전북 군산시 자유로 482  (오식도동, 군산산업단지보건지소)",오식도동,N,063-454-5163
전북,군산시,보건진료소,금성보건진료소,54177,전북 군산시 옥산면 배그매2길 31  (금성보건진료소),옥산면,N,063-466-6252
전북,군산시,보건진료소,금암보건진료소,54053,전북 군산시 서수면 청룡로 347  (금암보건진료소),서수면,N,063-453-3963
전북,군산시,일반보건지소,나포보건지소,54048,전북 군산시 나포면 나포초교길 13  (나포보건지소),나포면,N,063-454-5133
전북,군산시,보건진료소,당북보건진료소,54173,전북 군산시 옥산면 외당원길 9-3  (당북보건진료소),옥산면,N,063-463-7631
전북,군산시,보건진료소,대광보건진료소,54063,전북 군산시 대야면 대광길 32-2  (대광보건진료소),대야면,N,063-451-3249
전북,군산시,일반보건지소,대야면보건지소,54061,전북 군산시 대야면 백마길 16  (대야면보건지소),대야면,N,063-454-5075
전북,군산시,보건진료소,대차보건진료소,54062,전북 군산시 대야면 대차길 9  (대차보건진료소),대야면,N,063-451-4149
전북,군산시,보건진료소,무녀도보건진료소,54000,전북 군산시 옥도면 무녀도동길 65  (무녀도보건진료소),옥도면,Y,063-466-4161
전북,군산시,보건진료소,비안도리보건진료소,54000,전북 군산시 옥도면 비안도1길 6  (비안도보건진료소),옥도면,Y,063-461-2392
전북,군산시,보건진료소,상장곤보건진료소,54052,전북 군산시 서수면 상장곤길 16-3  (상장곤보건진료소),서수면,N,063-453-7159
전북,군산시,건강생활지원센터,서부건강생활지원센터,54011,전북 군산시 설림5길 83,소룡동,N,063-454-5172
전북,군산시,일반보건지소,서수보건지소,54055,전북 군산시 서수면 항쟁로 237,서수면,N,063-454-5114
전북,군산시,일반보건지소,선유도보건지소,573-816,전북 군산시 옥도면 선유북길 74-11,옥도면,Y,063-454-5149
전북,군산시,보건진료소,성덕보건진료소,54045,전북 군산시 성산면 성덕길 50-3  (성산면 보건진료소),성산면,N,063-453-6581
전북,군산시,일반보건지소,성산보건지소,54046,"전북 군산시 성산면 동군산로 36 (고봉리, 성산면보건지소)",성산면,N,063-454-5127
전북,군산시,보건진료소,술산보건진료소,54057,전북 군산시 임피면 남산로 43  (술산보건진료소),임피면,N,063-453-3291
전북,군산시,보건진료소,신당보건진료소,54177,"전북 군산시 회현면 신당길 18, (신당보건진료소)",회현면,N,063-466-5963
전북,군산시,보건진료소,신시도보건진료소,54000,전북 군산시 옥도면 신시도1길 7-1  (신시도보건진료소),옥도면,N,063-461-2746
전북,군산시,일반보건지소,어청도보건지소,54000,전북 군산시 옥도면 어청도길 98  (어청도보건지소),옥도면,Y,063-454-5143
전북,군산시,보건진료소,연도보건진료소,54000,전북 군산시 옥도면 연도2길 5-2  (연도보건진료소),옥도면,Y,063-461-2274
전북,군산시,보건진료소,열대자보건진료소,54159,"전북 군산시 신창안길 42  (산북동, 열대자보건진료소)",산북동,N,063-466-2684
전북,군산시,일반보건지소,옥구보건지소,54172,전북 군산시 옥구읍 옥구로 21  (옥구읍보건지소),옥구읍,N,063-454-5084
전북,군산시,일반보건지소,옥산보건지소,54176,전북 군산시 옥산면 여로2길 30(옥산면보건지소),옥산면,N,063-454-5092
전북,군산시,통합보건지소,옥서통합보건지소,54170,"전북 군산시 옥서면 옥봉들3길 10, (옥서통합보건지소)",옥서면,N,063-454-5064
전북,군산시,보건진료소,우포보건진료소,54179,전북 군산시 옥구읍 우포길 15 (우포보건진료소),옥구읍,N,063-464-9305
전북,군산시,보건진료소,원나포보건진료소,54048,전북 군산시 나포면 철새로 985  (원나포보건진료소),나포면,N,063-453-1382
전북,군산시,보건진료소,월하산보건진료소,54179,전북 군산시 회현면 월하산2길 5  (월하산보건진료소),회현면,N,063-466-5879
전북,군산시,일반보건지소,임피보건지소,54056,전북 군산시 임피면 남상2길 1-1  (임피면보건지소),임피면,N,063-454-5106
전북,군산시,보건진료소,창오보건진료소,54047,"전북 군산시 성산면 창오2길 6, (창오보건진료소)",성산면,N,063-453-2263
전북,군산시,일반보건지소,회현보건지소,54177,전북 군산시 회현면 광지산길 8  (회현면보건지소),회현면,N,063-454-5098
전북,김제시,보건소,김제시보건소,576-807,전북 김제시 성산길 138,요촌동,N,063-540-1300
전북,김제시,일반보건지소,공덕보건지소,576-922,전북 김제시 공덕면 공덕로 222-13,공덕면,N,063-540-4048
전북,김제시,보건진료소,관상보건진료소,576-891,전북 김제시 청하면 청하6길 20,청하면,N,063-543-1392
전북,김제시,일반보건지소,광활보건지소,576-851,전북 김제시 광활면 광활로 448,광활면,N,063-540-4088
전북,김제시,일반보건지소,금구보건지소,54351,전북 김제시 금구면 양시7길 56,금구면,N,063-540-4065
전북,김제시,일반보건지소,금산보건지소,576-962,전북 김제시 금산면 원평8길 21,금산면,N,063-540-4080
전북,김제시,보건진료소,남산보건진료소,576-933,전북 김제시 황산면 봉진1길 8,황산면,N,063-546-4762
전북,김제시,보건진료소,대동보건진료소,576-861,전북 김제시 만경읍 대동1길 48,만경읍,N,063-542-5992
전북,김제시,보건진료소,동부보건진료소,576-851,전북 김제시 광활면 광활6길 259,광활면,N,063-543-6723
전북,김제시,일반보건지소,만경보건지소,54307,전북 김제시 만경읍 만경3길 20,만경읍,N,063-540-4024
전북,김제시,보건진료소,모산보건진료소,576-973,전북 김제시 용지면 황토로 418,용지면,N,063-542-3444
전북,김제시,보건진료소,묘동보건진료소,576-974,전북 김제시 용지면 용덕길 30,용지면,N,063-542-9246
전북,김제시,일반보건지소,백구보건지소,576-914,전북 김제시 백구면 황토로 1267-21,백구면,N,063-540-4035
전북,김제시,보건진료소,백학보건진료소,576-090,전북 김제시 백학3길 71,순동,N,063-547-4427
전북,김제시,보건진료소,복죽보건진료소,54370,전북 김제시 복죽5길 34-4,복죽동,N,063-542-1625
전북,김제시,일반보건지소,봉남보건지소,54356,전북 김제시 봉남면 봉남로 419,봉남면,N,063-540-4070
전북,김제시,일반보건지소,부량보건지소,54425,전북 김제시 부량면 부량로 13,부량면,N,063-540-4042
전북,김제시,보건진료소,부신보건진료소,576-881,전북 김제시 백산면 부거1길 33,백산면,N,063-546-9484
전북,김제시,보건진료소,부용보건진료소,576-914,전북 김제시 백구면 봉의로 384,백구면,N,063-542-7742
전북,김제시,보건진료소,불로보건진료소,576-942,전북 김제시 금구면 청운4길 68-16,금구면,N,063-546-4947
전북,김제시,보건진료소,상정보건진료소,576-882,전북 김제시 백산면 종정1길 16,백산면,N,063-546-1659
전북,김제시,일반보건지소,성덕보건지소,576-843,전북 김제시 성덕면 석동1길 16,성덕면,N,063-540-4055
전북,김제시,보건진료소,성덕보건진료소,576-843,전북 김제시 성덕면 고현길 23,성덕면,N,063-543-7774
전북,김제시,보건진료소,성동보건진료소,576-842,전북 김제시 성덕면 신평로 349,성덕면,N,063-543-7786
전북,김제시,보건진료소,신두보건진료소,576-822,전북 김제시 부량면 신두길 32,부량면,N,063-546-9372
전북,김제시,보건진료소,심포보건진료소,576-874,전북 김제시 진봉면 심포3길 4,진봉면,N,063-543-6517
전북,김제시,보건진료소,양전보건진료소,576-802,전북 김제시 수월길 15,월성동,N,063-548-8824
전북,김제시,일반보건지소,용지보건지소,576-971,전북 김제시 용지면 용지로 475,용지면,N,063-540-4030
전북,김제시,보건진료소,용화보건진료소,576-962,전북 김제시 금산면 모악13길 10,금산면,N,063-548-4243
전북,김제시,보건진료소,장흥보건진료소,576-863,전북 김제시 만경읍 화포로 486,만경읍,N,063-542-9686
전북,김제시,보건진료소,조종보건진료소,576-884,전북 김제시 백산면 조종3길 6,백산면,N,063-546-9871
전북,김제시,일반보건지소,죽산보건지소,576-832,전북 김제시 죽산면 해학로 35,죽산면,N,063-540-4025
전북,김제시,일반보건지소,진봉보건지소,576-872,전북 김제시 진봉면 진봉1길 15-3,진봉면,N,063-540-4060
전북,김제시,보건진료소,창제보건진료소,576-853,전북 김제시 광활면 창제1길 29,광활면,N,063-543-6324
전북,김제시,일반보건지소,청하보건지소,576-893,전북 김제시 청하면 만경로 1442,청하면,N,063-540-4050
전북,김제시,보건진료소,평지보건진료소,576-963,전북 김제시 금산면 수류6길 9,금산면,N,063-544-5236
전북,김제시,보건진료소,해창보건진료소,576-832,전북 김제시 죽산면 명량1길 6,죽산면,N,063-546-2534
전북,김제시,일반보건지소,황산보건지소,576-932,전북 김제시 황산면 용마로 70,황산면,N,063-540-4075
전북,김제시,보건진료소,회룡보건진료소,576-923,전북 김제시 공덕면 송지동3길 14,공덕면,N,063-542-9803
전북,김제시,보건진료소,회성보건진료소,576-953,전북 김제시 봉남면 봉황로 538,봉남면,N,063-543-8583
전북,남원시,보건소,남원시보건소,55766,"전북 남원시 요천로 1285  (조산동, 남원시보건소)",조산동,N,063-625-4000
전북,남원시,보건진료소,건지보건진료소,55714,전북 남원시 인월면 유곡로 394-5  (건지보건진료소),인월면,N,063-620-5483
전북,남원시,보건진료소,공안보건진료소,55720,전북 남원시 운봉읍 공안길 59  (공안보건진료소),운봉읍,N,063-620-5463
전북,남원시,통합보건지소,금지주생통합보건지소,55784,전북 남원시 금지면 요천로 550  (금지.주생보건지소),금지면,N,063-620-5340
전북,남원시,보건진료소,남계보건진료소,55721,전북 남원시 이백면 닭뫼길 8  (남계보건진료소),이백면,N,063-620-5482
전북,남원시,보건진료소,남창보건진료소,55792,전북 남원시 수지면 남창길 25  (남창보건진료소),수지면,N,063-620-5466
전북,남원시,일반보건지소,대강면보건지소,55788,전북 남원시 대강면 섬진로 863  (대강면보건지소),대강면,N,063-620-5360
전북,남원시,보건진료소,대곡보건진료소,55780,전북 남원시 대산면 상대실1길 4  (대곡보건진료소),대산면,N,063-620-5473
전북,남원시,일반보건지소,대산면보건지소,55779,전북 남원시 대산면 운교1길 20  (대산면 보건지소),대산면,N,063-620-5370
전북,남원시,보건진료소,대상보건진료소,55708,전북 남원시 산동면 대기대상길 230  (대상보건진료소),산동면,N,063-620-5481
전북,남원시,보건진료소,대율보건진료소,55703,전북 남원시 사매면 대율2길 6  (대율보건진료소),사매면,N,063-620-5475
전북,남원시,일반보건지소,덕과면보건지소,55700,전북 남원시 덕과면 덕오로 296  (덕과면보건지소),덕과면,N,063-620-5390
전북,남원시,보건진료소,덕치보건진료소,55720,전북 남원시 주천면 구룡폭포길 387-11  (덕치보건진료소),주천면,N,063-620-5464
전북,남원시,보건진료소,도산보건진료소,55783,전북 남원시 주생면 상도길 20  (도산보건진료소),주생면,N,063-620-5469
전북,남원시,보건진료소,매요보건진료소,55716,전북 남원시 운봉읍 매요길 51  (매요보건진료소),운봉읍,N,063-620-5462
전북,남원시,일반보건지소,보절면보건지소,55706,전북 남원시 보절면 신흥2길 23  (보절면 보건지소),보절면,N,063-620-5400
전북,남원시,보건진료소,봉대보건진료소,55713,전북 남원시 아영면 승전로 855  (봉대보건진료소),아영면,N,063-620-5484
전북,남원시,보건진료소,부절보건진료소,55709,전북 남원시 산동면 요천상로 361  (부절보건진료소),산동면,N,063-620-5480
전북,남원시,일반보건지소,사매면보건지소,55702,전북 남원시 사매면 오신1길 8  (사매면보건지소),사매면,N,063-620-5380
전북,남원시,보건진료소,사촌보건진료소,55705,전북 남원시 보절면 사계로 402  (사촌보건진료소),보절면,N,063-620-5478
전북,남원시,일반보건지소,산내면보건지소,55804,전북 남원시 산내면 대정길 21  (산내면보건지소),산내면,N,063-620-5450
전북,남원시,일반보건지소,산동면보건지소,55708,전북 남원시 산동면 요천로 2922  (산동면 보건지소),산동면,N,063-620-5410
전북,남원시,보건진료소,생암보건진료소,55789,전북 남원시 대강면 광암길 10  (생암보건진료소),대강면,N,063-620-5472
전북,남원시,보건진료소,서도보건진료소,55704,전북 남원시 사매면 서도길 38  (서도보건진료소),사매면,N,063-620-5474
전북,남원시,일반보건지소,송동면보건지소,55793,전북 남원시 송동면 송기길 58-1  (송동면보건지소),송동면,N,063-620-5330
전북,남원시,일반보건지소,수지면보건지소,55791,전북 남원시 수지면 고주로 635-10  (수지면보건지소),수지면,N,063-620-5320
전북,남원시,보건진료소,수홍보건진료소,55787,전북 남원시 대강면 수촌2길 6  (수홍보건진료소),대강면,N,063-620-5471
전북,남원시,보건진료소,신양보건진료소,55701,전북 남원시 덕과면 비촌길 105  (신양보건진료소),덕과면,N,063-620-5476
전북,남원시,보건진료소,신월보건진료소,55786,전북 남원시 금지면 택내길 13  (신월보건진료소),금지면,N,063-620-5470
전북,남원시,일반보건지소,아영면보건지소,55712,전북 남원시 아영면 아백로 384  (아영면보건지소),아영면,N,063-620-5440
전북,남원시,보건진료소,연산보건진료소,55793,전북 남원시 송동면 송동연산길 1  (연산보건진료소),송동면,N,063-620-5467
전북,남원시,보건진료소,용산보건진료소,55700,전북 남원시 덕과면 덕과로 583  (용산보건진료소),덕과면,N,063-620-5477
전북,남원시,일반보건지소,운봉읍보건지소,55718,"전북 남원시 운봉읍 황산로 1083, 운봉읍보건지소  (운봉읍보건지소)",운봉읍,N,063-620-5300
전북,남원시,일반보건지소,이백면보건지소,55722,"전북 남원시 이백면 과리길 14, (이백면보건지소)",이백면,N,063-620-5420
전북,남원시,일반보건지소,인월면보건지소,55715,"전북 남원시 인월면 인월장터로 53, (인월면보건지소)",인월면,N,063-620-5430
전북,남원시,보건진료소,장교보건진료소,55719,전북 남원시 운봉읍 고남로 103  (장교보건진료소),운봉읍,N,063-620-5461
전북,남원시,보건진료소,장국보건진료소,55790,전북 남원시 송동면 부석안길 36  (장국보건진료소),송동면,N,063-620-5468
전북,남원시,일반보건지소,주천면보건지소,55802,전북 남원시 주천면 정령치로 55  (주천면보건지소),주천면,N,063-620-5310
전북,남원시,보건진료소,진기보건진료소,55706,전북 남원시 보절면 진기금다길 83  (진기보건진료소),보절면,N,063-620-5479
전북,남원시,보건진료소,하주보건진료소,55803,전북 남원시 주천면 고주로 1276  (하주보건진료소),주천면,N,063-620-5465
전북,무주군,보건의료원,무주군보건의료원,55515,전북 무주군 무주읍 한풍루로 413  (무주군보건의료원),무주읍,N,063-320-8322
전북,무주군,보건진료소,가정보건진료소,55500,전북 무주군 부남면 부남로 1782  (가정보건진료소),부남면,N,063-322-0572
전북,무주군,보건진료소,공정보건진료소,55539,전북 무주군 안성면 칠연로 338,안성면,N,063-323-0299
전북,무주군,보건진료소,공진보건진료소,55543,전북 무주군 안성면 장무로 1561  (공진보건진료소),안성면,N,063-323-0197
전북,무주군,보건진료소,구천보건진료소,55557,전북 무주군 설천면 구천동로 833  (구천동보건진료소),설천면,N,063-322-3239
전북,무주군,보건진료소,대미보건진료소,568-813,전북 무주군 설천면 외북길 25,설천면,N,063-320-8314
전북,무주군,보건진료소,덕지보건진료소,55562,전북 무주군 무풍면 대덕산로 202,무풍면,N,063-322-0577
전북,무주군,일반보건지소,무풍보건지소,55559,전북 무주군 무풍면 현내로 234  (무풍보건지소),무풍면,N,063-324-5403
전북,무주군,일반보건지소,부남보건지소,55503,전북 무주군 부남면 대소길 3  (부남면주민자치센터),부남면,N,063-322-1540
전북,무주군,보건진료소,삼방보건진료소,55533,전북 무주군 적상면 장삼재로 467-6,적상면,N,063-324-5772
전북,무주군,보건진료소,상곡보건진료소,55529,전북 무주군 적상면 괴목로 532,적상면,N,063-324-1174
전북,무주군,일반보건지소,설천보건지소,55549,"전북 무주군 설천면 무설로 1607  (119안전센터설천지역대,설천면주민자치센터)",설천면,N,063-324-7086
전북,무주군,일반보건지소,안성보건지소,55535,전북 무주군 안성면 안성로 253  (안성보건지소),안성면,N,063-323-3262
전북,무주군,보건진료소,장안보건진료소,55504,전북 무주군 부남면 노루재로 556  (장안보건진료소),부남면,N,063-322-0968
전북,무주군,일반보건지소,적상보건지소,55527,전북 무주군 적상면 적상산로 51,적상면,N,063-324-6276
전북,무주군,보건진료소,진도보건진료소,55534,전북 무주군 안성면 오천길 7  (진도보건진료소),안성면,N,063-323-0771
전북,부안군,보건소,부안군보건소,56314,전북 부안군 부안읍 오리정로 124  (부안군보건소),부안읍,N,063-584-1261
전북,부안군,보건진료소,격포보건진료소,56337,전북 부안군 변산면 격포로 250  (격포보건진료소),변산면,N,063-583-3332
전북,부안군,일반보건지소,계화보건지소,56301,전북 부안군 계화면 간재로 405  계화보건지소,계화면,N,063-583-2237
전북,부안군,보건진료소,계화보건진료소,56300,전북 부안군 계화면 계화4길 73  (계화보건진료소),계화면,N,063-582-1921
전북,부안군,보건진료소,내요보건진료소,56320,전북 부안군 부안읍 돌모산로 63  (내요보건진료소),부안읍,N,063-582-9013
전북,부안군,보건진료소,대수보건진료소,56322,전북 부안군 백산면 대소수안길 11  (대수보건진료소),백산면,N,063-582-2096
전북,부안군,보건진료소,대초보건진료소,56319,전북 부안군 행안면 대초길 8  (대초보건진료소),행안면,N,063-582-9198
전북,부안군,보건진료소,덕림보건진료소,56327,전북 부안군 주산면 덕림로 262  (덕림보건진료소),주산면,N,063-583-1026
전북,부안군,보건진료소,돈지보건진료소,56331,전북 부안군 계화면 의복로 1  (돈지보건진료소),계화면,N,063-582-1184
전북,부안군,일반보건지소,동진보건지소,56303,전북 부안군 동진면 동진로 93  (동진보건소),동진면,N,063-582-9943
전북,부안군,일반보건지소,백산보건지소,56323,전북 부안군 백산면 백산로 355,백산면,N,063-582-2972
전북,부안군,일반보건지소,변산보건지소,56342,전북 부안군 변산면 지서로 77-1  (변산면 보건지소),변산면,N,063-582-8143
전북,부안군,일반보건지소,보안보건지소,56329,전북 부안군 보안면 영전길 19-19  (보안보건지소),보안면,N,063-583-9490
전북,부안군,보건진료소,상림보건진료소,56328,전북 부안군 보안면 보안로 531  (상림보건진료소),보안면,N,063-582-3654
전북,부안군,일반보건지소,상서보건지소,56335,전북 부안군 상서면 부안로 2003,상서면,N,063-582-5576
전북,부안군,보건진료소,식도보건진료소,56348,전북 부안군 위도면 식도1길 17-1  (식도보건진료소),위도면,Y,063-583-5679
전북,부안군,일반보건지소,위도보건지소,56348,전북 부안군 위도면 벌금잔등로 42  (위도면보건소),위도면,Y,063-584-6238
전북,부안군,보건진료소,조포보건진료소,56302,전북 부안군 계화면 새포로 759-3  (조포보건진료소),계화면,N,063-582-1920
전북,부안군,일반보건지소,주산보건지소,56327,전북 부안군 주산면 선돌로 362  (주산보건지소),주산면,N,063-582-6724
전북,부안군,일반보건지소,줄포보건지소,56326,전북 부안군 줄포면 줄포4길 4  (줄포보건지소),줄포면,N,063-583-9493
전북,부안군,보건진료소,증산보건진료소,56302,전북 부안군 동진면 증산길 89  (증산보건진료소),동진면,N,063-583-6359
전북,부안군,일반보건지소,진서보건지소,56346,전북 부안군 진서면 곰소8길 16  (진서보건지소),진서면,N,063-582-7206
전북,부안군,일반보건지소,하서보건지소,56333,전북 부안군 하서면 하서길 55  (하서보건지소),하서면,N,063-583-5075
전북,순창군,보건의료원,순창군보건의료원,56049,전북 순창군 순창읍 교성로 135  (순창군보건의료원),순창읍,N,063-650-5200
전북,순창군,일반보건지소,구림면보건지소,56012,전북 순창군 구림면 방화로 7  (구림면보건지소),구림면,N,063-650-5594
전북,순창군,보건진료소,구미보건진료소,56026,전북 순창군 동계면 귀미2길 9-14  (구미보건진료소),동계면,N,063-650-5283
전북,순창군,일반보건지소,금과면보건지소,56053,전북 순창군 금과면 매우1길 15  (금과면보건지소),금과면,N,063-650-5577
전북,순창군,보건진료소,금국보건진료소,56007,전북 순창군 쌍치면 피노길 26-1  (금국보건진료소),쌍치면,N,063-650-5294
전북,순창군,보건진료소,금평보건진료소,56011,전북 순창군 구림면 금평길 4-2  (금평보건진료소),구림면,N,063-650-5296
전북,순창군,보건진료소,내령보건진료소,56028,전북 순창군 동계면 내령길 73-16  (내령보건진료소),동계면,N,063-650-5281
전북,순창군,보건진료소,내월보건진료소,56022,전북 순창군 적성면 내적길 67-17  (내월보건진료소),적성면,N,063-650-5284
전북,순창군,보건진료소,답동보건진료소,56002,전북 순창군 복흥면 순정로 6-3  (답동보건진료소),복흥면,N,063-650-5292
전북,순창군,보건진료소,덕진보건진료소,56021,전북 순창군 팔덕면 태촌길 2-1  (덕진보건진료소),팔덕면,N,063-650-5288
전북,순창군,일반보건지소,동계면보건지소,56029,"전북 순창군 동계면 동계1길 15, 동계보건지소",동계면,N,063-650-5567
전북,순창군,보건진료소,동산보건진료소,56001,전북 순창군 복흥면 동산길 11  (동산보건진료소),복흥면,N,063-650-5291
전북,순창군,보건진료소,목동보건진료소,56059,전북 순창군 금과면 목동2길 18  (목동보건진료소),금과면,N,063-650-5287
전북,순창군,보건진료소,방산보건진료소,56010,전북 순창군 쌍치면 순정로 1192-4  (방산보건진료소),쌍치면,N,063-650-5293
전북,순창군,일반보건지소,복흥면보건지소,56005,전북 순창군 복흥면 추령로 1141  (복흥보건지소),복흥면,N,063-650-5585
전북,순창군,보건진료소,성동보건진료소,56027,전북 순창군 동계면 장항길 117  (성동보건진료소),동계면,N,063-650-5282
전북,순창군,일반보건지소,쌍치면보건지소,56008,전북 순창군 쌍치면 삽실길 9  (쌍치보건지소),쌍치면,N,063-650-5591
전북,순창군,보건진료소,오산보건진료소,56056,전북 순창군 풍산면 대가2길 8  (오산보건진료소),풍산면,N,063-650-5286
전북,순창군,보건진료소,용마보건진료소,56016,전북 순창군 인계면 대마길 43  (용마보건진료소),인계면,N,063-650-5278
전북,순창군,보건진료소,월정보건진료소,56013,전북 순창군 구림면 장암길 5-12  (월정보건진료소),구림면,N,063-650-5297
전북,순창군,일반보건지소,유등면보건지소,56025,전북 순창군 유등면 유등로 395  (유등면보건지소),유등면,N,063-650-5573
전북,순창군,보건진료소,율북보건진료소,56014,전북 순창군 구림면 율북로 93-3  (율북보건진료소),구림면,N,063-650-5298
전북,순창군,일반보건지소,인계면보건지소,56017,전북 순창군 인계면 인덕로 243  (인계보건지소),인계면,N,063-650-5564
전북,순창군,일반보건지소,적성면보건지소,56023,전북 순창군 적성면 적성로 116  (적성보건지소),적성면,N,063-650-5571
전북,순창군,일반보건지소,팔덕면보건지소,56020,전북 순창군 팔덕면 강천로 350  (팔덕보건지소),팔덕면,N,063-650-5581
전북,순창군,보건진료소,풍남보건진료소,56057,전북 순창군 풍산면 회덕길 11-2  (풍남보건진료소),풍산면,N,063-650-5285
전북,순창군,일반보건지소,풍산면보건지소,56054,전북 순창군 풍산면 금풍로 1006-2  (풍산면보건지소),풍산면,N,063-650-5575
전북,순창군,보건진료소,학선보건진료소,56006,전북 순창군 쌍치면 종암길 41  (학선보건진료소),쌍치면,N,063-650-5295
전북,완주군,보건소,완주군보건소,55333,전북 완주군 삼례읍 삼봉로 215-20  (완주군보건소),삼례읍,N,063-290-3008
전북,완주군,보건진료소,가천보건진료소,55302,전북 완주군 경천면 경가천길 148-3  (가천보건진료소),경천면,N,063-290-3099
전북,완주군,일반보건지소,경천보건지소,55302,전북 완주군 경천면 대둔산로 254  (경천보건지소),경천면,N,063-290-3184
전북,완주군,일반보건지소,고산보건지소,55311,전북 완주군 고산면 고산로 69-13  (고산면사무소),고산면,N,063-290-3144
전북,완주군,일반보건지소,구이보건지소,55362,전북 완주군 구이면 구이로 1482  (구이면사무소),구이면,N,063-290-3139
전북,완주군,보건진료소,금당보건진료소,55301,전북 완주군 운주면 금고당로 183  (금당보건진료소),운주면,N,063-290-3095
전북,완주군,보건진료소,대덕보건진료소,55363,전북 완주군 구이면 대덕길 4  (대덕보건진료소),구이면,N,063-290-3089
전북,완주군,일반보건지소,동상보건지소,55345,전북 완주군 동상면 동상로 1406  (동상보건지소),동상면,N,063-290-3177
전북,완주군,일반보건지소,봉동보건지소,55326,전북 완주군 봉동읍 봉동로 122  (봉동보건지소),봉동읍,N,063-290-3102
전북,완주군,일반보건지소,비봉보건지소,55306,전북 완주군 비봉면 비봉소농길 14  (비봉보건지소),비봉면,N,063-290-3152
전북,완주군,보건진료소,산북보건진료소,55300,전북 완주군 운주면 숯고개길 336-6  (산북보건진료소),운주면,N,063-290-3094
전북,완주군,보건진료소,삼태보건진료소,55355,전북 완주군 소양면 삼태길 25  (삼태보건진료소),소양면,N,063-290-3088
전북,완주군,일반보건지소,상관보건지소,55359,전북 완주군 상관면 신리로 105  (상관보건지소),상관면,N,063-290-3117
전북,완주군,보건진료소,성덕보건진료소,55330,전북 완주군 봉동읍 성덕길 113  (성덕보건진료소),봉동읍,N,063-290-3081
전북,완주군,일반보건지소,소양보건지소,55356,전북 완주군 소양면 소양로 220-3  (소양보건지소),소양면,N,063-290-3131
전북,완주군,보건진료소,소향보건진료소,55310,전북 완주군 고산면 대아저수로 333  (소향보건진료소),고산면,N,063-290-3092
전북,완주군,보건진료소,수만보건진료소,55344,전북 완주군 동상면 송광수만로 1014,동상면,N,063-290-3098
전북,완주군,보건진료소,승치보건진료소,55303,전북 완주군 화산면 승치로 138-10,화산면,N,063-290-3096
전북,완주군,보건진료소,신화보건진료소,55346,전북 완주군 소양면 전진로 1048-6  (신화보건진료소),소양면,N,063-290-3086
전북,완주군,보건진료소,용암보건진료소,55360,전북 완주군 상관면 춘향로 4156-7 용암리 470-3 (남관경로당),상관면,N,063-290-3084
전북,완주군,일반보건지소,용진보건지소,55349,전북 완주군 용진읍 완주로 186  (용진보건소),용진읍,N,063-290-3107
전북,완주군,보건진료소,운곡보건진료소,55350,전북 완주군 용진면 양전지동길 109  (운곡보건진료소),용진면,N,063-290-3083
전북,완주군,보건진료소,운산보건진료소,565-883,전북 완주군 화산면 화산로 1490,화산면,N,063-290-3097
전북,완주군,일반보건지소,운주보건지소,55300,전북 완주군 운주면 운주로 137  (운주보건지소),운주면,N,063-290-3163
전북,완주군,보건진료소,이문보건진료소,55364,전북 완주군 이서면 용서1길 151  (이문보건진료소),이서면,N,063-290-3085
전북,완주군,일반보건지소,이서보건지소,55366,전북 완주군 이서면 이서로 55  (이서면행정복지센터(이서면사무소)),이서면,N,063-290-3126
전북,완주군,보건진료소,이수백보건진료소,55308,전북 완주군 비봉면 이수백로 438  (이수백보건진료소),비봉면,N,063-290-3093
전북,완주군,보건진료소,제내리보건진료소,55313,"전북 완주군 봉동읍 백제대학로 83, 주건축물제1동 (제내리보건진료소)",봉동읍,N,063-290-3080
전북,완주군,보건진료소,태봉보건진료소,55361,전북 완주군 구이면 덕평로 282  (태봉보건진료소),구이면,N,063-290-3090
전북,완주군,일반보건지소,화산보건지소,55304,전북 완주군 화산면 화산로 866  (화산보건지소),화산면,N,063-290-3171
전북,익산시,보건소,익산시보건소,570-974,전북 익산시 무왕로 975,신동,N,063-859-4802
전북,익산시,건강생활지원센터,100세 건강생활지원센터,54677,"전북 익산시 목천로 326 100세 건강생활지원센터 (인화동2가, 백세건강생활지원센터)",인화동2가,N,063-859-4926
전북,익산시,보건진료소,금지보건진료소,54514,전북 익산시 망성면 금지길 22-47  (망성금지보건진료소),망성면,N,063-859-4073
전북,익산시,일반보건지소,낭산보건지소,570-893,전북 익산시 낭산면 함낭로 939,낭산면,N,063-859-4258
전북,익산시,보건진료소,낭산신동보건진료소,570-894,전북 익산시 낭산면 호암신동길 35,낭산면,N,063-859-4070
전북,익산시,보건진료소,내촌보건진료소,570-881,전북 익산시 망성면 내촌1길 12,망성면,N,063-859-4072
전북,익산시,보건진료소,대선보건진료소,570-852,전북 익산시 성당면 한틀길 52,성당면,N,063-859-4068
전북,익산시,보건진료소,대제보건진료소,570-822,전북 익산시 삼기면 용연길 174-58,삼기면,N,063-859-4082
전북,익산시,보건진료소,도천보건진료소,570-914,전북 익산시 금마면 아리랑로 199,금마면,N,063-859-4076
전북,익산시,건강생활지원센터,동부건강생활지원센터,54573,전북 익산시 금마면 고도길 26-6  (동부 건강생활지원센터),금마면,N,063-859-7472
전북,익산시,보건진료소,동편보건진료소,570-911,전북 익산시 금마면 용순1길 91,금마면,N,063-859-4077
전북,익산시,보건진료소,두동보건진료소,570-853,전북 익산시 성당면 두동길 13-11,성당면,N,063-859-4067
전북,익산시,일반보건지소,망성보건지소,54515,전북 익산시 망성면 안성로 726  (망성면사무소),망성면,N,063-859-4259
전북,익산시,일반보건지소,삼기보건지소,570-821,전북 익산시 삼기면 원촌길 9-1,삼기면,N,063-859-4264
전북,익산시,보건진료소,상발보건진료소,570-944,전북 익산시 왕궁면 발산길 107,왕궁면,N,063-859-4078
전북,익산시,보건진료소,석우보건진료소,570-863,전북 익산시 용안면 법성1길 22-14,용안면,N,063-859-4069
전북,익산시,보건진료소,선리보건진료소,570-881,전북 익산시 망성면 선리1길 10-1,망성면,N,063-859-4074
전북,익산시,보건진료소,성내보건진료소,570-811,전북 익산시 황등면 성내1길 2-7,황등면,N,063-859-4063
전북,익산시,일반보건지소,성당보건지소,570-851,전북 익산시 성당면 황성로 727,성당면,N,063-859-4197
전북,익산시,보건진료소,소대마보건진료소,570-831,전북 익산시 웅포면 대마길 19-5,웅포면,N,063-859-4066
전북,익산시,보건진료소,신석보건진료소,570-923,전북 익산시 오산면 새들길 8,오산면,N,063-859-4061
전북,익산시,보건진료소,신성보건진료소,570-811,전북 익산시 황등면 시와로 335,황등면,N,063-859-4062
전북,익산시,보건진료소,신촌보건진료소,570-843,전북 익산시 함라면 함라로 243,함라면,N,063-859-4064
전북,익산시,보건진료소,양촌보건진료소,570-872,전북 익산시 용동면 화왕로 190,용동면,N,063-859-4084
전북,익산시,일반보건지소,여산보건지소,54520,전북 익산시 여산면 가람로 393  (여산보건지소),여산면,N,063-859-4260
전북,익산시,보건진료소,연동보건진료소,570-823,전북 익산시 삼기면 연동길 22,삼기면,N,063-859-4083
전북,익산시,일반보건지소,오산보건지소,54670,전북 익산시 오산면 오산로 14-8  (오산보건지소),오산면,N,063-859-4252
전북,익산시,일반보건지소,왕궁보건지소,570-946,전북 익산시 왕궁면 흥암1길 18,왕궁면,N,063-859-4262
전북,익산시,보건진료소,용남보건진료소,570-941,전북 익산시 왕궁면 호반로 21-6,왕궁면,N,063-859-4079
전북,익산시,일반보건지소,용동보건지소,570-871,전북 익산시 용동면 용동1길 80-29,용동면,N,063-859-4265
전북,익산시,일반보건지소,용안보건지소,570-861,전북 익산시 용안면 현내1로 65,용안면,N,063-859-4257
전북,익산시,일반보건지소,웅포보건지소,570-831,전북 익산시 웅포면 강변로 28,웅포면,N,063-859-4255
전북,익산시,보건진료소,원오산보건진료소,570-952,전북 익산시 춘포면 춘포원오산1길 43-2,춘포면,N,063-859-4081
전북,익산시,보건진료소,장암보건진료소,54522,전북 익산시 낭산면 장암길 13,낭산면,N,063-859-4071
전북,익산시,일반보건지소,춘포보건지소,570-951,전북 익산시 춘포면 춘포2길 11,춘포면,N,063-859-4145
전북,익산시,보건진료소,춘포신동보건진료소,570-952,전북 익산시 춘포면 미등골길 220-1,춘포면,N,063-859-4080
전북,익산시,보건진료소,태성보건진료소,570-934,전북 익산시 여산면 태성1길 90,여산면,N,063-859-4075
전북,익산시,보건진료소,하제보건진료소,570-832,전북 익산시 웅포면 제성1길 4,웅포면,N,063-859-4065
전북,익산시,일반보건지소,함라보건지소,570-841,전북 익산시 함라면 천남길 5,함라면,N,063-859-4254
전북,익산시,일반보건지소,함열보건지소,570-803,전북 익산시 함열읍 함열중앙로 49,함열읍,N,063-859-4251
전북,익산시,일반보건지소,황등보건지소,570-814,전북 익산시 황등면 황등로 136,황등면,N,063-859-4253
전북,임실군,보건의료원,임실군보건의료원,55927,"전북 임실군 임실읍 호국로 1680, 임실군보건의료원",임실읍,N,063-640-3101
전북,임실군,일반보건지소,강진보건지소,566-862,전북 임실군 강진면 호국로 47-1,강진면,N,063-640-3210
전북,임실군,일반보건지소,관촌보건지소,566-812,전북 임실군 관촌면 사선1길 4,관촌면,N,063-640-3209
전북,임실군,일반보건지소,덕치보건지소,566-872,전북 임실군 덕치면 인덕로 1400,덕치면,N,063-640-3211
전북,임실군,보건진료소,도봉보건진료소,566-811,전북 임실군 관촌면 도봉1길 8-18,관촌면,N,063-643-9095
전북,임실군,보건진료소,둔기보건진료소,566-894,전북 임실군 오수면 둔기길 42,오수면,N,063-642-6469
전북,임실군,보건진료소,둔덕보건진료소,566-892,전북 임실군 오수면 둔덕2길 48,오수면,N,063-642-6067
전북,임실군,보건진료소,방수보건진료소,566-813,전북 임실군 관촌면 방수1길 16-17,관촌면,N,063-643-2192
전북,임실군,보건진료소,봉천보건진료소,566-891,전북 임실군 오수면 봉천1길 7,오수면,N,063-644-6497
전북,임실군,보건진료소,북창보건진료소,566-821,전북 임실군 신평면 용암2길 5,신평면,N,063-644-3800
전북,임실군,보건진료소,사곡보건진료소,566-871,전북 임실군 덕치면 사곡1길 18-8,덕치면,N,063-643-5165
전북,임실군,일반보건지소,삼계보건지소,566-912,전북 임실군 삼계면 충효로 1284-8,삼계면,N,063-640-3208
전북,임실군,보건진료소,선거보건진료소,566-844,전북 임실군 운암면 청운로 527,운암면,N,063-643-8678
전북,임실군,일반보건지소,성수보건지소,566-881,전북 임실군 성수면 월삼로 356,성수면,N,063-640-3205
전북,임실군,보건진료소,세심보건진료소,566-913,전북 임실군 삼계면 세심길 80,삼계면,N,063-642-7763
전북,임실군,보건진료소,송정보건진료소,566-912,전북 임실군 삼계면 충효로 1451,삼계면,N,063-642-7838
전북,임실군,일반보건지소,신덕보건지소,566-831,전북 임실군 신덕면 수지로 102,신덕면,N,063-640-3207
전북,임실군,보건진료소,신덕보건진료소,566-832,전북 임실군 신덕면 불재로 336,신덕면,N,063-644-0412
전북,임실군,보건진료소,신안보건진료소,566-804,전북 임실군 임실읍 신안2길 42-3,임실읍,N,063-642-2759
전북,임실군,보건진료소,신전보건진료소,566-813,전북 임실군 관촌면 신전4길 3-3,관촌면,N,063-643-2153
전북,임실군,일반보건지소,신평보건지소,566-820,전북 임실군 신평면 석등슬치로 339,신평면,N,063-640-3204
전북,임실군,보건진료소,오류보건진료소,566-881,전북 임실군 성수면 오류1길 33,성수면,N,063-642-9324
전북,임실군,일반보건지소,오수보건지소,566-895,전북 임실군 오수면 오수4길 9-3,오수면,N,063-640-3206
전북,임실군,보건진료소,옥정보건진료소,566-863,전북 임실군 강진면 옥정호로 800-4,강진면,N,063-644-5519
전북,임실군,일반보건지소,운암보건지소,566-843,전북 임실군 운암면 임운로 1886,운암면,N,063-640-3203
전북,임실군,보건진료소,원산보건진료소,566-922,전북 임실군 지사면 원산3길 18-1,지사면,N,063-642-4531
전북,임실군,일반보건지소,지사보건지소,566-921,전북 임실군 지사면 충효로 2451-5,지사면,N,063-640-3212
전북,임실군,보건진료소,지장보건진료소,566-831,전북 임실군 신덕면 지장1길 12,신덕면,N,063-643-6892
전북,임실군,일반보건지소,청웅보건지소,566-851,전북 임실군 청웅면 청웅로 143,청웅면,N,063-640-3202
전북,임실군,보건진료소,하운암보건진료소,566-841,전북 임실군 운암면 강운로 991-31,운암면,N,063-643-4110
전북,임실군,보건진료소,학석보건진료소,566-861,전북 임실군 강진면 강진방현길 63,강진면,N,063-643-1467
전북,임실군,보건진료소,학암보건진료소,566-844,전북 임실군 운암면 학암2길 28,운암면,N,063-644-3745
전북,장수군,보건의료원,장수군보건의료원,55631,전북 장수군 장수읍 장천로 247 장수군 보건의료원 (장수보건의료원),장수읍,N,063-351-8000
전북,장수군,일반보건지소,계남보건지소,55623,전북 장수군 계남면 장안산로 11 계남면 보건지소 (계남면보건지소),계남면,N,063-352-1254
전북,장수군,일반보건지소,계북보건지소,55602,전북 장수군 계북면 장무로 962-4  (계북면보건지소),계북면,N,063-352-1114
전북,장수군,보건진료소,계월보건진료소,55651,전북 장수군 산서면 신등길 27-7 계월보건진료소 (하월보건진료소),산서면,N,063-351-3405
전북,장수군,보건진료소,국포보건진료소,55657,전북 장수군 번암면 장수로 1000  (국포보건진료소),번암면,N,063-351-2275
전북,장수군,보건진료소,궁양보건진료소,55626,전북 장수군 계남면 장안산로 321 궁양보건진료소 (궁평보건진료소),계남면,N,063-352-0956
전북,장수군,보건진료소,남양보건진료소,55610,전북 장수군 천천면 비룡로 125 남양보건진료소,천천면,N,063-352-2621
전북,장수군,보건진료소,대곡보건진료소,55621,전북 장수군 장계면 의암로 617  (대곡보건진료소),장계면,N,063-352-2108
전북,장수군,보건진료소,대성보건진료소,55645,전북 장수군 장수읍 원대성길 4  (대성보건진료소),장수읍,N,063-353-3250
전북,장수군,보건진료소,동화보건진료소,55654,전북 장수군 번암면 지지로 619  (동화보건진료소),번암면,N,063-351-4186
전북,장수군,보건진료소,마하보건진료소,55649,전북 장수군 산서면 평촌길 6  (마하보건진료소),산서면,N,063-351-3792
전북,장수군,보건진료소,명덕보건진료소,55620,전북 장수군 장계면 명덕길 11-3  (명덕보건진료소),장계면,N,063-352-0396
전북,장수군,일반보건지소,번암보건지소,55659,전북 장수군 번암면 지지로 62  (번암면보건지소),번암면,N,063-353-4606
전북,장수군,일반보건지소,산서보건지소,55647,전북 장수군 산서면 비행로 39-3  (산서면보건지소),산서면,N,063-351-3700
전북,장수군,보건진료소,양악보건진료소,55601,전북 장수군 계북면 양악길 83  (양익보건진료소),계북면,N,063-352-1607
전북,장수군,보건진료소,오봉보건진료소,55605,전북 장수군 천천면 천천북로 436 오봉보건진료소,천천면,N,063-352-1570
전북,장수군,건강생활지원센터,장계면건강생활지원센터,55615,전북 장수군 장계면 한들로 124  (장계면 건강생활지원센터),장계면,N,063-350-2554
전북,장수군,일반보건지소,천천보건지소,55607,전북 장수군 천천면 송탄로 4  (천천면보건지소),천천면,N,063-352-0965
전북,전주시,보건소,전주시 보건소,55038,"전북 전주시 완산구 전라감영로 33  (중앙동4가, 전주시보건소)",중앙동4가,N,063-281-6213
전북,전주시,보건진료소,금상보건진료소,55026,"전북 전주시 덕진구 수리재길 86  (금상동, 금상보건진료소)",금상동,N,063-241-0364
전북,전주시,보건진료소,도덕보건진료소,54800,"전북 전주시 덕진구 동계1길 8  (강흥동, 도덕보건진료소)",강흥동,N,063-542-7514
전북,전주시,보건진료소,중인보건진료소,55144,"전북 전주시 완산구 중인1길 140  (중인동, 중인보건진료소)",중인동,N,063-221-0054
전북,전주시,일반보건지소,평화 보건 지소,55124,"전북 전주시 완산구 평화13길 7  (평화동2가, 평화보건지소)",평화동2가,N,063-281-6622
전북,정읍시,보건소,정읍시보건소,56177,"전북 정읍시 수성1로 61, 보건소  (수성동, 정읍보건소)",수성동,N,063-539-6072
전북,정읍시,일반보건지소,감곡보건지소,56109,전북 정읍시 감곡면 원삼1길 41  (감곡보건지소),감곡면,N,063-571-6714
전북,정읍시,일반보건지소,고부보건지소,56151,전북 정읍시 고부면 영주로 553-3  (고부 보건지소),고부면,N,063-536-0177
전북,정읍시,보건진료소,고천보건진료소,56113,"전북 정읍시 태인면 태인동서로 489, 고천보건진료소  (고천보건진료소)",태인면,N,063-534-4880
전북,정읍시,보건진료소,고화보건진료소,56213,"전북 정읍시 소성면 소성북길 182, 고화보건진료소",소성면,N,063-537-7729
전북,정읍시,일반보건지소,덕천보건지소,56149,"전북 정읍시 덕천면 황토현로 833, 덕천보건지소  (덕천보건지소)",덕천면,N,063-536-1331
전북,정읍시,보건진료소,두전보건진료소,56144,"전북 정읍시 이평면 황토현로 113, 두전보건진료소  (두전보건진료소)",이평면,N,063-534-1723
전북,정읍시,보건진료소,매계보건진료소,56116,"전북 정읍시 태인면 북태길 181-3, 매계 보건진료소",태인면,N,063-536-7802
전북,정읍시,보건진료소,반곡보건진료소,56129,전북 정읍시 칠보면 칠보산로 1171  반곡보건진료소,칠보면,N,063-534-3689
전북,정읍시,보건진료소,백산보건진료소,56105,전북 정읍시 신태인읍 감곡로 180 백산보건진료소,신태인읍,N,063-571-3742
전북,정읍시,보건진료소,백암보건진료소,56131,"전북 정읍시 칠보면 흥삼이1길 3, 의료  (백암보건진료소)",칠보면,N,063-534-3447
전북,정읍시,보건진료소,백운보건진료소,56152,"전북 정읍시 고부면 고부백운길 19, 백운보건진료소  (백운보건진료소)",고부면,N,063-538-6859
전북,정읍시,보건진료소,복흥보건진료소,56138,"전북 정읍시 북면 용북길 319, 보건진료소  (복흥보건진료소)",북면,N,063-535-0719
전북,정읍시,일반보건지소,북면보건지소,56134,"전북 정읍시 북면 정읍북로 566, 북면보건지소  (북면보건지소)",북면,N,063-535-8048
전북,정읍시,일반보건지소,산내보건지소,56127,전북 정읍시 산내면 능교3길 14-3  (산내보건지소),산내면,N,063-538-4076
전북,정읍시,보건진료소,산성보건진료소,56119,전북 정읍시 옹동면 태산로 2382  (산성보건진료소),옹동면,N,063-537-8168
전북,정읍시,일반보건지소,산외보건지소,56124,"전북 정읍시 산외면 산외로 453-1, 산외보건지소  (산외보건지소)",산외면,N,063-537-6110
전북,정읍시,보건진료소,상학보건진료소,56149,전북 정읍시 덕천면 동학로 618 상학보건진료소,덕천면,N,063-536-0437
전북,정읍시,일반보건지소,샘골보건지소,56190,"전북 정읍시 상동중앙로 16, 샘골보건지소  (상동, 샘골보건지소)",상동,N,063-539-6741
전북,정읍시,일반보건지소,소성보건지소,56214,전북 정읍시 소성면 입고로 526  (소성보건지소),소성면,N,063-537-6060
전북,정읍시,보건진료소,신정보건진료소,56211,"전북 정읍시 신정마을길 38  (신정동, 신정보건진료소)",신정동,N,063-535-0871
전북,정읍시,일반보건지소,신태인보건지소,56106,전북 정읍시 신태인읍 신태인중앙로 40 신태인보건지소,신태인읍,N,063-571-7223
전북,정읍시,보건진료소,애당보건진료소,56214,"전북 정읍시 소성면 애당길 25, 애당보건진료소  (애당보건진료소)",소성면,N,063-537-6861
전북,정읍시,보건진료소,양괴보건진료소,56102,전북 정읍시 신태인읍 석지로 502-7 양괴보건진료소,신태인읍,N,063-571-2017
전북,정읍시,일반보건지소,영원보건지소,56146,"전북 정읍시 영원면 영원로 1080, 보건소  (영원보건지소)",영원면,N,063-535-1304
전북,정읍시,일반보건지소,옹동보건지소,56119,"전북 정읍시 옹동면 옹지동촌로 204, 보건소  (옹동보건지소)",옹동면,N,063-537-8193
전북,정읍시,보건진료소,용호보건진료소,56117,전북 정읍시 옹동면 용이길 31  (용호보건진료소),옹동면,N,063-538-8368
전북,정읍시,보건진료소,유정보건진료소,56109,"전북 정읍시 감곡면 감곡동서로 9, 유정보건소  (유정보건소)",감곡면,N,063-571-1309
전북,정읍시,일반보건지소,이평보건지소,56144,"전북 정읍시 이평면 말목장터로 488, 이평보건지소  (이평보건지소)",이평면,N,063-534-1161
전북,정읍시,일반보건지소,입암보건지소,56216,"전북 정읍시 입암면 문화1길 3-15, 입암보건지소  (입암보건지소)",입암면,N,063-534-0183
전북,정읍시,보건진료소,장금보건진료소,56126,"전북 정읍시 산내면 평내길 13, 산내장금보건진료소",산내면,N,063-538-4169
전북,정읍시,보건진료소,장학보건진료소,56134,전북 정읍시 북면 장학1길 52  (장학보건진료소),북면,N,063-536-7801
전북,정읍시,일반보건지소,정우보건지소,56142,"전북 정읍시 정우면 정신로 614, 보건소  (정우보건지소)",정우면,N,063-537-7536
전북,정읍시,보건진료소,종산보건진료소,56123,전북 정읍시 산외면 종운로 424-7  (종산보건진료소),산외면,N,063-538-5477
전북,정읍시,보건진료소,창동보건진료소,56145,"전북 정읍시 이평면 창골길 9-12, 창동보건진료소  (창동보건진료소)",이평면,N,063-534-1871
전북,정읍시,보건진료소,천원보건진료소,56215,"전북 정읍시 입암면 입암중앙길 32, 보건소 입암면 (천원 보건진료소)",입암면,N,063-534-0755
전북,정읍시,일반보건지소,칠보보건지소,56128,"전북 정읍시 칠보면 칠보중앙로 148, 칠보보건소  (칠보보건소)",칠보면,N,063-534-3583
전북,정읍시,보건진료소,태곡보건진료소,56137,전북 정읍시 북면 태곡길 34  (태곡보건진료소),북면,N,063-535-5042
전북,정읍시,일반보건지소,태인보건지소,56115,"전북 정읍시 태인면 정읍북로 1185, 보건지소  (태인보건지소)",태인면,N,063-534-4982
전북,정읍시,보건진료소,통석보건진료소,56110,"전북 정읍시 감곡면 백산감산로 680, 통석보건진료소  (통석보건진료소)",감곡면,N,063-571-0705
전북,정읍시,보건진료소,풍월보건진료소,56147,"전북 정읍시 영원면 부월길 185-7, 진료소  (풍월보건진료소)",영원면,N,063-538-7730
전북,정읍시,보건진료소,화호보건진료소,56101,"전북 정읍시 신태인읍 벽골제로 8, 화호보건진료소  (화호보건진료소)",신태인읍,N,063-571-6216
전북,정읍시,보건진료소,회룡보건진료소,56140,"전북 정읍시 정우면 수회길 303, 1동  (회룡보건진료소)",정우면,N,063-537-9742
전북,진안군,보건소,진안군보건소,567-804,전북 진안군 진안읍 진무로 1189,진안읍,N,063-430-8560
전북,진안군,보건진료소,능금보건진료소,567-861,전북 진안군 동향면 능금로 203,동향면,N,063-430-8971
전북,진안군,보건진료소,대불보건진료소,567-831,전북 진안군 주천면 벌뜸길 9,주천면,N,063-430-8991
전북,진안군,보건진료소,덕천보건진료소,567-871,전북 진안군 마령면 덕천로 54,마령면,N,063-430-8985
전북,진안군,일반보건지소,동향보건지소,567-862,전북 진안군 동향면 진성로 1609,동향면,N,063-430-8821
전북,진안군,일반보건지소,마령보건지소,567-872,전북 진안군 마령면 솔안2길 8,마령면,N,063-430-8861
전북,진안군,보건진료소,무릉보건진료소,567-832,전북 진안군 주천면 어자길 44,주천면,N,063-430-8993
전북,진안군,보건진료소,반송보건진료소,567-881,전북 진안군 백운면 두원길 10,백운면,N,063-430-8979
전북,진안군,일반보건지소,백운보건지소,567-883,전북 진안군 백운면 임진로 1346,백운면,N,063-430-8841
전북,진안군,일반보건지소,부귀보건지소,567-913,전북 진안군 부귀면 부귀로 305-6,부귀면,N,063-430-8871
전북,진안군,일반보건지소,상전보건지소,567-811,전북 진안군 상전면 주평로 41,상전면,N,063-430-8831
전북,진안군,일반보건지소,성수보건지소,567-891,전북 진안군 성수면 관진로 783,성수면,N,063-430-8851
전북,진안군,보건진료소,세동보건진료소,567-913,전북 진안군 부귀면 모래재로 917,부귀면,N,063-430-8989
전북,진안군,보건진료소,수항보건진료소,567-912,전북 진안군 부귀면 황금로 244,부귀면,N,063-430-8987
전북,진안군,일반보건지소,안천보건지소,567-851,전북 진안군 안천면 진무로 2998,안천면,N,063-430-8811
전북,진안군,일반보건지소,용담보건지소,567-841,전북 진안군 용담면 대송로 17,용담면,N,063-430-8801
전북,진안군,보건진료소,월포보건진료소,567-813,전북 진안군 상전면 금지1길 18-31,상전면,N,063-430-8975
전북,진안군,일반보건지소,정천보건지소,567-823,전북 진안군 정천면 봉학로 66,정천면,N,063-430-8881
전북,진안군,보건진료소,좌산보건진료소,567-891,전북 진안군 성수면 성백로 76,성수면,N,063-430-8981
전북,진안군,보건진료소,좌포보건진료소,567-892,전북 진안군 성수면 원좌길 46,성수면,N,063-430-8983
전북,진안군,일반보건지소,주천보건지소,567-831,전북 진안군 주천면 동상주천로 2253,주천면,N,063-430-8891
전북,진안군,보건진료소,평장보건진료소,567-882,전북 진안군 백운면 평노길 55-5,백운면,N,063-430-8977
전북,진안군,보건진료소,학선보건진료소,567-861,전북 진안군 동향면 계향로 380,동향면,N,063-430-8973
전남,강진군,보건소,강진군보건소,59240,전남 강진군 강진읍 목리길 11 강진군 보건소 (강진군보건소),강진읍,N,061-430-3534
전남,강진군,보건진료소,강정보건진료소,59246,전남 강진군 도암면 지석로 460 강정보건진료소 (강정보건진료소),도암면,N,061-430-3584
전남,강진군,보건진료소,계율보건진료소,59264,전남 강진군 대구면 계율길 41  (계율보건진료소),대구면,N,061-430-3582
전남,강진군,일반보건지소,군동보건지소,59220,전남 강진군 군동면 진흥로 324-9  (군동보건지소),군동면,N,061-430-5801
전남,강진군,보건진료소,단월보건진료소,59258,전남 강진군 칠량면 치산길 9  (단월보건진료소),칠량면,N,061-430-3581
전남,강진군,일반보건지소,대구보건지소,59266,전남 강진군 대구면 수동길 2  (대구보건지소),대구면,N,061-430-5822
전남,강진군,일반보건지소,도암보건지소,59250,전남 강진군 도암면 도암중앙로 59,도암면,N,061-430-5842
전남,강진군,일반보건지소,마량보건지소,59269,전남 강진군 마량면 마량4길 1  (마량보건진료소),마량면,N,061-430-5832
전남,강진군,일반보건지소,병영보건지소,59214,전남 강진군 병영면 성남하고길 20  (병영보건지소),병영면,N,061-430-5882
전남,강진군,일반보건지소,성전보건지소,59203,전남 강진군 성전면 예향로 12-11,성전면,N,061-430-5862
전남,강진군,보건진료소,송천보건진료소,59254,전남 강진군 신전면 운주로 331  (송천보건진료소),신전면,N,061-430-3585
전남,강진군,보건진료소,신기보건진료소,59251,전남 강진군 도암면 월곶로 278  (신기보건진료소),도암면,N,061-430-3583
전남,강진군,일반보건지소,신전보건지소,59252,전남 강진군 신전면 신전중앙길 15-5  (신전보건지소),신전면,N,061-430-5855
전남,강진군,보건진료소,영산보건진료소,59207,전남 강진군 옴천면 장강로 1776  (옴천영산보건진료소),옴천면,N,061-430-3587
전남,강진군,일반보건지소,옴천보건지소,59208,전남 강진군 옴천면 개산중앙길 11-12  (옴천보건지소),옴천면,N,061-430-5892
전남,강진군,보건진료소,용상보건진료소,59211,전남 강진군 작천면 열수로 58  (용상보건진료소),작천면,N,061-430-3586
전남,강진군,일반보건지소,작천보건지소,59213,전남 강진군 작천면 평리3길 20  (작천보건소),작천면,N,061-430-5872
전남,강진군,일반보건지소,칠량보건지소,59261,전남 강진군 칠량면 칠량로 74  (칠량보건지소),칠량면,N,061-430-5812
전남,고흥군,보건소,고흥군보건소,548-804,전남 고흥군 고흥읍 등암3길 5,고흥읍,N,061-830-5561
전남,고흥군,보건진료소,가야보건진료소,59545,전남 고흥군 도덕면 고흥만로 484  (가야보건진료소),도덕면,N,061-830-5133
전남,고흥군,보건진료소,가화보건진료소,59530,전남 고흥군 도화면 황촌길 39-8  (가화보건진료소),도화면,N,061-830-5138
전남,고흥군,일반보건지소,과역보건지소,59511,전남 고흥군 과역면 송학큰길 52-1  (과역보건지소),과역면,N,061-830-6664
전남,고흥군,보건진료소,금사보건진료소,59520,전남 고흥군 영남면 사도진해안길 141  금사보건진료소,영남면,N,061-830-5148
전남,고흥군,일반보건지소,금산보건지소,59564,전남 고흥군 금산면 거금중앙길 86-4  금산면보건지소,금산면,N,061-830-6657
전남,고흥군,보건진료소,남성보건진료소,59527,전남 고흥군 포두면 남성3길 9  (남성보건진료소),포두면,N,061-830-5142
전남,고흥군,일반보건지소,남양보건지소,59509,전남 고흥군 남양면 남양로 26  (남양보건지소),남양면,N,061-830-6665
전남,고흥군,보건진료소,남열보건진료소,59521,전남 고흥군 영남면 남열메뚝길 14 남열보건진료소,영남면,N,061-830-5147
전남,고흥군,보건진료소,노일보건진료소,548-832,전남 고흥군 과역면 내로당날길 3 노일보건진료소,과역면,N,061-830-5150
전남,고흥군,일반보건지소,대서보건지소,59507,전남 고흥군 대서면 봉두로 579 대서면보건지소,대서면,N,061-830-6667
전남,고흥군,보건진료소,대전보건진료소,548-872,전남 고흥군 두원면 두원로 1168,두원면,N,061-830-5154
전남,고흥군,일반보건지소,도덕보건지소,59546,전남 고흥군 도덕면 고흥로 491  (도덕보건지소),도덕면,N,061-830-6656
전남,고흥군,일반보건지소,도양보건지소,59559,전남 고흥군 도양읍 녹동남촌2길 14 도양읍보건지소,도양읍,N,061-830-6745
전남,고흥군,일반보건지소,도화보건지소,59529,전남 고흥군 도화면 도화로 502  (도화면 보건지소),도화면,N,061-830-6658
전남,고흥군,일반보건지소,동강보건지소,59502,전남 고흥군 동강면 동강중촌길 22-3 동강면보건지소,동강면,N,061-830-6666
전남,고흥군,일반보건지소,동일보건지소,59567,전남 고흥군 동일면 양화길 10  (동일보건소),동일면,N,061-830-6661
전남,고흥군,일반보건지소,두원북보건지소,59513,전남 고흥군 두원면 두원로 896 두원북보건지소,두원면,N,061-830-6669
전남,고흥군,일반보건지소,두원중앙보건지소,59514,전남 고흥군 두원면 두원로 480-1 두원중앙보건지소,두원면,N,061-830-6668
전남,고흥군,보건진료소,득량보건진료소,59551,전남 고흥군 도양읍 득량관선길 89-26  (득량보건진료소),도양읍,Y,061-830-5130
전남,고흥군,보건진료소,망주보건진료소,548-843,전남 고흥군 남양면 망월로 89-8,남양면,N,061-830-5151
전남,고흥군,보건진료소,발포보건진료소,59528,전남 고흥군 도화면 충무사길 113  (발포보건진료소),도화면,N,061-830-5139
전남,고흥군,보건진료소,백일보건진료소,548-833,전남 고흥군 과역면 백일길 315-30 금사보건진료소,과역면,N,061-830-5149
전남,고흥군,일반보건지소,봉래보건지소,59569,전남 고흥군 봉래면 축정1길 16  (봉래보건지소),봉래면,N,061-830-6775
전남,고흥군,보건진료소,사양보건진료소,59568,전남 고흥군 봉래면 사양선창길 69  (사양보건진료소),봉래면,Y,061-830-5145
전남,고흥군,보건진료소,송산보건진료소,59522,전남 고흥군 포두면 송산길 64-5 송산보건진료소,포두면,N,061-830-5143
전남,고흥군,보건진료소,시산보건진료소,59563,전남 고흥군 도양읍 시산살푸섬길 1  (시산보건진료소),도양읍,Y,061-830-5131
전남,고흥군,보건진료소,신기보건진료소,548-863,전남 고흥군 대서면 거북2길 6,대서면,N,061-830-5153
전남,고흥군,보건진료소,신평보건진료소,59565,전남 고흥군 금산면 평산1길 14  (신평보건진료소),금산면,N,061-830-5135
전남,고흥군,보건진료소,신호보건진료소,59525,전남 고흥군 도화면 문안길 217-3  (신호보건진료소),도화면,N,061-830-5137
전남,고흥군,보건진료소,연홍보건진료소,59564,전남 고흥군 금산면 연홍길 30  (연흥보건진료소),금산면,Y,061-830-5136
전남,고흥군,일반보건지소,영남보건지소,59520,"전남 고흥군 영남면 해맞이로 10, 가동 영남면보건지소",영남면,N,061-830-6663
전남,고흥군,보건진료소,오천보건진료소,59566,전남 고흥군 금산면 오천서당길 14-11  (오천보건진료소),금산면,N,061-830-5134
전남,고흥군,보건진료소,오취보건진료소,59523,전남 고흥군 포두면 오취길 267  (오취보건진료소),포두면,N,061-830-5144
전남,고흥군,보건진료소,옥강보건진료소,59523,전남 고흥군 포두면 내초안길 12  (옥강보건진료소),포두면,N,061-830-5141
전남,고흥군,일반보건지소,점암보건지소,59517,전남 고흥군 점암면 점암학교길 28  (점암면보건지소),점암면,N,061-830-6662
전남,고흥군,보건진료소,죽암보건진료소,548-854,전남 고흥군 동강면 죽암안길 84-3,동강면,N,061-830-5152
전남,고흥군,보건진료소,지죽보건진료소,59531,전남 고흥군 도화면 지호길 7-3  (지죽보건진료소),도화면,N,061-830-5140
전남,고흥군,일반보건지소,포두보건지소,59524,전남 고흥군 포두면 우주로 597 포두면보건지소,포두면,N,061-830-6659
전남,고흥군,보건진료소,풍남보건진료소,59550,전남 고흥군 풍양면 천마로 1497 풍남보건진료소,풍양면,N,061-830-5132
전남,고흥군,보건진료소,풍류보건진료소,548-871,전남 고흥군 두원면 풍류로 155,두원면,N,061-830-5155
전남,고흥군,일반보건지소,풍양보건지소,59549,전남 고흥군 풍양면 죽시장터길 3 풍양면보건지소,풍양면,N,061-830-6655
전남,고흥군,보건진료소,화계보건진료소,59518,전남 고흥군 점암면 화전1길 21-6,점암면,N,061-830-5146
전남,곡성군,보건의료원,곡성군보건의료원,516-804,전남 곡성군 곡성읍 곡성로 854,곡성읍,N,061-360-5060
전남,곡성군,일반보건지소,고달보건지소,516-812,전남 곡성군 고달면 목동1길 16,고달면,N,061-360-8675
전남,곡성군,보건진료소,근촌보건진료소,516-861,전남 곡성군 삼기면 노치로 1235,삼기면,N,061-362-2558
전남,곡성군,보건진료소,남양보건진료소,516-931,전남 곡성군 겸면 남양길 53,겸면,N,061-362-1174
전남,곡성군,보건진료소,대곡보건진료소,516-841,전남 곡성군 목사동면 대곡당산길 10,목사동면,N,061-362-3995
전남,곡성군,보건진료소,동계보건진료소,516-832,전남 곡성군 죽곡면 동계길 74,죽곡면,N,061-362-4735
전남,곡성군,일반보건지소,목사동보건지소,516-842,전남 곡성군 목사동면 평리고두길 58,목사동면,N,061-362-1525
전남,곡성군,보건진료소,백곡보건진료소,516-811,전남 곡성군 고달면 백곡길 33-3,고달면,N,061-362-0655
전남,곡성군,보건진료소,봉동보건진료소,516-921,전남 곡성군 오산면 오산로 605-1,오산면,N,061-362-4397
전남,곡성군,보건진료소,봉정보건진료소,516-832,전남 곡성군 죽곡면 봉정범계길 7,죽곡면,N,061-362-4916
전남,곡성군,일반보건지소,삼기보건지소,516-862,전남 곡성군 삼기면 원등1길 65,삼기면,N,061-362-2557
전남,곡성군,보건진료소,삼오보건진료소,516-943,전남 곡성군 입면 삼오삼응길 26,입면,N,061-362-6541
전남,곡성군,일반보건지소,석곡보건지소,516-851,전남 곡성군 석곡면 석곡로 79,석곡면,N,061-363-0903
전남,곡성군,보건진료소,선세보건진료소,516-921,전남 곡성군 오산면 작천길 17,오산면,N,061-362-4305
전남,곡성군,보건진료소,압록보건진료소,516-822,전남 곡성군 오곡면 섬진강로 1066,오곡면,N,061-362-0643
전남,곡성군,보건진료소,연반보건진료소,516-853,전남 곡성군 석곡면 전기길 75,석곡면,N,061-362-3609
전남,곡성군,보건진료소,염곡보건진료소,516-853,전남 곡성군 석곡면 염곡길 25,석곡면,N,061-362-3983
전남,곡성군,일반보건지소,오곡보건지소,516-821,전남 곡성군 오곡면 기차마을로 120,오곡면,N,061-363-2657
전남,곡성군,통합보건지소,옥과통합보건지소,516-911,전남 곡성군 옥과면 리문6길 25,옥과면,N,061-362-5809
전남,곡성군,일반보건지소,입면보건지소,516-942,전남 곡성군 입면 금산택촌길 6,입면,N,061-362-6102
전남,곡성군,일반보건지소,죽곡보건지소,516-832,전남 곡성군 죽곡면 오죽로 5,죽곡면,N,061-362-4734
전남,곡성군,보건진료소,죽정보건진료소,516-842,전남 곡성군 목사동면 주목로 552-2,목사동면,N,061-362-1663
전남,곡성군,보건진료소,합강보건진료소,516-912,전남 곡성군 옥과면 합강길 1-5,옥과면,N,061-362-5927
전남,곡성군,보건진료소,흥복보건진료소,516-932,전남 곡성군 겸면 산이재로 687,겸면,N,061-362-1211
전남,광양시,보건소,광양시보건소,57741,전남 광양시 광양읍 인덕로 1100(광양시보건소),광양읍,N,061-797-4004
전남,광양시,일반보건지소,광양시도시보건지소,57817,전남 광양시 담안2길 16-15(도시보건지소),태인동,N,061-797-4823
전남,광양시,건강생활지원센터,광영건강생활지원센터,57720,"전남 광양시 금영로 127  (광영동, 광영건강생활지원센터)",광영동,N,061-797-4075
전남,광양시,보건진료소,금천보건진료소,57708,전남 광양시 다압면 평동길 56-7(금천보건진료소),다압면,N,061-797-4097
전남,광양시,일반보건지소,다압보건지소,57709,전남 광양시 다압면 섬진강매화로 2147 (다압보건지소),다압면,N,061-797-4085
전남,광양시,보건진료소,대죽보건진료소,57725,전남 광양시 옥곡면 대죽1길 108-3(대죽보건진료소),옥곡면,N,061-797-4092
전남,광양시,보건진료소,도사보건진료소,57709,전남 광양시 다압면 다사길 37(도사보건진료소),다압면,N,061-797-4096
전남,광양시,보건진료소,동곡보건진료소,57703,전남 광양시 옥룡면 동동길 31-5(동곡보건진료소),옥룡면,N,061-797-4091
전남,광양시,일반보건지소,봉강보건지소,57701,전남 광양시 봉강면 비봉길 1 (봉강보건지소),봉강면,N,061-797-4080
전남,광양시,보건진료소,사곡보건진료소,57732,전남 광양시 광양읍 사곡로 213 (사곡보건진료소),광양읍,N,061-797-4087
전남,광양시,보건진료소,세풍보건진료소,57765,전남 광양시 광양읍 부흥길 16 (세풍보건진료소),광양읍,N,061-797-4086
전남,광양시,보건진료소,어치보건진료소,57705,전남 광양시 진상면 백학로 531 (어치보건진료소),진상면,N,061-797-4093
전남,광양시,보건진료소,오사보건진료소,57711,전남 광양시 진월면 진월추동길 66  (오사보건진료소),진월면,N,061-797-4094
전남,광양시,일반보건지소,옥곡보건지소,57726,전남 광양시 옥곡면 옥진로 658 (옥곡보건지소),옥곡면,N,061-797-4082
전남,광양시,일반보건지소,옥룡보건지소,57704,전남 광양시 옥룡면 신재로 615 (옥룡보건지소),옥룡면,N,061-797-4081
전남,광양시,보건진료소,월길보건진료소,57710,전남 광양시 진월면 섬진강매화로 826 (월길보건진료소),진월면,N,061-797-4095
전남,광양시,보건진료소,조령보건진료소,57700,전남 광양시 봉강면 성불로 815 (조령보건진료소),봉강면,N,061-797-4088
전남,광양시,보건진료소,죽천보건진료소,57703,전남 광양시 옥룡면 내천길 4 (죽천보건진료소),옥룡면,N,061-797-4089
전남,광양시,통합보건지소,중마통합보건지소,57784,"전남 광양시 중동로 42 (중동, 중마통합보건지소)",중동,N,061-797-4061
전남,광양시,일반보건지소,진상보건지소,57707,전남 광양시 진상면 신시길 232 (진상보건지소),진상면,N,061-797-4083
전남,광양시,일반보건지소,진월보건지소,57712,전남 광양시 진월면 선소중앙길 32 (진월보건지소),진월면,N,061-797-4084
전남,광양시,보건진료소,추산보건진료소,57702,전남 광양시 옥룡면 백계로 124 (추산보건진료소),옥룡면,N,061-797-4090
전남,광양시,보건진료소,태인보건진료소,57814,전남 광양시 태인길 304 (태인보건진료소),태인동,N,061-797-4099
전남,광양시,보건진료소,황길보건진료소,57769,"전남 광양시 하포길 77 (황길동, 황길주민자치센터)",황길동,N,061-797-4098
전남,구례군,보건의료원,구례군보건의료원,57647,"전남 구례군 구례읍 동편제길 30, A동 보건의료원",구례읍,N,061-780-2003
전남,구례군,일반보건지소,간전보건지소,57628,전남 구례군 간전면 안음길 3  (간전보건소),간전면,N,061-780-8345
전남,구례군,보건진료소,계산보건진료소,57662,전남 구례군 구례읍 하유길 21-29  (계산보건진료소),구례읍,N,061-780-2711
전남,구례군,보건진료소,관산보건진료소,57604,전남 구례군 산동면 관산구산길 59-14  (관산보건진료소),산동면,N,061-780-2722
전남,구례군,일반보건지소,광의보건지소,57611,전남 구례군 광의면 광의철쭉동산로 14,광의면,N,061-780-8495
전남,구례군,보건진료소,내동보건진료소,57622,전남 구례군 토지면 피아골로 665,토지면,N,061-780-2716
전남,구례군,보건진료소,도암보건진료소,57607,전남 구례군 용방면 도암1길 28  (도암보건진료소),용방면,N,061-780-2718
전남,구례군,일반보건지소,마산보건지소,57617,전남 구례군 마산면 화엄사로 159  (마산면보건소),마산면,N,061-780-8445
전남,구례군,일반보건지소,문척보건지소,57630,전남 구례군 문척면 수달생태로 281,문척면,N,061-780-8298
전남,구례군,일반보건지소,산동보건지소,57602,전남 구례군 산동면 원촌1길 13-5  (산동보건소),산동면,N,061-780-8595
전남,구례군,보건진료소,외곡보건진료소,57623,전남 구례군 토지면 피아골로 7,토지면,N,061-780-2717
전남,구례군,보건진료소,외산보건진료소,57603,전남 구례군 산동면 내온길 13,산동면,N,061-780-2720
전남,구례군,일반보건지소,용방보건지소,57612,전남 구례군 용방면 하용길 5,용방면,N,061-780-8545
전남,구례군,보건진료소,원달보건진료소,57601,전남 구례군 산동면 달전길 14  (원달리 보건진료소),산동면,N,061-780-2721
전남,구례군,보건진료소,이평보건진료소,57600,전남 구례군 산동면 이촌길 4  (이평보건진료소),산동면,N,061-780-2719
전남,구례군,보건진료소,죽마보건진료소,57632,전남 구례군 문척면 죽연길 13-2  (죽마보건진료소),문척면,N,061-780-2712
전남,구례군,보건진료소,토금보건진료소,57631,전남 구례군 문척면 토금길 108-1  (토금보건진료소),문척면,N,061-780-2713
전남,구례군,일반보건지소,토지보건지소,57624,전남 구례군 토지면 섬진강대로 5039  (토지보건지소),토지면,N,061-780-8395
전남,구례군,보건진료소,하천보건진료소,57627,전남 구례군 간전면 하천길 32  (하천보건진료소),간전면,N,061-780-2715
전남,구례군,보건진료소,효곡보건진료소,57629,전남 구례군 간전면 효죽길 1  (효곡보건진료소),간전면,N,061-780-2714
전남,나주시,보건소,나주시보건소,520-952,전남 나주시 풍물시장2길 57-32,이창동,N,061-339-2121
전남,나주시,보건진료소,공산가송보건진료소,520-891,전남 나주시 공산면 가양로 239,공산면,N,061-335-7804
전남,나주시,보건진료소,공산백사보건진료소,520-891,전남 나주시 공산면 오산로 238,공산면,N,061-335-5671
전남,나주시,일반보건지소,공산보건지소,520-892,전남 나주시 공산면 공산로 128-4,공산면,N,061-339-2188
전남,나주시,일반보건지소,금천보건지소,520-824,전남 나주시 금천면 금영로 934,금천면,N,061-339-2193
전남,나주시,보건진료소,남평우산보건진료소,520-845,전남 나주시 남평읍 지석로 765-5,남평읍,N,061-337-1533
전남,나주시,보건진료소,노안금안보건진료소,520-812,전남 나주시 노안면 금안1길 6,노안면,N,061-336-8297
전남,나주시,보건진료소,노안도산보건진료소,520-814,전남 나주시 노안면 도산길 3,노안면,N,061-335-2929
전남,나주시,일반보건지소,노안보건지소,520-813,전남 나주시 노안면 금산로 14,노안면,N,061-339-2192
전남,나주시,보건진료소,다도방산보건진료소,520-862,전남 나주시 다도면 덕림로 8,다도면,N,061-337-9545
전남,나주시,일반보건지소,다도보건지소,520-861,전남 나주시 다도면 다도로 759,다도면,N,061-339-2195
전남,나주시,일반보건지소,다시보건지소,520-934,전남 나주시 다시면 다시로 175-24,다시면,N,061-339-2190
전남,나주시,보건진료소,동강대전보건진료소,520-912,전남 나주시 동강면 동강로 239,동강면,N,061-337-2731
전남,나주시,일반보건지소,동강보건지소,520-914,전남 나주시 동강면 인동길 28,동강면,N,061-339-2189
전남,나주시,보건진료소,동강월송보건진료소,520-913,전남 나주시 동강면 인월로 242-1,동강면,N,061-335-2736
전남,나주시,보건진료소,문평계로보건진료소,520-941,전남 나주시 문평면 문평로 487,문평면,N,061-337-0448
전남,나주시,일반보건지소,문평보건지소,520-942,전남 나주시 문평면 체암로 289,문평면,N,061-339-2191
전남,나주시,일반보건지소,반남보건지소,520-923,전남 나주시 반남면 고분로 594-7,반남면,N,061-339-2187
전남,나주시,보건진료소,반남청송보건진료소,520-921,전남 나주시 반남면 청송로 367,반남면,N,061-336-0849
전남,나주시,일반보건지소,봉황보건지소,520-852,전남 나주시 봉황면 죽석길 1,봉황면,N,061-339-2196
전남,나주시,보건진료소,봉황옥산보건진료소,520-854,전남 나주시 봉황면 금봉로 288,봉황면,N,061-331-3876
전남,나주시,보건진료소,봉황운곡보건진료소,520-852,전남 나주시 봉황면 운곡용곡길 9,봉황면,N,061-337-2914
전남,나주시,건강생활지원센터,빛가람건강생활지원센터,58217,"전남 나주시 빛가람로 719 빛가람동건강생활지원센터 (빛가람동, 빛가람동주민센터)",빛가람동,N,061-339-2197
전남,나주시,일반보건지소,산포보건지소,520-831,전남 나주시 산포면 산포로 468-15,산포면,N,061-339-2194
전남,나주시,일반보건지소,세지보건지소,520-873,전남 나주시 세지면 동창로 130-11,세지면,N,061-339-2185
전남,나주시,보건진료소,세지성산보건진료소,520-873,나주시 세지면 성산덕산길 9-14,왕곡면,N,061-331-5671
전남,나주시,일반보건지소,왕곡보건지소,520-881,전남 나주시 왕곡면 터진목길 10,왕곡면,N,061-339-2186
전남,나주시,보건진료소,왕곡신원보건진료소,520-881,전남 나주시 왕곡면 예향로 3320,왕곡면,N,061-337-4355
전남,나주시,보건진료소,왕곡월천보건진료소,520-882,전남 나주시 왕곡면 나주서부로 575,왕곡면,N,061-335-7723
전남,나주시,일반보건지소,중부보건지소,520-020,전남 나주시 금성관길 9,금계동,N,061-339-2182
전남,담양군,보건소,담양군보건소,57335,전남 담양군 담양읍 완동길 10-11,담양읍,N,061-383-4000
전남,담양군,일반보건지소,가사문학보건지소,57392,전남 담양군 가사문학면 가사문학로 1143-17  (가사문학면보건지소),가사문학면,N,061-380-3611
전남,담양군,일반보건지소,고서보건지소,57385,전남 담양군 고서면 원등1길 11,고서면,N,061-380-3606
전남,담양군,보건진료소,금산보건진료소,57381,전남 담양군 대덕면 금산길 315,대덕면,N,061-380-3829
전남,담양군,일반보건지소,금성보건지소,57305,전남 담양군 금성면 석현길 10-7,금성면,N,061-380-3633
전남,담양군,일반보건지소,대덕보건지소,57380,전남 담양군 대덕면 창평현로 903,대덕면,N,061-380-3622
전남,담양군,일반보건지소,대전보건지소,57328,전남 담양군 대전면 대치8길 21-5,대전면,N,061-380-3670
전남,담양군,보건진료소,덕성보건진료소,57352,전남 담양군 금성면 덕성길 48-8,금성면,N,061-380-3868
전남,담양군,일반보건지소,무정보건지소,57359,전남 담양군 무정면 술지2길 20-10,무정면,N,061-380-3626
전남,담양군,보건진료소,복정보건진료소,57311,전남 담양군 월산면 복정길 19-11,월산면,N,061-380-3909
전남,담양군,일반보건지소,봉산보건지소,57367,전남 담양군 봉산면 신학길 8,봉산면,N,061-380-3602
전남,담양군,보건진료소,삼산보건진료소,57320,전남 담양군 대전면 덕진옥산길 6,대전면,N,061-380-3949
전남,담양군,보건진료소,수남보건진료소,57325,전남 담양군 수북면 한수동로 352-7,수북면,N,061-380-3929
전남,담양군,일반보건지소,수북보건지소,57318,전남 담양군 수북면 추성1로 705,수북면,N,061-380-3648
전남,담양군,보건진료소,양지보건진료소,57372,전남 담양군 봉산면 양지길 17,봉산면,N,061-380-3749
전남,담양군,보건진료소,외추보건진료소,57355,전남 담양군 금성면 외추길 17-7,금성면,N,061-380-3869
전남,담양군,보건진료소,용대보건진료소,57382,전남 담양군 대덕면 용대길 38,대덕면,N,061-380-3828
전남,담양군,일반보건지소,용면보건지소,57302,전남 담양군 용면 추월산로 369,용면,N,061-380-3638
전남,담양군,보건진료소,용연보건진료소,57300,전남 담양군 용면 분통길 25,용면,N,061-380-3889
전남,담양군,보건진료소,원주보건진료소,57384,전남 담양군 고서면 주평길 30,고서면,N,061-380-3759
전남,담양군,일반보건지소,월산보건지소,57312,전남 담양군 월산면 도개길 15-36,월산면,N,061-380-3644
전남,담양군,보건진료소,인암보건진료소,57393,전남 담양군 남면 인암길 20-9,가사문학면,N,061-380-3789
전남,담양군,일반보건지소,창평보건지소,57389,전남 담양군 창평면 의병로 118,창평면,N,061-380-3616
전남,목포시,보건소,목포시보건소,58714,"전남 목포시 원산로45번길 5  (산정동, 목포시보건소)",산정동,N,061-277-4000
전남,목포시,일반보건지소,하당보건지소,58656,"전남 목포시 석현로 48  (석현동, 하당보건지소)",석현동,N,061-285-9831
전남,무안군,보건소,무안군보건소,534-705,전남 무안군 무안읍 무안로 530,무안읍,N,061-450-5014
전남,무안군,보건진료소,광암보건진료소,534-902,전남 무안군 일로읍 삼산로 94,일로읍,N,061-282-3232
전남,무안군,건강생활지원센터,남악건강생활지원센터,534-821,전남 무안군 삼향읍 오룡1길 37,삼향읍,N,061-450-5001
전남,무안군,보건진료소,도대보건진료소,534-831,전남 무안군 청계면 도대로 553-11,청계면,N,061-452-5820
전남,무안군,보건진료소,만풍보건진료소,534-873,전남 무안군 해제면 진목길 2,해제면,N,061-454-6796
전남,무안군,일반보건지소,망운보건지소,534-851,전남 무안군 망운면 동목장길 29-33,망운면,N,061-452-2351
전남,무안군,일반보건지소,몽탄보건지소,534-814,전남 무안군 몽탄면 몽탄로 865,몽탄면,N,061-452-3202
전남,무안군,보건진료소,봉명보건진료소,534-813,전남 무안군 몽탄면 노송1길 3,몽탄면,N,061-452-3909
전남,무안군,보건진료소,사창보건진료소,534-812,전남 무안군 몽탄면 사동길 52,몽탄면,N,061-452-3808
전남,무안군,일반보건지소,삼향보건지소,534-823,전남 무안군 삼향읍 신기길 20,삼향읍,N,061-283-3356
전남,무안군,보건진료소,성내보건진료소,534-862,전남 무안군 운남면 운해로 216-1,운남면,N,061-453-1650
전남,무안군,보건진료소,송현보건진료소,534-851,전남 무안군 망운면 서목장길 87-5,망운면,N,061-452-1945
전남,무안군,일반보건지소,운남보건지소,534-861,전남 무안군 운남면 운해로 607,운남면,N,061-453-1650
전남,무안군,일반보건지소,일로보건지소,534-904,전남 무안군 일로읍 시장길 7,일로읍,N,061-281-5693
전남,무안군,보건진료소,죽산보건진료소,534-903,전남 무안군 일로읍 죽산길 3,일로읍,N,061-281-2913
전남,무안군,보건진료소,천장보건진료소,534-871,전남 무안군 해제면 창매로 23,해제면,N,061-452-7721
전남,무안군,일반보건지소,청계보건지소,534-834,전남 무안군 청계면 청계중앙길 14-5,청계면,N,061-452-5540
전남,무안군,보건진료소,학송보건진료소,534-872,전남 무안군 해제면 봉대로 414,해제면,N,061-454-7397
전남,무안군,보건진료소,해운보건진료소,534-843,전남 무안군 현경면 장군로 687,현경면,N,061-453-6302
전남,무안군,일반보건지소,해제보건지소,534-874,전남 무안군 해제면 봉대로 31,해제면,N,061-453-3474
전남,무안군,일반보건지소,현경보건지소,534-844,전남 무안군 현경면 현해로 84,현경면,N,061-452-2467
전남,보성군,보건소,보성군보건소,59455,전남 보성군 보성읍 송재로 153,보성읍,N,061-853-4000
전남,보성군,일반보건지소,겸백보건지소,59411,전남 보성군 겸백면 충의로 2458-1,겸백면,N,061-850-8570
전남,보성군,보건진료소,고상보건진료소,59413,전남 보성군 벌교읍 채동선로 766-5  (고상보건진료소),벌교읍,N,061-857-2968
전남,보성군,보건진료소,금호보건진료소,59445,전남 보성군 노동면 영구길 44-18,노동면,N,061-852-0026
전남,보성군,보건진료소,내동보건진료소,59402,전남 보성군 문덕면 문덕내동길 31-3,문덕면,N,061-852-1324
전남,보성군,일반보건지소,노동보건지소,59444,전남 보성군 노동면 화전길 37,노동면,N,061-850-8560
전남,보성군,일반보건지소,득량보건지소,59437,전남 보성군 득량면 역전길 15-11,득량면,N,061-850-8624
전남,보성군,보건진료소,마천보건진료소,59439,전남 보성군 득량면 충의로 1249,득량면,N,061-853-8501
전남,보성군,보건진료소,명봉보건진료소,59444,전남 보성군 노동면 봉화길 55,노동면,N,061-852-0341
전남,보성군,일반보건지소,문덕보건지소,59400,전남 보성군 문덕면 장운길 8,문덕면,N,061-850-8600
전남,보성군,일반보건지소,벌교보건지소,59423,전남 보성군 벌교읍 벌교상고길 27,벌교읍,N,061-850-8550
전남,보성군,일반보건지소,복내보건지소,59405,전남 보성군 복내면 개기로 1666-32,복내면,N,061-850-8590
전남,보성군,보건진료소,비봉보건진료소,59467,전남 보성군 득량면 청암길 31-10,득량면,N,061-853-8023
전남,보성군,보건진료소,영등보건진료소,59420,전남 보성군 벌교읍 남하로 490-3,벌교읍,N,061-857-0950
전남,보성군,보건진료소,용전보건진료소,59434,전남 보성군 조성면 대전길 28,조성면,N,061-857-9812
전남,보성군,보건진료소,용정보건진료소,59442,전남 보성군 미력면 살내1길 26-12,미력면,N,061-852-0515
전남,보성군,일반보건지소,웅치보건지소,59450,전남 보성군 웅치면 일림로 989,웅치면,N,061-850-8640
전남,보성군,일반보건지소,율어보건지소,59409,전남 보성군 율어면 상율길 39-11,율어면,N,061-850-8580
전남,보성군,보건진료소,은덕보건진료소,59408,전남 보성군 겸백면 은덕길 36,겸백면,N,061-853-6733
전남,보성군,보건진료소,이동보건진료소,59407,전남 보성군 율어면 배골길 43,율어면,N,061-852-7452
전남,보성군,보건진료소,장도보건진료소,59421,전남 보성군 벌교읍 장도길 204-11,벌교읍,Y,061-857-5127
전남,보성군,보건진료소,장암보건진료소,59420,전남 보성군 벌교읍 장암길 206,벌교읍,N,061-857-5356
전남,보성군,일반보건지소,조성보건지소,59441,전남 보성군 조성면 조성4길 10-12,조성면,N,061-850-8610
전남,보성군,보건진료소,천포보건진료소,59469,전남 보성군 회천면 서동지등길 21-7,회천면,N,061-852-9188
전남,보성군,보건진료소,회령보건진료소,59473,전남 보성군 회천면 시장길 32  (회령보건진료소),회천면,N,061-852-8440
전남,보성군,일반보건지소,회천보건지소,59471,전남 보성군 회천면 우암1길 3,회천면,N,061-850-8630
전남,순천시,보건소,순천시보건소,540-949,전남 순천시 중앙로 232,석현동,N,061-749-6905
전남,순천시,보건진료소,구상보건진료소,57903,전남 순천시 서면 수통목길 3  (구상보건진료소),서면,N,061-749-4337
전남,순천시,일반보건지소,낙안보건지소,540-911,전남 순천시 낙안면 민속마을길 1690,낙안면,N,061-749-6030
전남,순천시,보건진료소,도신보건진료소,540-922,전남 순천시 외서면 도신길 96,외서면,N,061-749-4326
전남,순천시,보건진료소,도정보건진료소,540-825,전남 순천시 승주읍 도정송정길 11,승주읍,N,061-749-4321
전남,순천시,보건진료소,마륜보건진료소,540-862,전남 순천시 상사면 민속마을길 280-8,상사면,N,061-749-4332
전남,순천시,보건진료소,마산보건진료소,540-874,전남 순천시 별량면 마산길 132,별량면,N,061-749-4329
전남,순천시,보건진료소,망룡보건진료소,540-831,전남 순천시 월등면 복사골길 116,월등면,N,061-749-4341
전남,순천시,일반보건지소,별량보건지소,540-874,전남 순천시 별량면 별량장길 38,별량면,N,061-749-6033
전남,순천시,보건진료소,비촌보건진료소,540-823,전남 순천시 황전면 비촌1길 83,황전면,N,061-749-4340
전남,순천시,일반보건지소,상사보건지소,540-861,전남 순천시 상사면 상사초등길 36,상사면,N,061-749-6036
전남,순천시,보건진료소,선월보건진료소,58020,전남 순천시 해룡면 선월길 43 . (선월보건진료소),해룡면,N,061-749-4335
전남,순천시,일반보건지소,송광보건지소,540-932,전남 순천시 송광면 쌍향수길 1338,송광면,N,061-749-6022
전남,순천시,보건진료소,송기보건진료소,540-871,전남 순천시 별량면 송산송기길 140,별량면,N,061-749-4329
전남,순천시,건강생활지원센터,순천시건강생활지원센터,58002,"전남 순천시 팔마3길 14-7  (연향동, 순천시 건강생활지원센터)",연향동,N,061-749-4260
전남,순천시,일반보건지소,승주보건지소,540-804,전남 순천시 승주읍 승주로 694,승주읍,N,061-749-6014
전남,순천시,건강생활지원센터,신대건강생활지원센터,58008,전남 순천시 해룡면 신대로 142,해룡면,N,061-749-3582
전남,순천시,보건진료소,신월보건진료소,540-831,전남 순천시 월등면 월등로 360,월등면,N,061-749-4342
전남,순천시,보건진료소,신전보건진료소,540-913,전남 순천시 낙안면 금산신전길 17,낙안면,N,061-749-4327
전남,순천시,보건진료소,쌍지보건진료소,540-863,전남 순천시 상사면 쌍지길 6,상사면,N,061-749-4333
전남,순천시,보건진료소,어왕보건진료소,540-843,전남 순천시 주암면 한동길 100,주암면,N,061-749-4323
전남,순천시,일반보건지소,외서보건지소,540-921,전남 순천시 외서면 쌍향수길 454,외서면,N,061-749-6026
전남,순천시,보건진료소,운룡보건진료소,57910,전남 순천시 주암면 운룡2길 25 . (운룡보건진료소),주암면,N,061-749-2265
전남,순천시,일반보건지소,월등보건지소,540-831,전남 순천시 월등면 월등로 571,월등면,N,061-749-6044
전남,순천시,일반보건지소,주암보건지소,540-842,전남 순천시 주암면 동주로 2086,주암면,N,061-749-6019
전남,순천시,보건진료소,창녕보건진료소,540-911,전남 순천시 낙안면 민속마을길 1209,낙안면,N,061-749-4328
전남,순천시,보건진료소,창촌보건진료소,540-841,전남 순천시 주암면 주목로 12,주암면,N,061-749-4324
전남,순천시,보건진료소,판교보건진료소,57904,전남 순천시 서면 판교안길 162-1 서면판교진료소,서면,N,061-755-1594
전남,순천시,보건진료소,평죽보건진료소,57901,전남 순천시 황전면 농소길 79  (평죽보건진료소),황전면,N,061-749-4339
전남,순천시,보건진료소,하사보건진료소,540-852,전남 순천시 해룡면 하사길 795,해룡면,N,061-749-4334
전남,순천시,보건진료소,학산보건진료소,58030,전남 순천시 별량면 장산길 96-1 별량학산보건진료소,별량면,N,061-749-4331
전남,순천시,일반보건지소,황전보건지소,540-821,전남 순천시 황전면 백야중길 12,황전면,N,061-749-6040
전남,순천시,보건진료소,회덕보건진료소,57901,"전남 순천시 황전면 삽재팔동길 391  (회덕지소, 회덕노인정)",황전면,N,061-749-4338
전남,순천시,보건진료소,후곡보건진료소,540-933,전남 순천시 송광면 후곡안길 97,송광면,N,061-755-3921
전남,신안군,보건소,신안군보건소,58827,전남 신안군 압해읍 천사로 1004 신안군보건소,압해읍,N,061-243-8550
전남,신안군,일반보건지소,가거도 보건지소,58866,전남 신안군 흑산면 가거도길 36가거도보건지소,흑산면,Y,061-246-3585
전남,신안군,보건진료소,가란도보건진료소,58826,전남 신안군 압해읍 가란길 168 가란도보건진료소,압해읍,Y,061-271-3736
전남,신안군,보건진료소,고이도보건진료소,58817,전남 신안군 압해읍 고이길 34 고이도보건진료소,압해읍,Y,061-246-3983
전남,신안군,보건진료소,능산도보건진료소,58854,전남 신안군 하의면 능뫼큰길 5-18 능산도보건진료소,하의면,Y,061-275-3888
전남,신안군,보건진료소,다물도보건진료소,58863,전남 신안군 흑산면 다물도길 75 다물도보건진료소,흑산면,Y,061-246-2059
전남,신안군,보건진료소,당사도보건진료소,58832,전남 신안군 암태면 당사도길 58-21 당사도보건진료소,암태면,Y,061-246-2711
전남,신안군,보건진료소,대둔도보건진료소,58863,전남 신안군 흑산면 김이수길 22-4  (대둔도보건진료소),흑산면,Y,061-246-2009
전남,신안군,일반보건지소,도초보건지소,58851,전남 신안군 도초면 서남문로 1521-9 도초면보건지소,도초면,Y,061-240-4660
전남,신안군,보건진료소,마진도보건진료소,58861,전남 신안군 장산면 마진도길 48-9  (마진도보건진료소),장산면,Y,061-262-3975
전남,신안군,보건진료소,만재도보건진료소,58865,전남 신안군 흑산면 만재도길 88-1  (만재리보건진료소),흑산면,Y,061-275-0375
전남,신안군,보건진료소,매화도보건진료소,58818,전남 신안군 압해읍 매화길 698  (매화도보건진료소),압해읍,Y,061-246-2625
전남,신안군,보건진료소,반월도보건진료소,58840,전남 신안군 안좌면 반월도길 211  (반월도보건진료소),안좌면,Y,061-262-8734
전남,신안군,보건진료소,병풍도보건진료소,58809,전남 신안군 증도면 병풍1길 38  (병풍도보건진료소),증도면,Y,061-246-2264
전남,신안군,일반보건지소,비금보건지소,58846,전남 신안군 비금면 읍동길 29-4 비금면보건지소,비금면,Y,061-240-4650
전남,신안군,보건진료소,사리보건진료소,58863,전남 신안군 흑산면 흑산일주로 1501  (흑산면사리보건진료소),흑산면,Y,061-246-2040
전남,신안군,보건진료소,선도보건진료소,58816,전남 신안군 지도읍 선도길 13 선도보건진료소,지도읍,Y,061-246-2263
전남,신안군,보건진료소,수치도보건진료소,58848,전남 신안군 비금면 수치도길 233  (수치도보건진료소),비금면,Y,061-262-2195
전남,신안군,일반보건지소,신의보건지소,58857,"전남 신안군 신의면 신의로 661, 신의면보건지소",신의면,Y,061-240-4690
전남,신안군,일반보건지소,안좌보건지소,58839,전남 신안군 안좌면 중부로 870 안좌면보건지소,안좌면,Y,061-240-4910
전남,신안군,일반보건지소,암태보건지소,58836,전남 신안군 암태면 승봉로 38 암태면보건지소,암태면,Y,061-240-4930
전남,신안군,일반보건지소,압해보건지소,58824,"전남 신안군 압해읍 압해로 882, 보건지소  (압해읍사무소)",압해읍,N,061-240-4610
전남,신안군,보건진료소,어의도보건진료소,58810,전남 신안군 지도읍 어의길 91-5 어의도보건진료소,지도읍,Y,061-275-8127
전남,신안군,보건진료소,영산도보건진료소,58863,전남 신안군 흑산면 영산길 71-3 영산도보건진료소,흑산면,Y,061-275-9964
전남,신안군,보건진료소,옥도보건진료소,58855,전남 신안군 하의면 옥도길 83 옥도보건진료소,하의면,Y,061-262-3980
전남,신안군,보건진료소,우이도보건진료소,58853,전남 신안군 도초면 우이진리길 47-17 우이도보건진료소,도초면,Y,061-261-1428
전남,신안군,일반보건지소,임자보건지소,58802,전남 신안군 임자면 임자로 144 임자면보건지소,임자면,Y,061-240-4630
전남,신안군,보건진료소,자라도보건진료소,58842,전남 신안군 안좌면 자라도길 16  (보건진료소),안좌면,Y,061-262-4381
전남,신안군,일반보건지소,자은보건지소,58829,"전남 신안군 자은면 구영1길 8, 보건소  (면사무소)",자은면,Y,061-240-4640
전남,신안군,보건진료소,장도보건진료소,58863,전남 신안군 흑산면 장도길 51-1  (장도보건진료소),흑산면,Y,061-075-0357
전남,신안군,일반보건지소,장산보건지소,58860,전남 신안군 장산면 장산로 326  (장산면보건지소),장산면,Y,061-240-4670
전남,신안군,보건진료소,재원도보건진료소,58804,"전남 신안군 임자면 재원길 23-10, 재원도보건진료소  (재원도보건진료소)",임자면,Y,061-275-0280
전남,신안군,일반보건지소,증도보건지소,58807,전남 신안군 증도면 문준경길 193-1 증도면보건지소,증도면,N,061-240-4620
전남,신안군,일반보건지소,지도보건지소,58813,전남 신안군 지도읍 지도증도로 9-1 지도읍보건지소,지도읍,N,061-240-4600
전남,신안군,보건진료소,추포도보건진료소,58835,전남 신안군 암태면 포도길 9-3  (추포도보건진료소),암태면,Y,061-261-1606
전남,신안군,보건진료소,태도보건진료소,58864,전남 신안군 흑산면 장굴길 49-1  (흑산면태도출장소 및 보건진료소),흑산면,Y,061-246-2762
전남,신안군,일반보건지소,팔금보건지소,58838,전남 신안군 팔금면 삼층석탑길 144 팔금면보건지소,팔금면,Y,061-240-4920
전남,신안군,일반보건지소,하의보건지소,58856,전남 신안군 하의면 하의로 250 하의면보건지소,하의면,Y,061-240-4680
전남,신안군,일반보건지소,홍도보건지소,58862,전남 신안군 흑산면 홍도1길 65,흑산면,Y,061-240-4940
전남,신안군,일반보건지소,흑산보건지소,58863,전남 신안군 흑산면 흑산일주로 16 흑산면보건지소,흑산면,Y,061-240-4670
전남,여수시,보건소,여수시보건소,59674,"전남 여수시 시청서4길 47, 여수시 보건소  (학동)",학동,N,061-683-4000
전남,여수시,보건진료소,감도보건진료소,59651,전남 여수시 화양면 감도길 2  (감도보건진료소),화양면,N,061-686-0117
전남,여수시,일반보건지소,개도보건지소,59783,전남 여수시 화정면 개도화산1길 8  (개도보건지소),화정면,Y,061-659-1751
전남,여수시,보건진료소,경호보건진료소,59766,"전남 여수시 대경도2길 5  (경호동, 경호동보건진료소)",경호동,Y,061-665-6460
전남,여수시,보건진료소,금성보건진료소,59777,전남 여수시 돌산읍 돌산로 617-2  (금성보건진료소),돌산읍,N,061-644-1923
전남,여수시,일반보건지소,남면보건지소,59786,전남 여수시 남면 금오로 858  (남면보건지소),남면,Y,061-659-1217
전남,여수시,보건진료소,낭도보건진료소,59781,전남 여수시 화정면 여산길 62  (낭도보건진료소),화정면,Y,061-665-4077
전남,여수시,일반보건지소,돌산보건지소,59777,전남 여수시 돌산읍 방답길 55  (돌산보건지소),돌산읍,N,061-659-1036
전남,여수시,보건진료소,동도보건진료소,59790,전남 여수시 삼산면 죽촌1길 24-1  (동도보건진료소),삼산면,Y,061-666-9576
전남,여수시,일반보건지소,동부도시보건지소,59726,"전남 여수시 동문로 99  (공화동, 동부도시보건지소)",공화동,N,061-659-4355
전남,여수시,보건진료소,두라보건진료소,59784,전남 여수시 남면 선창길 11  (두라보건진료소),남면,Y,061-665-4424
전남,여수시,보건진료소,묘도보건진료소,59617,"전남 여수시 묘도10길 6  (묘도동, 묘도보건진료소)",묘도동,N,061-685-3386
전남,여수시,보건진료소,복산보건진료소,59648,전남 여수시 소라면 달천길 135  (복산보건진료소),소라면,N,061-686-1357
전남,여수시,보건진료소,봉두보건진료소,59608,전남 여수시 소라면 당촌길 57-1  (봉두보건진료소),소라면,N,061-685-2087
전남,여수시,보건진료소,사곡보건진료소,59607,전남 여수시 소라면 상사길 21  (사곡보건진료소),소라면,N,061-686-1057
전남,여수시,일반보건지소,삼산보건지소,59790,전남 여수시 삼산면 거문길 122  (삼산보건지소),삼산면,Y,061-659-1284
전남,여수시,보건진료소,상봉보건진료소,59603,전남 여수시 율촌면 상봉1길 28  (상봉보건진료소),율촌면,N,061-686-0912
전남,여수시,일반보건지소,상암보건지소,59619,"전남 여수시 상암로 601-1  (상암동, 상암보건지소)",상암동,N,061-659-1788
전남,여수시,보건진료소,상하화보건진료소,59781,전남 여수시 화정면 아랫꽃섬1길 4-5  (상하화보건진료소),화정면,Y,061-665-9573
전남,여수시,보건진료소,서도보건진료소,59790,전남 여수시 삼산면 장촌3길 9-6  (서도보건진료소),삼산면,Y,061-665-7758
전남,여수시,보건진료소,세포보건진료소,59780,전남 여수시 화양면 장수로 19  (세포보건진료소),화양면,N,061-686-2515
전남,여수시,보건진료소,손죽보건진료소,59788,전남 여수시 삼산면 우데미길 12  (손죽보건진료소),삼산면,Y,061-665-9662
전남,여수시,보건진료소,송도보건진료소,59777,전남 여수시 돌산읍 송도길 38-2  (송도보건진료소),돌산읍,Y,061-666-9363
전남,여수시,보건진료소,안도보건진료소,59786,전남 여수시 남면 안도해변길 49-7  (안도보건진료소),남면,Y,061-666-9521
전남,여수시,보건진료소,여자보건진료소,59650,전남 여수시 화정면 마파지길 17  (여자보건진료소),화정면,Y,061-666-9574
전남,여수시,일반보건지소,연도보건지소,59787,전남 여수시 남면 연도서부안길 17  (연도보건지소),남면,Y,061-659-1723
전남,여수시,일반보건지소,우두보건지소,59769,전남 여수시 돌산읍 강남로 32  (우두보건지소),돌산읍,N,061-659-5278
전남,여수시,보건진료소,월호보건진료소,59782,전남 여수시 화정면 월호골길 13  (월호보건진료소),화정면,Y,061-666-7595
전남,여수시,보건진료소,유송보건진료소,59785,전남 여수시 남면 솔고지길 71-11  (유송보건진료소),남면,Y,061-664-9002
전남,여수시,보건진료소,율림보건진료소,59778,전남 여수시 돌산읍 향일암로 269-6  (율림보건진료소),돌산읍,N,061-644-6621
전남,여수시,보건진료소,장수보건진료소,59780,전남 여수시 화양면 장수자매길 8-2  (장수보건진료소),화양면,N,061-682-6863
전남,여수시,보건진료소,적금보건진료소,59781,전남 여수시 화정면 적금뒷등길 27  (적금보건진료소),화정면,Y,061-666-9572
전남,여수시,보건진료소,제도보건진료소,59782,전남 여수시 화정면 제도해안길 63  (제도보건진료소),화정면,Y,061-665-4982
전남,여수시,보건진료소,죽포보건진료소,59775,전남 여수시 돌산읍 돌산로 2080-8  (죽포보건진료소),돌산읍,N,061-644-3615
전남,여수시,일반보건지소,중부보건지소,59711,"전남 여수시 여서동5길 21-1  (여서동, 중부보건지소)",여서동,N,061-659-4354
전남,여수시,일반보건지소,초도보건지소,59789,전남 여수시 삼산면 대동길 78  (초도보건소),삼산면,Y,061-659-1775
전남,여수시,보건진료소,평사보건진료소,59772,전남 여수시 돌산읍 평사로 560-6  (평사보건진료소),돌산읍,N,061-644-5745
전남,여수시,일반보건지소,화양보건지소,59779,전남 여수시 화양면 화양로 1436-9  (화양보건지소),화양면,N,061-659-1174
전남,여수시,일반보건지소,화정보건지소,59782,전남 여수시 화정면 백야해안길 40  (화정보건지소),화정면,N,061-659-1251
전남,여수시,보건진료소,화태보건진료소,59784,전남 여수시 남면 화태길 28  (화태보건진료소),남면,Y,061-665-9208
전남,여수시,보건진료소,횡간보건진료소,59784,전남 여수시 남면 횡간중앙길 14-2  (횡간보건진료소),남면,Y,061-666-6205
전남,영광군,보건소,영광군보건소,513-803,전남 영광군 영광읍 신남로4길 17,영광읍,N,061-350-5552
전남,영광군,보건진료소,군남반안보건진료소,513-853,전남 영광군 군남면 봉덕로7길 10,군남면,N,061-352-4734
전남,영광군,보건진료소,군서덕산보건진료소,513-842,전남 영광군 군서면 삼산로 306,군서면,N,061-352-4489
전남,영광군,일반보건지소,군서보건지소,513-843,전남 영광군 군서면 군서로2길 64,군서면,N,061-350-5675
전남,영광군,일반보건지소,낙월보건지소,513-891,전남 영광군 낙월면 낙월길2길 42,낙월면,Y,061-350-5677
전남,영광군,보건진료소,낙월송이보건진료소,513-893,전남 영광군 낙월면 송이길 33-7,낙월면,Y,061-353-0687
전남,영광군,보건진료소,낙월안마보건진료소,513-892,전남 영광군 낙월면 안마길 22,낙월면,Y,061-352-3266
전남,영광군,보건진료소,대마동부보건진료소,513-812,전남 영광군 대마면 영장로5길 86,대마면,N,061-352-3584
전남,영광군,일반보건지소,대마보건지소,513-812,전남 영광군 대마면 동삼로 706-1,대마면,N,061-350-5672
전남,영광군,일반보건지소,묘량보건지소,513-821,전남 영광군 묘량면 묘량로 283,묘량면,N,061-350-5673
전남,영광군,보건진료소,묘량삼효보건진료소,513-821,전남 영광군 묘량면 동삼로 319,묘량면,N,061-352-5700
전남,영광군,보건진료소,백수논산보건진료소,513-842,전남 영광군 군서면 성지로 864,군서면,N,061-353-5993
전남,영광군,보건진료소,백수대신보건진료소,513-901,전남 영광군 백수읍 대신길1길 1,백수읍,N,061-352-6918
전남,영광군,일반보건지소,백수보건지소,513-903,전남 영광군 백수읍 백수로11길 16,백수읍,N,061-350-5671
전남,영광군,보건진료소,백수하사보건진료소,513-905,전남 영광군 백수읍 하사길3길 17,백수읍,N,061-352-6165
전남,영광군,보건진료소,법성월산보건진료소,513-874,전남 영광군 법성면 용성월산로5길 238,법성면,N,061-353-2231
전남,영광군,보건진료소,불갑모악보건진료소,513-832,전남 영광군 불갑면 불갑사로2길 3-2,불갑면,N,061-352-7993
전남,영광군,일반보건지소,불갑보건지소,513-832,전남 영광군 불갑면 함영로4길 17,불갑면,N,061-350-5673
전남,영광군,일반보건지소,염산보건지소,513-863,전남 영광군 염산면 칠산로8길 74,염산면,N,061-350-5676
전남,영광군,보건진료소,염산야월보건진료소,513-863,전남 영광군 염산면 칠산로 552-4,염산면,N,061-352-9424
전남,영광군,보건진료소,홍농가곡보건진료소,513-881,전남 영광군 홍농읍 샘목로 602,홍농읍,N,061-356-0403
전남,영암군,보건소,영암군보건소,526-801,전남 영암군 영암읍 오리정길 39,영암읍,N,061-470-6525
전남,영암군,보건진료소,갈곡보건진료소,526-811,전남 영암군 신북면 치릿길 1-8,신북면,N,061-472-8915
전남,영암군,일반보건지소,군서보건지소,526-851,전남 영암군 군서면 도갑사로 25,군서면,N,061-472-0202
전남,영암군,보건진료소,금강보건진료소,58435,전남 영암군 서호면 금강길 16 (서호금강보건진료소),서호면,N,061-472-6819
전남,영암군,일반보건지소,금정보건지소,526-911,전남 영암군 금정면 용두로 11-21,금정면,N,061-472-1383
전남,영암군,보건진료소,남송보건진료소,526-911,전남 영암군 금정면 남송길 27,금정면,N,061-472-1406
전남,영암군,일반보건지소,덕진보건지소,526-823,전남 영암군 덕진면 예향로 1731,덕진면,N,061-473-0878
전남,영암군,일반보건지소,도포보건지소,526-831,전남 영암군 도포면 호산로 39,도포면,N,061-472-2427
전남,영암군,보건진료소,모정보건진료소,526-853,전남 영암군 군서면 영산로 2293,군서면,N,061-472-0423
전남,영암군,일반보건지소,미암보건지소,526-881,전남 영암군 미암면 미중로 39,미암면,N,061-472-2680
전남,영암군,보건진료소,미암보건진료소,526-881,전남 영암군 미암면 미촌길 43,미암면,N,061-472-4882
전남,영암군,일반보건지소,삼호보건지소,526-897,전남 영암군 삼호읍 세가래1길 10-6,삼호읍,N,061-462-6532
전남,영암군,일반보건지소,서호보건지소,526-862,전남 영암군 서호면 서호로 288,서호면,N,061-472-7447
전남,영암군,일반보건지소,시종보건지소,58427,전남 영암군 시종면 내동중앙로 41  (시종보건지소),시종면,N,061-472-8155
전남,영암군,일반보건지소,신북보건지소,526-813,전남 영암군 신북면 간은정로 21-8,신북면,N,061-472-9044
전남,영암군,보건진료소,신포보건진료소,526-882,전남 영암군 미암면 곤미현로 367,미암면,N,061-472-4318
전남,영암군,보건진료소,신학보건진료소,526-844,전남 영암군 시종면 신학1로 9,시종면,N,061-472-1884
전남,영암군,보건진료소,용산보건진료소,58408,전남 영암군 덕진면 용산용동길 91-24  (덕진용산보건진료소),덕진면,N,061-473-2683
전남,영암군,보건진료소,용소보건진료소,526-871,전남 영암군 학산면 천해길 42,학산면,N,061-472-4276
전남,영암군,보건진료소,월악보건진료소,526-842,전남 영암군 시종면 금지로 65,시종면,N,061-472-7714
전남,영암군,보건진료소,은곡보건진료소,526-873,전남 영암군 학산면 은곡길 48-7,학산면,N,061-472-5297
전남,영암군,보건진료소,장암보건진료소,526-803,전남 영암군 영암읍 마당바우로 105,영암읍,N,061-473-2348
전남,영암군,일반보건지소,학산보건지소,526-872,전남 영암군 학산면 독천로 193-1,학산면,N,061-472-1820
전남,영암군,보건진료소,해창보건진료소,58432,전남 영암군 군서면 온천로 172,군서면,N,061-472-1271
전남,완도군,보건의료원,완도군보건의료원,59108,"전남 완도군 완도읍 농공단지길 34, 본관 완도군보건의료원 (완도보건의료원)",완도읍,N,061-550-6720
전남,완도군,보건진료소,고금덕동보건진료소,59132,전남 완도군 고금면 고금동로647번길 9 고금동로 678번길 32,고금면,N,061-550-6417
전남,완도군,일반보건지소,고금보건지소,59130,전남 완도군 고금면 농상도남길 23 고금보건지소 (보건소),고금면,N,061-550-6831
전남,완도군,보건진료소,군외고마보건진료소,59102,전남 완도군 군외면 고마도길 53 고마보건진료소 (고마보건진료소),군외면,Y,061-550-6347
전남,완도군,일반보건지소,군외보건지소,59101,전남 완도군 군외면 원동1길 58 군외보건지소 (군외보건지소),군외면,N,061-550-6811
전남,완도군,일반보건지소,금당보건지소,59137,전남 완도군 금당면 금당로 50 금당보건지소 (금당보건지소),금당면,Y,061-550-6870
전남,완도군,보건진료소,금당삼산보건진료소,59137,전남 완도군 금당면 금당로 102 312번길 102,금당면,Y,061-550-6588
전남,완도군,일반보건지소,금일보건지소,59140,전남 완도군 금일읍 금일로 365-1 금일보건지소 (금일읍보건소),금일읍,Y,061-550-6791
전남,완도군,보건진료소,금일소랑보건진료소,59143,전남 완도군 금일읍 금일로 1207 소랑보건진료소,금일읍,Y,061-550-6198
전남,완도군,보건진료소,금일충도보건진료소,59142,전남 완도군 금일읍 금일충도길 24 충도보건진료소,금일읍,Y,061-550-6199
전남,완도군,일반보건지소,노화넙도보건지소,59159,전남 완도군 노화읍 넙도길 278 넙도보건지소,노화읍,Y,061-550-6888
전남,완도군,보건진료소,노화동부보건진료소,59155,전남 완도군 노화읍 노화로 300 304번길 10 노화 동부보건진료소,노화읍,Y,061-550-6267
전남,완도군,일반보건지소,노화보건지소,59157,전남 완도군 노화읍 노화로 813 노화보건지소 (노화읍사무소),노화읍,Y,061-550-6800
전남,완도군,보건진료소,노화읍서넙도보건진료소,59159,전남 완도군 노화읍 서넙도길 62-1 서넙도보건진료소 (서넙도 보건진료소),노화읍,Y,061-550-6268
전남,완도군,일반보건지소,보길보건지소,537-852,전남 완도군 보길면 보길동로19번길 26-2,보길면,Y,061-550-6881
전남,완도군,보건진료소,보길정자보건진료소,59160,전남 완도군 보길면 보길로 527 정자보건진료소 (보길정자보건진료소),보길면,Y,061-550-6627
전남,완도군,보건진료소,보길중리보건진료소,59162,전남 완도군 보길면 보길동로 100 377번길 1-1,보길면,Y,061-550-6628
전남,완도군,보건진료소,사동보건진료소,59143,전남 완도군 금일읍 금일로 1000 금일보건지소,금일읍,Y,061-550-6197
전남,완도군,보건진료소,사후보건진료소,59103,전남 완도군 군외면 사후도길 46 사후보건진료소 (사후보건지소),군외면,Y,061-550-6348
전남,완도군,보건진료소,생일덕우보건진료소,537-921,전남 완도군 생일면 덕우도길 18-7,생일면,Y,061-550-6677
전남,완도군,일반보건지소,생일보건지소,59144,전남 완도군 생일면 생일로 590-32 생일보건지소 (생일보건지소),생일면,Y,061-550-6890
전남,완도군,일반보건지소,소안보건지소,59165,전남 완도군 소안면 소안로 213-1 소안보건지소 (소안면보건지소),소안면,Y,061-550-6861
전남,완도군,보건진료소,소안진산보건진료소,59166,전남 완도군 소안면 소안남로 25 진산보건진료소 (진산보건소),소안면,Y,061-550-6567
전남,완도군,보건진료소,소안횡간보건진료소,59153,전남 완도군 소안면 횡간도길 22 횡간보건진료소 (횡간진료보건소),소안면,Y,061-550-6568
전남,완도군,보건진료소,신지동고보건진료소,59148,전남 완도군 신지면 신지로 1275 동고보건진료소 (동고리보건진료소),신지면,N,061-550-6369
전남,완도군,일반보건지소,신지보건지소,59146,전남 완도군 신지면 신지로 567-1 신지보건지소 (신지면보건지소),신지면,N,061-550-6822
전남,완도군,일반보건지소,약산보건지소,537-881,전남 완도군 약산면 약산로407번길 3-3,약산면,N,061-550-6840
전남,완도군,보건진료소,약산해동보건진료소,59135,전남 완도군 약산면 약산로 666 688번길 7,약산면,N,061-550-6469
전남,완도군,건강생활지원센터,완도건강생활지원센터,59109,전남 완도군 완도읍 청해진동로 70 건강생활지원센터 (건강생활지원센터),완도읍,N,061-550-6712
전남,완도군,보건진료소,청산모도보건진료소,59152,전남 완도군 청산면 대모도길 373 모도보건진료소 (모도보건소),청산면,Y,061-550-6498
전남,완도군,일반보건지소,청산보건지소,59151,전남 완도군 청산면 청산로 40 청산보건지소 (청산보건지소),청산면,Y,061-550-6852
전남,완도군,보건진료소,청산여서보건진료소,59152,전남 완도군 청산면 여서도길 29-4 여서보건진료소 (여서보건지소),청산면,Y,061-550-6497
전남,장성군,보건소,장성군보건소,57220,전남 장성군 장성읍 청운11길 13  (보건소),장성읍,N,061-390-7550
전남,장성군,일반보건지소,남면보건지소,57249,전남 장성군 남면 못재로 101,남면,N,061-390-6895
전남,장성군,보건진료소,대악보건진료소,57208,전남 장성군 북하면 대악길 6  (대악보건진료소),북하면,N,061-392-0306
전남,장성군,일반보건지소,동화보건지소,57241,전남 장성군 동화면 수연로 7  (동화보건지소),동화면,N,061-390-6925
전남,장성군,보건진료소,두월보건진료소,57256,전남 장성군 삼서면 태산로 479  (두월보건보건소),삼서면,N,061-392-2278
전남,장성군,보건진료소,마령보건진료소,57250,전남 장성군 남면 백운길 12  (마령보건진료소),남면,N,061-394-2936
전남,장성군,보건진료소,모암보건진료소,57231,전남 장성군 서삼면 주암길 13  (모암보건진료소),서삼면,N,061-393-3865
전남,장성군,보건진료소,보생보건진료소,57257,전남 장성군 삼서면 보강길 3  (보생보건진료소),삼서면,N,061-394-2420
전남,장성군,일반보건지소,북이보건지소,57201,전남 장성군 북이면 백양로 21,북이면,N,061-390-7965
전남,장성군,일반보건지소,북일보건지소,57230,전남 장성군 북일면 신흥로 390  (북일보건지소),북일면,N,061-390-7935
전남,장성군,일반보건지소,북하보건지소,57205,전남 장성군 북하면 백양로 894  (북하보건지소),북하면,N,061-390-7985
전남,장성군,일반보건지소,삼계보건지소,57238,전남 장성군 삼계면 영장로 1585,삼계면,N,061-390-8326
전남,장성군,일반보건지소,삼서보건지소,57255,전남 장성군 삼서면 해삼로 1115  (삼서면보건지소),삼서면,N,061-390-6955
전남,장성군,보건진료소,생촌보건진료소,57233,전남 장성군 삼계면 생촌길 82  (생촌보건진료소),삼계면,N,061-393-6188
전남,장성군,보건진료소,서부보건진료소,57253,전남 장성군 삼서면 소도길 1  (서부보건진료소),삼서면,N,061-394-2375
전남,장성군,일반보건지소,서삼보건지소,57232,전남 장성군 서삼면 축령로 366  (서삼보건지소),서삼면,N,061-390-7905
전남,장성군,보건진료소,신월보건진료소,57202,전남 장성군 북이면 월하길 39  (신월보건진료소),북이면,N,061-392-8439
전남,장성군,보건진료소,용산보건진료소,57246,전남 장성군 진원면 용산두월길 4  (용산보건진료소),진원면,N,061-393-4858
전남,장성군,보건진료소,월산보건진료소,57242,전남 장성군 동화면 동화로 121  (월산보건진료소),동화면,N,061-392-8161
전남,장성군,일반보건지소,진원보건지소,57244,전남 장성군 진원면 덕주1길 11  (진원보건지소),진원면,N,061-390-6865
전남,장성군,보건진료소,필암보건진료소,57223,전남 장성군 황룡면 홍길동로 175  (필암보건진료소),황룡면,N,061-393-5859
전남,장흥군,보건소,장흥군보건소,529-801,전남 장흥군 장흥읍 흥성로 49,장흥읍,N,061-860-0550
전남,장흥군,일반보건지소,관산보건지소,529-872,전남 장흥군 관산읍 관산로 99,관산읍,N,061-860-0642
전남,장흥군,일반보건지소,대덕보건지소,529-902,전남 장흥군 대덕읍 거정안길 10,대덕읍,N,061-860-0643
전남,장흥군,보건진료소,대신보건진료소,529-881,전남 장흥군 회진면 회진로 880,회진면,N,061-867-5522
전남,장흥군,보건진료소,대천보건진료소,529-823,전남 장흥군 유치면 암천길 15-15,유치면,N,061-864-2543
전남,장흥군,보건진료소,봉림보건진료소,529-842,전남 장흥군 장평면 곰치로 845,장평면,N,061-862-3506
전남,장흥군,일반보건지소,부산보건지소,529-811,전남 장흥군 부산면 부유로 31,부산면,N,061-860-0649
전남,장흥군,통합보건지소,북부통합보건지소,529-842,전남 장흥군 장평면 장평중앙길 29,장평면,N,061-860-0647
전남,장흥군,보건진료소,삭금보건진료소,529-883,전남 장흥군 회진면 가학회진로 895,회진면,N,061-867-5543
전남,장흥군,보건진료소,삼산보건진료소,529-874,전남 장흥군 관산읍 삼산로 61,관산읍,N,061-867-4095
전남,장흥군,보건진료소,상발보건진료소,529-862,전남 장흥군 용산면 접정남포로 945,용산면,N,061-863-5876
전남,장흥군,보건진료소,수문보건진료소,529-853,전남 장흥군 안양면 수문1길 9,안양면,N,061-862-1346
전남,장흥군,보건진료소,신리보건진료소,529-902,전남 장흥군 대덕읍 장흥대로 76,대덕읍,N,061-867-0023
전남,장흥군,일반보건지소,안양보건지소,529-851,전남 장흥군 안양면 남부관광로 728,안양면,N,061-860-0645
전남,장흥군,일반보건지소,용산보건지소,529-861,전남 장흥군 용산면 장흥대로 2476,용산면,N,061-860-0644
전남,장흥군,일반보건지소,유치보건지소,529-821,전남 장흥군 유치면 유치로 22,유치면,N,061-860-0648
전남,장흥군,보건진료소,장동보건진료소,529-833,전남 장흥군 장동면 곰치로 845,장동면,N,061-862-3506
전남,장흥군,보건진료소,장평부평보건진료소,529-841,전남 장흥군 장평면 임리어곡길 66,장평면,N,061-862-0677
전남,장흥군,보건진료소,죽청보건진료소,529-871,전남 장흥군 관산읍 죽청2길 4,관산읍,N,061-867-2376
전남,장흥군,일반보건지소,회진보건지소,529-883,전남 장흥군 회진면 가학회진로 1574,회진면,N,061-860-0650
전남,진도군,보건소,진도군보건소,539-802,전남 진도군 진도읍 남동1길 40-9,진도읍,N,061-540-6005
전남,진도군,보건진료소,가사도보건진료소,539-911,전남 진도군 조도면 가사도길 108,조도면,Y,061-542-5693
전남,진도군,보건진료소,가치보건진료소,539-851,전남 진도군 지산면 가치길 74-4,지산면,N,061-543-2911
전남,진도군,일반보건지소,고군보건지소,539-814,전남 진도군 고군면 진도대로 303,고군면,N,061-543-1071
전남,진도군,보건진료소,관매도보건진료소,539-910,전남 진도군 조도면 관매도길 65,조도면,Y,061-544-8688
전남,진도군,보건진료소,관사도보건진료소,539-914,전남 진도군 조도면 관사도길 20-10,조도면,Y,061-544-5867
전남,진도군,보건진료소,광석보건진료소,539-843,전남 진도군 임회면 호구동길 31-3,임회면,N,061-543-6020
전남,진도군,일반보건지소,군내보건지소,539-822,전남 진도군 군내면 금골길 38,군내면,N,061-542-4138
전남,진도군,보건진료소,금갑보건진료소,539-831,전남 진도군 의신면 금갑길 83-6,의신면,N,061-544-1103
전남,진도군,보건진료소,길은보건진료소,539-852,전남 진도군 지산면 거제길은로 277,지산면,N,061-543-2596
전남,진도군,보건진료소,녹진보건진료소,539-821,전남 진도군 군내면 대야길 23,군내면,N,061-542-6234
전남,진도군,보건진료소,대마도보건진료소,539-914,전남 진도군 조도면 대마도길 71-10,조도면,Y,061-544-6624
전남,진도군,보건진료소,동거차보건진료소,539-918,전남 진도군 조도면 동거차동육길 58-9,조도면,Y,061-544-6930
전남,진도군,보건진료소,상조도보건진료소,539-916,전남 진도군 조도면 맹성길 4,조도면,Y,061-542-1608
전남,진도군,보건진료소,서거차보건진료소,539-918,전남 진도군 조도면 서거차도1길 75,조도면,Y,061-544-6865
전남,진도군,보건진료소,연동보건진료소,539-842,전남 진도군 임회면 진도대로 5179-11,임회면,N,061-544-1875
전남,진도군,일반보건지소,의신보건지소,539-833,전남 진도군 의신면 돈지1길 67-12,의신면,N,061-543-4114
전남,진도군,일반보건지소,임회보건지소,539-841,전남 진도군 임회면 십일시길 53-3,임회면,N,061-543-3800
전남,진도군,일반보건지소,조도보건지소,539-912,전남 진도군 조도면 창유2길 12,조도면,Y,061-542-5153
전남,진도군,보건진료소,죽림보건진료소,539-844,전남 진도군 임회면 헌복동길 24,임회면,N,061-544-0953
전남,진도군,일반보건지소,지산보건지소,539-853,전남 진도군 지산면 인지인천2길 2,지산면,N,061-542-0302
전남,진도군,보건진료소,회동보건진료소,539-812,전남 진도군 고군면 진도대로 1528,고군면,N,061-542-6013
전남,함평군,보건소,함평군보건소,57153,전남 함평군 함평읍 중앙길 54-8   (함평보건소),함평읍,N,061-320-2405
전남,함평군,보건진료소,계림보건진료소,57121,전남 함평군 월야면 금치죽림길 4-6  (계림보건진료소),월야면,N,061-320-2954
전남,함평군,보건진료소,금곡보건진료소,57141,전남 함평군 대동면 옥동길 43  (금곡보건진료소),대동면,N,061-320-2950
전남,함평군,보건진료소,금송보건진료소,57167,전남 함평군 학교면 중천포로 457,학교면,N,061-320-2947
전남,함평군,일반보건지소,나산보건지소,57129,전남 함평군 나산면 나산길 118  (나산보건지소),나산면,N,061-320-2375
전남,함평군,보건진료소,대각보건진료소,57115,전남 함평군 해보면 올림픽로 1018  (대각보건진료소),해보면,N,061-320-2953
전남,함평군,일반보건지소,대동보건지소,57145,전남 함평군 대동면 대동길 5-10,대동면,N,061-320-2371
전남,함평군,보건진료소,덕산보건진료소,57139,전남 함평군 대동면 외덕길 3  (덕산보건진료소),대동면,N,061-320-2951
전남,함평군,보건진료소,동정보건진료소,57103,전남 함평군 신광면 군유로 436  (동정보건진료소),신광면,N,061-320-2946
전남,함평군,보건진료소,복천보건진료소,57160,전남 함평군 학교면 고막천로 817 (복천보건진료소),학교면,N,061-320-2948
전남,함평군,보건진료소,산남보건진료소,57111,전남 함평군 손불면 석산로 516 (산남보건진료소),손불면,N,061-320-2943
전남,함평군,보건진료소,삼정보건진료소,57144,전남 함평군 함평읍 함장로 675-13  (삼정보건진료소),함평읍,N,061-320-2941
전남,함평군,보건진료소,석성보건진료소,57137,전남 함평군 함평읍 돌머리길 468  (석성보건진료소),함평읍,N,061-320-2942
전남,함평군,일반보건지소,손불보건지소,57110,전남 함평군 손불면 손불중앙길 45  (손불보건지소),손불면,N,061-320-2350
전남,함평군,일반보건지소,신광보건지소,57107,전남 함평군 신광면 신광중앙길 84  (신광보건진료소),신광면,N,061-320-2355
전남,함평군,보건진료소,양정보건진료소,57126,전남 함평군 월야면 갈동길 25  (양정보건진료소),월야면,N,061-320-2955
전남,함평군,일반보건지소,엄다보건지소,57164,전남 함평군 엄다면 엄다길 55  (엄다보건지소),엄다면,N,061-320-2365
전남,함평군,보건진료소,영흥보건진료소,57165,전남 함평군 엄다면 영흥길 78-19  (영흥보건진료소),엄다면,N,061-320-2949
전남,함평군,보건진료소,용두보건진료소,57130,전남 함평군 나산면 회화정길 17  (용두보건진료소),나산면,N,061-320-2952
전남,함평군,일반보건지소,월야보건지소,57124,전남 함평군 월야면 밀재로 1476  (월야보건지소),월야면,N,061-320-2385
전남,함평군,보건진료소,월천보건진료소,57110,전남 함평군 손불면 손무로 1050  (월천보건진료소),손불면,N,061-320-2944
전남,함평군,보건진료소,정산보건진료소,57121,전남 함평군 월야면 해삼로 602  (정산보건진료소),월야면,N,061-320-2956
전남,함평군,보건진료소,죽장보건진료소,57109,전남 함평군 손불면 죽암죽장길 356  (죽장보건진료소),손불면,N,061-320-2945
전남,함평군,일반보건지소,학교보건지소,57162,전남 함평군 학교면 함영로 472  (학교보건지소),학교면,N,061-320-2360
전남,함평군,일반보건지소,해보보건지소,57117,전남 함평군 해보면 유정길 8-11  (해보보건지소),해보면,N,061-320-2380
전남,해남군,보건소,해남군보건소,59038,전남 해남군 해남읍 해남로 46  (해남보건소),해남읍,N,061-531-3738
전남,해남군,일반보건지소,계곡보건지소,59018,전남 해남군 계곡면 해남로 1455  (계곡면보건지소),계곡면,N,061-532-5985
전남,해남군,보건진료소,고당보건진료소,59003,전남 해남군 문내면 문내화원로 551  (고당보건진료소),문내면,N,061-532-1518
전남,해남군,보건진료소,구산보건진료소,59060,전남 해남군 현산면 입제길 41  (구산리보건진료소),현산면,N,061-536-4412
전남,해남군,보건진료소,금호보건진료소,59015,전남 해남군 산이면 금호길 59  (금호보건진료소),산이면,N,061-537-1597
전남,해남군,보건진료소,내사보건진료소,59045,전남 해남군 해남읍 내사길 502  (해남읍내사리보건소),해남읍,N,061-536-7314
전남,해남군,보건진료소,대진보건진료소,59011,전남 해남군 산이면 산이로 1600  (산이대진보건진료소),산이면,N,061-532-5595
전남,해남군,보건진료소,덕정보건진료소,59017,전남 해남군 계곡면 덕정길 5  (덕정보건진료소),계곡면,N,061-532-6132
전남,해남군,보건진료소,동리보건진료소,59022,전남 해남군 옥천면 동리길 10  (동리보건진료소),옥천면,N,061-533-9110
전남,해남군,일반보건지소,마산보건지소,59020,전남 해남군 마산면 마산로 445  (마산면사무소 보건지소),마산면,N,061-532-5706
전남,해남군,일반보건지소,문내보건지소,59004,전남 해남군 문내면 동영길 12  (문내면보건소),문내면,N,061-532-1527
전남,해남군,일반보건지소,북일보건지소,59051,전남 해남군 북일면 장고봉로 11  (북일면보건지소),북일면,N,061-533-0324
전남,해남군,일반보건지소,북평보건지소,59055,"전남 해남군 북평면 달량진길 10, 제1호  (북평면 보건지소)",북평면,N,061-533-4928
전남,해남군,일반보건지소,산이보건지소,59011,전남 해남군 산이면 비석길 66  (보건지소),산이면,N,061-532-5594
전남,해남군,보건진료소,산호보건진료소,59003,"전남 해남군 화원면 신용리길 220-19, 보건소  (산호보건진료소)",화원면,N,061-533-4519
전남,해남군,일반보건지소,삼산보건지소,59047,전남 해남군 삼산면 오소재로 965  (삼산면보건지소),삼산면,N,061-532-2234
전남,해남군,보건진료소,삼호보건진료소,59049,전남 해남군 화산면 사포길 26  (삼호보건진료소),화산면,N,061-536-7002
전남,해남군,일반보건지소,송지보건지소,59063,전남 해남군 송지면 산정1길 11  (송지면 보건지소),송지면,N,061-533-7703
전남,해남군,보건진료소,송호보건진료소,59065,전남 해남군 송지면 땅끝해안로 1796-14  (송호보건진료소),송지면,N,061-533-3498
전남,해남군,보건진료소,신방보건진료소,59059,전남 해남군 현산면 백방산길 142  (신방보건진료소),현산면,N,061-533-4438
전남,해남군,보건진료소,신정보건진료소,59062,전남 해남군 송지면 독고개길 3  (신정보건진료소),송지면,N,061-533-3502
전남,해남군,보건진료소,어불보건진료소,59063,전남 해남군 송지면 어불길 40-15  (어불보건진료소),송지면,Y,061-534-1255
전남,해남군,보건진료소,연곡보건진료소,59048,전남 해남군 화산면 연곡길 58  (연곡보건진료소),화산면,N,061-533-4653
전남,해남군,보건진료소,연구보건진료소,59016,전남 해남군 마산면 연구길 160  (연구보건진료소),마산면,N,061-533-7746
전남,해남군,일반보건지소,옥천보건지소,59021,전남 해남군 옥천면 해강로 24  (옥천면 보건지소),옥천면,N,061-532-2245
전남,해남군,보건진료소,와룡보건진료소,59054,전남 해남군 북평면 와룡길 51,북평면,N,061-533-7344
전남,해남군,보건진료소,평암보건진료소,59057,전남 해남군 북평면 땅끝해안로 3456  (평암보건진료소),북평면,N,061-533-1791
전남,해남군,보건진료소,한자보건진료소,59009,전남 해남군 황산면 한자길 6  (한자보건진료소),황산면,N,061-533-5346
전남,해남군,일반보건지소,현산보건지소,59058,전남 해남군 현산면 현산북평로 113-9  (현산면보건소),현산면,N,061-532-1037
전남,해남군,일반보건지소,화산보건지소,59049,전남 해남군 화산면 송평로 23  (화산면보건지소),화산면,N,061-532-6995
전남,해남군,일반보건지소,화원보건지소,59002,"전남 해남군 화원면 금평길 32, 화원면사무소  (화원면사무소 보건지소)",화원면,N,061-532-0982
전남,해남군,일반보건지소,황산보건지소,59007,전남 해남군 황산면 시등로 70-2  (황산보건지소),황산면,N,061-533-5189
전남,화순군,보건소,화순군보건소,519-807,전남 화순군 화순읍 쌍충로 62,화순읍,N,061-379-5305
전남,화순군,일반보건지소,능주보건지소,519-811,전남 화순군 능주면 관동길 7,능주면,N,061-379-5236
전남,화순군,보건진료소,다산보건진료소,519-892,전남 화순군 남면 효당로 256,사평면,N,061-372-6815
전남,화순군,일반보건지소,도곡보건지소,519-833,전남 화순군 도곡면 효자2길 71,도곡면,N,061-379-5237
전남,화순군,일반보건지소,도암보건지소,519-841,전남 화순군 도암면 천태로 417,도암면,N,061-379-5238
전남,화순군,보건진료소,동가보건진료소,519-822,전남 화순군 한천면 외남로 435,한천면,N,061-375-6529
전남,화순군,일반보건지소,동면보건지소,519-883,전남 화순군 동면 충의로 745,동면,N,061-379-5243
전남,화순군,일반보건지소,동복보건지소,519-913,전남 화순군 동복면 오지호로 276,동복면,N,061-379-5241
전남,화순군,보건진료소,매정보건진료소,519-862,전남 화순군 이양면 하매정길 5,이양면,N,061-372-3403
전남,화순군,보건진료소,맹리보건진료소,519-922,전남 화순군 북면 맹리길 14-2,백아면,N,061-372-5642
전남,화순군,보건진료소,무포보건진료소,519-881,전남 화순군 동면 무리길 12,동면,N,061-372-8481
전남,화순군,보건진료소,묵곡보건진료소,519-861,전남 화순군 이양면 월암길 8-1,이양면,N,061-372-3927
전남,화순군,일반보건지소,백아보건지소,519-923,전남 화순군 북면 학천길 10,백아면,N,061-379-5240
전남,화순군,일반보건지소,사평보건지소,519-891,전남 화순군 남면 사호로 228,사평면,N,061-379-5242
전남,화순군,보건진료소,산간보건진료소,519-851,전남 화순군 춘양면 산간길 52,춘양면,N,061-372-7304
전남,화순군,보건진료소,세청보건진료소,519-872,전남 화순군 청풍면 선하동길 80,청풍면,N,061-372-0407
전남,화순군,보건진료소,수만보건진료소,519-952,전남 화순군 화순읍 물촌길 3-1,화순읍,N,061-372-0393
전남,화순군,보건진료소,신성보건진료소,519-832,전남 화순군 도곡면 이문동길 25,도곡면,N,061-372-4425
전남,화순군,보건진료소,신율보건진료소,519-911,전남 화순군 동복면 신율길 15,동복면,N,061-372-2607
전남,화순군,보건진료소,앵남보건진료소,58108,전남 화순군 화순읍 지강로 679 1층 사무실 (전남학숙),화순읍,N,061-374-4275
전남,화순군,보건진료소,용강보건진료소,519-842,전남 화순군 도암면 중장터길 37-12,도암면,N,061-375-0581
전남,화순군,일반보건지소,이서보건지소,519-931,전남 화순군 이서면 적벽로 845,이서면,N,061-379-5239
전남,화순군,일반보건지소,이양보건지소,519-863,전남 화순군 이양면 이양로 93,이양면,N,061-379-5235
전남,화순군,일반보건지소,청풍보건지소,519-871,전남 화순군 청풍면 평지촌길 40,청풍면,N,061-379-5234
전남,화순군,일반보건지소,춘양보건지소,519-852,전남 화순군 춘양면 강변길 17-1,춘양면,N,061-379-5233
전남,화순군,일반보건지소,한천보건지소,519-823,전남 화순군 한천면 죽헌로 271,한천면,N,061-379-5232
경북,경산시,보건소,경산시보건소,712-804,경북 경산시 남매로 158(경산시보건소),중방동,N,053-810-6363
경북,경산시,보건진료소,가일보건진료소,38539,경북 경산시 압량면 가일길 128  (가일보건진료소),압량읍,N,053-817-8539
경북,경산시,보건진료소,금곡보건진료소,38696,경북 경산시 남천면 관방로 1150  (금곡보건진료소),남천면,N,053-813-9577
경북,경산시,일반보건지소,남산보건지소,38572,"경북 경산시 남산면 하남로 323 (남산면사무소, 남산보건지소)",남산면,N,053-810-6656
경북,경산시,일반보건지소,남천보건지소,38695,"경북 경산시 남천면 남천로 465(남천면사무소, 남천보건지소)",남천면,N,053-810-6658
경북,경산시,보건진료소,다문보건진료소,38479,경북 경산시 진량읍 다문로70길 66  (다문보건진료소),진량읍,N,053-852-9936
경북,경산시,보건진료소,대왕보건진료소,38572,경북 경산시 남산면 대왕로 339-9 (대왕보건진료소),남산면,N,053-856-5806
경북,경산시,보건진료소,대원보건진료소,38476,경북 경산시 진량읍 진성로 232  (대원보건진료소),진량읍,N,053-856-4060
경북,경산시,보건진료소,도덕보건진료소,38563,경북 경산시 용성면 용대로 220  (도덕보건진료소),용성면,N,053-852-1986
경북,경산시,보건진료소,박사보건진료소,38402,경북 경산시 와촌면 박사길 50  (박사보건진료소),와촌면,N,053-852-4229
경북,경산시,일반보건지소,압량보건지소,38510,"경북 경산시 압량면 부적길 56, 압량면대  (압량보건지소, 압량면복지회관, 압량면대)",압량읍,N,053-817-2324
경북,경산시,일반보건지소,와촌보건지소,38412,"경북 경산시 와촌면 금송로 416  (와촌면사무소, 와촌보건지소)",와촌면,N,053-853-1144
경북,경산시,일반보건지소,용성보건지소,38561,경북 경산시 용성면 용성당리1길 26(용성보건지소),용성면,N,053-852-1054
경북,경산시,보건진료소,육동보건진료소,38568,경북 경산시 용성면 육동로 643  (육동보건진료소),용성면,N,053-852-1488
경북,경산시,보건진료소,의송보건진료소,38493,경북 경산시 압량면 의송길 92  (의송보건진료소),압량읍,N,053-817-4753
경북,경산시,일반보건지소,자인보건지소,38555,"경북 경산시 자인면 일연로 82  (자인면사무소, 자인보건지소)",자인면,N,053-856-6947
경북,경산시,보건진료소,전지보건진료소,38571,경북 경산시 남산면 전지길 64  (전지보건진료소),남산면,N,053-852-4824
경북,경산시,일반보건지소,진량보건지소,38486,경북 경산시 진량읍 다문로 21  (진량보건지소),진량읍,N,053-852-8328
경북,경산시,일반보건지소,하양보건지소,38431,경북 경산시 하양읍 문화로 36(하양보건지소),하양읍,N,053-853-3010
경북,경주시,보건소,경주시보건소,38099,"경북 경주시 양정로 300  (동천동, 경주시보건소)",동천동,N,054-779-8573
경북,경주시,보건진료소,가정보건진료소,780-921,경북 경주시 현곡면 지곡길 10-5,현곡면,N,054-745-5689
경북,경주시,일반보건지소,감포보건지소,780-831,경북 경주시 감포읍 감포로8길 14-8,감포읍,N,054-760-7724
경북,경주시,일반보건지소,강동보건지소,780-911,경북 경주시 강동면 강동로 66-7,강동면,N,054-760-7700
경북,경주시,일반보건지소,건천보건지소,780-901,경북 경주시 건천읍 내서로 1072-4,건천읍,N,054-760-7642
경북,경주시,일반보건지소,내남보건지소,780-851,경북 경주시 내남면 이조중앙길 31,내남면,N,054-760-7674
경북,경주시,보건진료소,다산보건진료소,780-913,경북 경주시 강동면 단구안계길 146,강동면,N,054-762-0474
경북,경주시,보건진료소,대현보건진료소,780-882,경북 경주시 산내면 문복로 1141,산내면,N,054-751-4459
경북,경주시,보건진료소,도리보건진료소,780-861,경북 경주시 서면 심곡로 468-2,서면,N,054-751-2712
경북,경주시,보건진료소,박달보건진료소,780-852,경북 경주시 내남면 내외로 2197-6,내남면,N,054-746-0091
경북,경주시,보건진료소,사방보건진료소,780-803,경북 경주시 안강읍 사방검단길 39,안강읍,N,054-762-6468
경북,경주시,일반보건지소,산내보건지소,38186,경북 경주시 산내면 문복로 1822 산내보건지소 (산내면행정복합타운),산내면,N,054-760-7685
경북,경주시,보건진료소,상계보건진료소,780-843,경북 경주시 양남면 화림길 58,양남면,N,054-746-4008
경북,경주시,일반보건지소,서면보건지소,780-862,경북 경주시 서면 내서로 389,서면,N,054-760-7680
경북,경주시,보건진료소,석계보건진료소,780-823,경북 경주시 외동읍 석계평리길 117-4,외동읍,N,054-773-0941
경북,경주시,보건진료소,석읍보건진료소,780-841,경북 경주시 양남면 석읍길 15,양남면,N,054-746-4008
경북,경주시,보건진료소,신당보건진료소,780-872,경북 경주시 천북면 신당소티고개길 88-3,천북면,N,054-774-0873
경북,경주시,일반보건지소,안강보건지소,780-807,경북 경주시 안강읍 비화원로 47,안강읍,N,054-760-7630
경북,경주시,일반보건지소,양남보건지소,780-844,경북 경주시 양남면 양남로 347-3,양남면,N,054-760-7665
경북,경주시,일반보건지소,양북보건지소,38121,경북 경주시 양북면 감은로 67  (감포읍.양북면통합보건지소),양북면,N,054-760-7650
경북,경주시,보건진료소,왕신보건진료소,780-912,경북 경주시 강동면 천강로 917,강동면,N,054-762-4000
경북,경주시,일반보건지소,외동보건지소,38213,경북 경주시 외동읍 입실로3길 31  (외동읍보건지소),외동읍,N,054-760-7645
경북,경주시,보건진료소,용동보건진료소,780-892,경북 경주시 양북면 와읍용동길 202,양북면,N,054-776-1794
경북,경주시,보건진료소,우라보건진료소,780-883,경북 경주시 산내면 수피안길 1,산내면,N,054-751-5708
경북,경주시,보건진료소,일부보건진료소,38186,경북 경주시 산내면 외칠일부길 492,산내면,N,054-751-5453
경북,경주시,일반보건지소,천북보건지소,38035,경북 경주시 천북면 천북로 383  (천북면사무소/천북면복지회관),천북면,N,054-760-7714
경북,경주시,일반보건지소,현곡보건지소,38050,경북 경주시 현곡면 용담로 307 현곡보건지소 (경주시 주민건강지원센터),현곡면,N,054-760-7697
경북,경주시,보건진료소,화산보건진료소,780-875,경북 경주시 천북면 용사길 3,천북면,N,054-774-0095
경북,경주시,보건진료소,화천보건진료소,780-904,경북 경주시 건천읍 내외로 2746,건천읍,N,054-748-4036
경북,고령군,보건소,고령군보건소,40138,경북 고령군 대가야읍 왕릉로 56-5  (고령군보건소),대가야읍,N,054-954-1300
경북,고령군,일반보건지소,개진면보건지소,40147,경북 고령군 개진면 개경포로 589-8  (개진면보건지소),개진면,N,054-954-8419
경북,고령군,보건진료소,내곡보건진료소,40143,경북 고령군 대가야읍 일량본길 137  (고령군농업기술센터),대가야읍,N,054-955-2396
경북,고령군,보건진료소,노곡보건진료소,40100,경북 고령군 다산면 노곡1길 52  (노곡리보건진료소),다산면,N,054-955-6831
경북,고령군,일반보건지소,다산면보건지소,40109,경북 고령군 다산면 다산로 681,다산면,N,054-955-6010
경북,고령군,일반보건지소,덕곡면보건지소,40127,경북 고령군 덕곡면 예동길 3,덕곡면,N,054-955-2270
경북,고령군,보건진료소,벌지보건진료소,40112,경북 고령군 다산면 동암2길 3,다산면,N,054-955-6832
경북,고령군,보건진료소,봉산보건진료소,40154,경북 고령군 우곡면 봉산1길 55  (봉산보건진료소),우곡면,N,054-955-4861
경북,고령군,일반보건지소,성산면보건지소,40118,경북 고령군 성산면 성산로 895  (성산면보건소),성산면,N,054-954-4280
경북,고령군,보건진료소,신촌보건진료소,40166,경북 고령군 쌍림면 신촌길 70  (쌍림면신촌리보건진료소),쌍림면,N,054-955-2928
경북,고령군,일반보건지소,쌍림면보건지소,40163,경북 고령군 쌍림면 대가야로 613  (쌍림면사무소),쌍림면,N,054-955-0280
경북,고령군,보건진료소,옥산보건진료소,40149,경북 고령군 개진면 개경포로 967  (옥산리보건진료소),개진면,N,054-954-8082
경북,고령군,보건진료소,용소보건진료소,40114,경북 고령군 성산면 원당길 6  (보건진료소성산면용소리),성산면,N,054-955-3085
경북,고령군,일반보건지소,우곡면보건지소,40152,경북 고령군 우곡면 우곡로 928  (우곡보건지소),우곡면,N,054-955-7382
경북,고령군,일반보건지소,운수면보건지소,40123,경북 고령군 운수면 운용로 104  (운수보건소),운수면,N,054-955-5471
경북,고령군,보건진료소,월막보건진료소,40158,경북 고령군 쌍림면 미숭로 209  (월막리보건소),쌍림면,N,054-954-1643
경북,고령군,보건진료소,저전보건진료소,40131,경북 고령군 대가야읍 저전1길 34  (저전리 보건 진료소),대가야읍,N,054-954-0979
경북,고령군,보건진료소,진촌보건진료소,40150,경북 고령군 개진면 개경포로 1386  (개진면진촌보건진료소),개진면,N,054-954-8291
경북,구미시,보건소,구미시 구미보건소,39192,"경북 구미시 선산대로 111  (지산동, 구미보건소)",지산동,N,054-480-4000
경북,구미시,일반보건지소,인동구미보건지소,39397,경북 구미시 이계북로 149,진평동,N,054-480-4092
경북,구미시,보건소,구미시 선산보건소,730-804,경북 구미시 선산읍 선주로 121,선산읍,N,054-480-4151
경북,구미시,보건진료소,가산보건진료소,730-861,경북 구미시 도개면 용산가산길 157-1,도개면,N,054-474-5074
경북,구미시,일반보건지소,고아읍보건지소,730-811,경북 구미시 고아읍 선산대로 980,고아읍,N,054-480-4391
경북,구미시,보건진료소,구봉보건진료소,730-831,경북 구미시 옥성면 구봉1길 5,옥성면,N,054-534-2394
경북,구미시,보건진료소,구운보건진료소,730-812,경북 구미시 고아읍 송평로 141,고아읍,N,054-480-3065
경북,구미시,보건진료소,금산보건진료소,730-841,경북 구미시 장천면 장천금산3길 10-3,장천면,N,054-474-0806
경북,구미시,보건진료소,낙산보건진료소,730-872,경북 구미시 해평면 낙산1길 51-3,해평면,N,054-474-0203
경북,구미시,보건진료소,다곡보건진료소,730-863,경북 구미시 도개면 도개다곡길 471,도개면,N,054-474-0505
경북,구미시,보건진료소,대방보건진료소,730-813,경북 구미시 고아읍 포아로 636-5,고아읍,N,054-482-2301
경북,구미시,보건진료소,덕촌보건진료소,730-833,경북 구미시 옥성면 선상서로 582,옥성면,N,054-482-4304
경북,구미시,일반보건지소,도개면보건지소,730-862,경북 구미시 도개면 궁기4길 15,도개면,N,054-480-4394
경북,구미시,일반보건지소,무을면보건지소,730-822,경북 구미시 무을면 문화마을길 32,무을면,N,054-480-4392
경북,구미시,일반보건지소,산동면보건지소,730-851,경북 구미시 산동면 강동로 999-6,산동면,N,054-480-4396
경북,구미시,보건진료소,서부보건진료소,39133,경북 구미시 선산읍 배다리길 90,선산읍,N,054-482-2646
경북,구미시,보건진료소,송백보건진료소,730-852,경북 구미시 산동면 송백로 860,산동면,N,054-472-2569
경북,구미시,보건진료소,연악보건진료소,730-821,경북 구미시 무을면 상송길 11-18,무을면,N,054-481-9696
경북,구미시,일반보건지소,옥성면보건지소,730-832,경북 구미시 옥성면 주아령로 411,옥성면,N,054-480-4393
경북,구미시,보건진료소,임봉보건진료소,39164,경북 구미시 산동면 임봉길 55 (임봉보건진료소),산동면,N,054-474-0107
경북,구미시,일반보건지소,장천면보건지소,730-842,경북 구미시 장천면 강동로 184,장천면,N,054-480-4397
경북,구미시,일반보건지소,해평면보건지소,730-873,경북 구미시 해평면 숭선로 523-4,해평면,N,054-480-4395
경북,군위군,보건소,군위군보건소,716-804,경북 군위군 군위읍 군청로 70,군위읍,N,054-380-7401
경북,군위군,보건진료소,고곡보건진료소,716-822,경북 군위군 효령면 용매로 994-5,효령면,N,054-382-9156
경북,군위군,일반보건지소,고로면보건지소,716-873,경북 군위군 고로면 삼국유사로 448,고로면,N,054-380-7566
경북,군위군,보건진료소,대율보건진료소,716-831,경북 군위군 부계면 한티로 2146-1,부계면,N,054-382-2940
경북,군위군,보건진료소,문덕보건진료소,716-843,경북 군위군 우보면 철길로 201,우보면,N,054-382-3426
경북,군위군,보건진료소,복성보건진료소,716-812,경북 군위군 소보면 소보안계로 524,소보면,N,054-383-4060
경북,군위군,일반보건지소,부계면보건지소,716-833,경북 군위군 부계면 창평길 3-1,부계면,N,054-380-7524
경북,군위군,일반보건지소,산성면보건지소,716-852,경북 군위군 산성면 산성가음로 651,산성면,N,054-380-7551
경북,군위군,보건진료소,삼산보건진료소,716-851,경북 군위군 산성면 범상길 57,산성면,N,054-383-3814
경북,군위군,보건진료소,석산보건진료소,716-871,경북 군위군 고로면 삼국유사로 1328-4,고로면,N,054-383-0819
경북,군위군,일반보건지소,소보면보건지소,716-813,경북 군위군 소보면 송백로 1415,소보면,N,054-380-7501
경북,군위군,보건진료소,연계보건진료소,716-861,경북 군위군 의흥면 연계지호길 4,의흥면,N,054-382-6835
경북,군위군,보건진료소,오천보건진료소,716-823,경북 군위군 효령면 오천1길 4,효령면,N,054-382-8706
경북,군위군,보건진료소,용대보건진료소,716-801,경북 군위군 군위읍 용대2길 16,군위읍,N,054-383-3297
경북,군위군,일반보건지소,우보면보건지소,716-842,경북 군위군 우보면 이화길 135-1,우보면,N,054-380-7531
경북,군위군,일반보건지소,의흥면보건지소,716-863,경북 군위군 의흥면 읍내길 25,의흥면,N,054-380-7541
경북,군위군,보건진료소,화계보건진료소,716-821,경북 군위군 효령면 소계길 16,효령면,N,054-382-2124
경북,군위군,일반보건지소,효령면보건지소,716-821,경북 군위군 효령면 치산효령로 2402,효령면,N,054-380-7513
경북,김천시,보건소,김천시보건소,740-979,경북 김천시 시청1길 221,신음동,N,054-433-4000
경북,김천시,일반보건지소,감문면보건지소,39512,"경북 김천시 감문면 감문로 1055, 감문면보건지소  (감문면사무소)",감문면,N,054-430-5661
경북,김천시,일반보건지소,감천면보건지소,39681,경북 김천시 감천면 금감로 1552,감천면,N,054-431-0531
경북,김천시,일반보건지소,개령면보건지소,39515,경북 김천시 개령면 서부3길 107  (개령면보건지소),개령면,N,054-436-5465
경북,김천시,일반보건지소,구성면보건지소,39685,경북 김천시 구성면 남김천대로 2381-10  (구성면보건지소),구성면,N,054-435-1826
경북,김천시,보건진료소,남곡보건진료소,39507,경북 김천시 감문면 문화로 248-4,감문면,N,054-434-1662
경북,김천시,일반보건지소,남면보건지소,39661,경북 김천시 남면 옥산길 9  (남면보건소),남면,N,054-431-3585
경북,김천시,일반보건지소,농소면보건지소,39659,경북 김천시 농소면 농남로 42  (농소면사무소),농소면,N,054-433-9417
경북,김천시,보건진료소,능치보건진료소,39500,경북 김천시 어모면 작점로 845  (능치보건진료소),어모면,N,054-435-0483
경북,김천시,일반보건지소,대덕면보건지소,39698,경북 김천시 대덕면 남김천대로 723  (대덕보건지소),대덕면,N,054-435-1074
경북,김천시,보건진료소,대성보건진료소,39568,경북 김천시 대항면 황악로 605  (대성보건진료소),대항면,N,054-437-6670
경북,김천시,보건진료소,대야보건진료소,39688,경북 김천시 부항면 부항로 1377  (대야보건진료소),부항면,N,054-437-2531
경북,김천시,일반보건지소,대항면보건지소,39564,경북 김천시 대항면 황악로 1571,대항면,N,054-436-6457
경북,김천시,보건진료소,도평보건진료소,39681,경북 김천시 감천면 도평5길 365-69,감천면,N,054-431-0524
경북,김천시,보건진료소,봉곡보건진료소,39678,경북 김천시 농소면 벽봉로 1632  (봉곡보건진료소),농소면,N,054-436-6457
경북,김천시,건강생활지원센터,봉산면 건강생활지원센터,39563,경북 김천시 봉산면 예지송정길 9  (봉산면 건강생활지원센터),봉산면,N,054-430-0653
경북,김천시,일반보건지소,부항면보건지소,39689,경북 김천시 부항면 부항로 798  (부항면보건소),부항면,N,054-437-2215
경북,김천시,보건진료소,삼성보건진료소,39509,경북 김천시 감문면 감문1로 218  (삼성보건진료소),감문면,N,054-433-5663
경북,김천시,보건진료소,신왕보건진료소,39694,경북 김천시 조마면 신왕5길 31-5  (신왕보건진료소),조마면,N,054-431-1087
경북,김천시,일반보건지소,아포읍보건지소,39675,경북 김천시 아포읍 한지2길 24  (아포보건소),아포읍,N,054-439-4339
경북,김천시,일반보건지소,어모면보건지소,39504,경북 김천시 어모면 어모문화3길 9-33  (어모면 보건지소),어모면,N,054-430-3024
경북,김천시,보건진료소,연화보건진료소,39697,경북 김천시 대덕면 대덕로 535-4  (연화보건진료소),대덕면,N,054-435-1537
경북,김천시,보건진료소,오봉보건진료소,39664,경북 김천시 남면 오봉로 340  (오봉보건진료소),남면,N,054-437-4570
경북,김천시,보건진료소,울곡보건진료소,39690,경북 김천시 지례면 조마로 325  (울곡보건진료소),지례면,N,054-435-6061
경북,김천시,보건진료소,의동보건진료소,39671,경북 김천시 아포읍 의1길 112-12  (의동보건진료소),아포읍,N,054-432-7835
경북,김천시,보건진료소,임천보건진료소,39684,경북 김천시 구성면 마산로 512  (임천보건진료소),구성면,N,054-436-9073
경북,김천시,보건진료소,장전보건진료소,39696,경북 김천시 증산면 장전1길 69  (장전보건진료소),증산면,N,054-437-0037
경북,김천시,일반보건지소,조마면보건지소,39693,경북 김천시 조마면 강곡1길 43-13  (조마면보건지소),조마면,N,054-437-7228
경북,김천시,일반보건지소,중앙보건지소,39596,"경북 김천시 중앙공원길 21  (남산동, 중앙보건지소)",남산동,N,054-435-9081
경북,김천시,일반보건지소,증산면보건지소,39696,"경북 김천시 증산면 증산로 945-7, 증산면보건지소  (증산면사무소)",증산면,N,054-437-0034
경북,김천시,보건진료소,지동보건진료소,39670,경북 김천시 아포읍 황소길 114  (지동보건지소),아포읍,N,054-432-7834
경북,김천시,일반보건지소,지례면보건지소,39691,경북 김천시 지례면 상부길 101-6  (지례면 보건지소),지례면,N,054-434-2008
경북,김천시,보건진료소,태화보건진료소,39562,경북 김천시 봉산면 봉산1로 30-6  (태화보건진료소),봉산면,N,054-430-4291
경북,문경시,보건소,문경시보건소,36971,"경북 문경시 점촌1길 9  (점촌동, 문경시보건소)",점촌동,N,054-555-2033
경북,문경시,일반보건지소,가은읍보건지소,36996,경북 문경시 가은읍 가은1길 21  (가은보건지소),가은읍,N,054-550-8153
경북,문경시,보건진료소,갈평보건진료소,36911,경북 문경시 문경읍 갈평길 36  (갈평보건진료소),문경읍,N,054-571-2574
경북,문경시,보건진료소,궁기보건진료소,36999,경북 문경시 농암면 궁터길 162,농암면,N,054-571-3767
경북,문경시,일반보건지소,농암면보건지소,37000,경북 문경시 농암면 농암길 65-5,농암면,N,054-550-8221
경북,문경시,일반보건지소,동로면보건지소,36902,경북 문경시 동로면 벌재장터길 20-20,동로면,N,054-550-8201
경북,문경시,일반보건지소,마성면보건지소,36921,경북 문경시 마성면 외어1길 11-7,마성면,N,054-550-8210
경북,문경시,보건진료소,명전보건진료소,36900,경북 문경시 동로면 명전길 13  (명전보건진료소),동로면,N,054-555-8482
경북,문경시,일반보건지소,문경읍보건지소,36916,"경북 문경시 문경읍 청운로 55  (문경읍사무소,문경읍보건지소)",문경읍,N,054-550-8142
경북,문경시,일반보건지소,산북면보건지소,36910,경북 문경시 산북면 강동로 12(산북보건지소),산북면,N,054-550-8190
경북,문경시,일반보건지소,산양면보건지소,36935,경북 문경시 산양면 산양로 95,산양면,N,054-550-8170
경북,문경시,보건진료소,상괴보건진료소,36993,경북 문경시 가은읍 대야로 1893,가은읍,N,054-571-9051
경북,문경시,보건진료소,석항보건진료소,36901,경북 문경시 동로면 석항명봉로 547,동로면,N,054-552-7877
경북,문경시,일반보건지소,영순면보건지소,36942,경북 문경시 영순면 의곡2길 14-3,영순면,N,054-550-8160
경북,문경시,보건진료소,오룡보건진료소,36940,경북 문경시 영순면 영순로 625,영순면,N,054-552-6568
경북,문경시,보건진료소,율곡보건진료소,36943,경북 문경시 영순면 영풍로 806  (율곡보건진료소),영순면,N,054-552-5776
경북,문경시,보건진료소,지내보건진료소,36909,경북 문경시 산북면 지산1길 14-3,산북면,N,054-552-7510
경북,문경시,보건진료소,지동보건진료소,37001,경북 문경시 농암면 선바우길 3  (지동보건진료소),농암면,N,054-572-3777
경북,문경시,보건진료소,지천보건진료소,36927,경북 문경시 호계면 부천로 576,호계면,N,054-555-1752
경북,문경시,보건진료소,창구보건진료소,36905,경북 문경시 산북면 창구길 14,산북면,N,054-556-0511
경북,문경시,보건진료소,하내보건진료소,36926,경북 문경시 마성면 하내1길 95,마성면,N,054-571-9388
경북,문경시,보건진료소,형천보건진료소,36932,경북 문경시 산양면 고모1길 4,산양면,N,054-552-3907
경북,문경시,일반보건지소,호계면보건지소,36929,경북 문경시 호계면 부천로 116  (호계면보건지소),호계면,N,054-550-8181
경북,봉화군,보건소,봉화군보건소,755-806,경북 봉화군 봉화읍 봉화로 1203,봉화읍,N,054-673-4000
경북,봉화군,보건진료소,동면보건진료소,755-873,경북 봉화군 재산면 두들마길 42-8,재산면,N,054-672-8378
경북,봉화군,보건진료소,두문보건진료소,755-823,경북 봉화군 물야면 두문로 685,물야면,N,054-672-1666
경북,봉화군,일반보건지소,명호면보건지소,755-862,경북 봉화군 명호면 청량로 1157,명호면,N,054-679-5873
경북,봉화군,보건진료소,문촌보건진료소,755-812,경북 봉화군 상운면 기촌길 10-3,상운면,N,054-672-5148
경북,봉화군,일반보건지소,물야면보건지소,755-821,경북 봉화군 물야면 문수로 1025-28,물야면,N,054-679-5172
경북,봉화군,일반보건지소,법전면보건지소,755-832,경북 봉화군 법전면 법전로 107,법전면,N,054-679-5373
경북,봉화군,일반보건지소,봉성면보건지소,755-851,경북 봉화군 봉성면 옥마로 11,봉성면,N,054-679-5273
경북,봉화군,보건진료소,분천보건진료소,755-885,경북 봉화군 소천면 분천길 28,소천면,N,054-672-7937
경북,봉화군,보건진료소,삼동보건진료소,755-864,경북 봉화군 명호면 황새마을길 11-9,명호면,N,054-672-1097
경북,봉화군,일반보건지소,상운면보건지소,755-811,경북 봉화군 상운면 예봉로 1302,상운면,N,054-679-5973
경북,봉화군,보건진료소,서벽보건진료소,755-843,경북 봉화군 춘양면 춘양로 1536,춘양면,N,054-672-4105
경북,봉화군,일반보건지소,석포면보건지소,755-892,경북 봉화군 석포면 석포로1길 53-11,석포면,N,054-679-5672
경북,봉화군,일반보건지소,소천면보건지소,755-881,경북 봉화군 소천면 소천로 1287,소천면,N,054-679-5573
경북,봉화군,보건진료소,임기보건진료소,755-886,경북 봉화군 소천면 숲터길 30,소천면,N,054-672-7216
경북,봉화군,일반보건지소,재산면보건지소,755-872,경북 봉화군 재산면 재산로 487-9,재산면,N,054-679-5772
경북,봉화군,일반보건지소,춘양면보건지소,755-847,경북 봉화군 춘양면 춘양로 153,춘양면,N,054-679-5473
경북,상주시,보건소,상주시보건소,37183,"경북 상주시 중앙로 111, 상주시보건소  (무양동, 상주시 의회청사)",무양동,N,054-535-4000
경북,상주시,일반보건지소,공검면보건지소,37132,"경북 상주시 공검면 양정2길 17-6, 공검보건소  (공검보건소)",공검면,N,054-541-1900
경북,상주시,일반보건지소,공성면보건지소,37267,경북 상주시 공성면 공성중앙로 61  (공성면보건지소),공성면,N,054-533-6369
경북,상주시,보건진료소,구서보건진료소,37260,경북 상주시 외남면 석단로 705  (구서보건진료소),외남면,N,054-532-9400
경북,상주시,일반보건지소,낙동면보건지소,37249,경북 상주시 낙동면 삼봉로 421  (낙동면 보건지소),낙동면,N,054-532-5840
경북,상주시,보건진료소,낙동보건진료소,37251,경북 상주시 낙동면 송계길 12  (낙동보건진료소),낙동면,N,054-532-7810
경북,상주시,보건진료소,낙서보건진료소,37151,경북 상주시 내서면 낙서1길 34-5  (낙서보건진료소),내서면,N,054-533-4886
경북,상주시,일반보건지소,내서면보건지소,37150,경북 상주시 내서면 신촌2길 10-5  (내서면사무소),내서면,N,054-533-4938
경북,상주시,보건진료소,두릉보건진료소,37122,경북 상주시 사벌면 두릉1길 9  (두릉보건진료소),사벌국면,N,054-532-8980
경북,상주시,보건진료소,매호보건진료소,37126,경북 상주시 사벌면 상풍로 982  (매호보건진료소),사벌국면,N,054-532-8962
경북,상주시,일반보건지소,모동면보건지소,37271,경북 상주시 모동면 중화로 621-5 (모동면보건지소),모동면,N,054-533-3734
경북,상주시,일반보건지소,모서면보건지소,37275,경북 상주시 모서면 삼포3길 26  (모서보건지소),모서면,N,054-533-2181
경북,상주시,보건진료소,무릉보건진료소,37106,경북 상주시 은척면 무릉1길 101  (무릉보건진료소),은척면,N,054-541-6038
경북,상주시,보건진료소,봉산보건진료소,37262,경북 상주시 공성면 솔미길 6  (봉산보건진료소),공성면,N,054-532-4798
경북,상주시,일반보건지소,사벌면보건지소,37127,경북 상주시 사벌면 덕담1길 17  (사벌면보건지소),사벌국면,N,054-532-8400
경북,상주시,보건진료소,사산보건진료소,37142,경북 상주시 화서면 효자로 173  (사산보건진료소),화서면,N,054-536-0592
경북,상주시,보건진료소,삼괴보건진료소,37254,경북 상주시 청리면 존애원로 362  (삼괴보건진료소),청리면,N,054-533-6691
경북,상주시,보건진료소,삼덕보건진료소,37128,경북 상주시 사벌면 경천로 418  (삼덕보건진료소),사벌국면,N,054-533-8052
경북,상주시,보건진료소,서원보건진료소,37148,경북 상주시 내서면 서원3길 10  (서원보건진료소),내서면,N,054-533-4887
경북,상주시,보건진료소,소은보건진료소,37259,경북 상주시 외남면 석단로 1187-9  (소은보건진료소),외남면,N,054-532-9401
경북,상주시,보건진료소,신암보건진료소,37246,경북 상주시 중동면 신암1길 27-8  (신암보건진료소),중동면,N,054-535-9802
경북,상주시,보건진료소,신오보건진료소,37253,경북 상주시 낙동면 선상서로 1600-5  (신오보건진료소),낙동면,N,054-536-5763
경북,상주시,보건진료소,신흥보건진료소,37274,경북 상주시 모동면 수봉신흥길 174  (신흥지구보건진료소),모동면,N,054-533-4031
경북,상주시,보건진료소,양지보건진료소,37147,경북 상주시 화동면 팔음로 1245  (양지보건진료소),화동면,N,054-535-9795
경북,상주시,일반보건지소,외남면보건지소,37259,경북 상주시 외남면 청동로 36  (신상 보건지소),외남면,N,054-533-4938
경북,상주시,일반보건지소,외서면보건지소,37136,경북 상주시 외서면 용머리로 23  (외서면보건지소),외서면,N,054-532-6935
경북,상주시,보건진료소,용곡보건진료소,37121,경북 상주시 함창읍 용곡로 273  (용곡보건진료소),함창읍,N,054-541-2337
경북,상주시,보건진료소,용안보건진료소,37263,경북 상주시 공성면 신암길 110  (용안보건진료소),공성면,N,054-533-7435
경북,상주시,보건진료소,용화보건진료소,37100,경북 상주시 화북면 운흥4길 3-1  (용화보건진료소),화북면,N,054-533-9004
경북,상주시,보건진료소,우산보건진료소,37134,경북 상주시 외서면 우산로 1000  (우산보건진료소),외서면,N,054-536-7035
경북,상주시,일반보건지소,은척면보건지소,37104,경북 상주시 은척면 봉림길 2  (은척면보건지소),은척면,N,054-541-3156
경북,상주시,일반보건지소,이안면보건지소,37107,경북 상주시 이안면 양범안룡길 46  (이안면보건지소),이안면,N,054-541-9334
경북,상주시,보건진료소,입석보건진료소,37101,경북 상주시 화북면 문장로 2531  (입석리보건진료소),화북면,N,054-533-8984
경북,상주시,보건진료소,정산보건진료소,37276,경북 상주시 모서면 정산1길 5  (정산보건진료소),모서면,N,054-534-3886
경북,상주시,보건진료소,중덕보건진료소,37155,"경북 상주시 중덕길 64  (중덕동, 중덕보건진료소)",중덕동,N,054-534-0669
경북,상주시,일반보건지소,중동면보건지소,37245,경북 상주시 중동면 오상1길 22-2  (중동면보건지소),중동면,N,054-533-8400
경북,상주시,보건진료소,중소보건진료소,37130,경북 상주시 공검면 비재로 733  (중소보건진료소),공검면,N,054-541-1739
경북,상주시,일반보건지소,청리면보건지소,37255,경북 상주시 청리면 남상주로 1163  (청리면보건지소),청리면,N,054-533-6809
경북,상주시,일반보건지소,함창읍보건지소,37116,경북 상주시 함창읍 함창중앙로 130  (공공시설),함창읍,N,054-541-3300
경북,상주시,일반보건지소,화남면보건지소,37137,경북 상주시 화남면 영남제일로 4627  (화남면보건지소),화남면,N,054-535-0763
경북,상주시,일반보건지소,화동면보건지소,37146,경북 상주시 화동면 이소1길 24  (화동면보건지소),화동면,N,054-533-9776
경북,상주시,일반보건지소,화북면보건지소,37102,경북 상주시 화북면 문장로 1685  (화북면보건지소),화북면,N,054-533-8664
경북,상주시,일반보건지소,화서면보건지소,37139,경북 상주시 화서면 화령남6길 32  (화서면보건지소),화서면,N,054-533-0877
경북,상주시,보건진료소,흑암보건진료소,37108,경북 상주시 이안면 공검이안길 927  (흑암보건진료소),이안면,N,054-541-5825
경북,성주군,보건소,성주군보건소,40023,"경북 성주군 성주읍 성밖숲길 12  (성주군보건소,건강증진센터)",성주읍,N,054-933-2400
경북,성주군,일반보건지소,가천면보건지소,40060,"경북 성주군 가천면 가천로 33  (가천보건지소, 노인전문간호센터)",가천면,N,054-930-6574
경북,성주군,일반보건지소,금수면보건지소,40059,경북 성주군 금수면 성주로 1902  (성주군보건소금수지소),금수면,N,054-930-6575
경북,성주군,보건진료소,남은보건진료소,40066,경북 성주군 수륜면 남작로 106,수륜면,N,054-932-3710
경북,성주군,일반보건지소,대가면보건지소,40056,경북 성주군 대가면 참별로 2258  (대가면보건지소),대가면,N,054-930-6576
경북,성주군,보건진료소,도흥보건진료소,40038,경북 성주군 월항면 선월로 474  (월항면보건지소),월항면,N,054-932-0762
경북,성주군,보건진료소,마월보건진료소,40049,경북 성주군 용암면 마월1길 20  (마월보건진료소),용암면,N,054-931-0290
경북,성주군,보건진료소,명포보건진료소,40046,경북 성주군 선남면 본성로 499  (명포보건진료소),선남면,N,054-931-0262
경북,성주군,보건진료소,무학보건진료소,40058,경북 성주군 금수면 무학3길 24  (무학보건진료소),금수면,N,054-932-5336
경북,성주군,보건진료소,문방보건진료소,40040,경북 성주군 선남면 문방3길 23-5  (문방보건진료소),선남면,N,054-932-1286
경북,성주군,일반보건지소,벽진면보건지소,40002,경북 성주군 벽진면 수촌1길 7  (벽진면보건지소),벽진면,N,054-930-6577
경북,성주군,보건진료소,봉학보건진료소,40000,경북 성주군 벽진면 봉학1길 9-5  (봉학보건진료소),벽진면,N,054-932-7962
경북,성주군,일반보건지소,선남면보건지소,40045,경북 성주군 선남면 관화길 66  (선남보건지소),선남면,N,054-930-6571
경북,성주군,보건진료소,소성보건진료소,40007,경북 성주군 초전면 소성길 156  (소성보건진료소),초전면,N,054-932-6986
경북,성주군,일반보건지소,수륜면보건지소,40064,경북 성주군 수륜면 신파1길 9-4  (수륜면보건지소),수륜면,N,054-930-6573
경북,성주군,보건진료소,용성보건진료소,40019,경북 성주군 초전면 용성길 52-8 용성보건진료소,초전면,N,054-932-8015
경북,성주군,일반보건지소,용암면보건지소,40053,경북 성주군 용암면 상성로 14  (용암면보건지소),용암면,N,054-930-6572
경북,성주군,보건진료소,용흥보건진료소,40057,경북 성주군 대가면 용흥3길 2  (용흥보건진료소),대가면,N,054-932-6614
경북,성주군,일반보건지소,월항면보건지소,40038,경북 성주군 월항면 선월로 474  (월항면보건지소),월항면,N,054-930-6579
경북,성주군,보건진료소,장산보건진료소,40036,경북 성주군 월항면 세종대왕자태실로 63  (장산보건진료소),월항면,N,054-933-8928
경북,성주군,일반보건지소,초전면보건지소,40013,경북 성주군 초전면 대고로 48  (성주군 보건소 초전지소),초전면,N,054-930-6578
경북,안동시,보건소,안동시보건소,760-120,경북 안동시 서동문로 165,북문동,N,054-855-5986
경북,안동시,보건진료소,가곡보건진료소,760-811,경북 안동시 풍천면 가일선원길 57-3,풍천면,N,054-853-2504
경북,안동시,보건진료소,개곡보건진료소,760-871,경북 안동시 남후면 남일로 1185-1,남후면,N,054-859-6715
경북,안동시,보건진료소,고상보건진료소,760-872,경북 안동시 남후면 홍문길 5,남후면,N,054-841-4886
경북,안동시,보건진료소,구룡보건진료소,760-941,경북 안동시 예안면 계일길 3,예안면,N,054-822-5043
경북,안동시,보건진료소,구수보건진료소,760-842,경북 안동시 길안면 길안청송로 559,길안면,N,054-822-6301
경북,안동시,보건진료소,국곡보건진료소,760-883,경북 안동시 일직면 풍일로 2011,일직면,N,054-842-0121
경북,안동시,일반보건지소,길안면보건지소,760-845,경북 안동시 길안면 천지안길 71-10,길안면,N,054-822-2025
경북,안동시,일반보건지소,남선면보건지소,760-861,경북 안동시 남선면 충효로 3866,남선면,N,054-822-8614
경북,안동시,일반보건지소,남후면보건지소,760-873,경북 안동시 남후면 남일로 1465-9,남후면,N,054-859-6714
경북,안동시,일반보건지소,녹전면보건지소,760-922,경북 안동시 녹전면 녹전로 718-11,녹전면,N,054-856-0571
경북,안동시,일반보건지소,도산면보건지소,760-933,경북 안동시 도산면 선성5길 13,도산면,N,054-856-0110
경북,안동시,보건진료소,만운보건진료소,760-804,경북 안동시 풍산읍 평지1길 7,풍산읍,N,054-842-5640
경북,안동시,보건진료소,명진보건진료소,760-881,경북 안동시 일직면 평팔명진길 223,일직면,N,054-853-0469
경북,안동시,일반보건지소,북후면보건지소,760-894,경북 안동시 북후면 북평로 857,북후면,N,054-859-5546
경북,안동시,보건진료소,사신보건진료소,760-923,경북 안동시 녹전면 가야안길 13,녹전면,N,054-843-3521
경북,안동시,보건진료소,삼계보건진료소,760-943,경북 안동시 예안면 농암로 2407,예안면,N,054-822-0708
경북,안동시,일반보건지소,서후면보건지소,760-823,경북 안동시 서후면 서후중앙길 19,서후면,N,054-852-2203
경북,안동시,보건진료소,송사보건진료소,760-843,경북 안동시 길안면 송사시장길 100,길안면,N,054-822-8004
경북,안동시,보건진료소,신성보건진료소,760-814,경북 안동시 풍천면 신성큰마길 40,풍천면,N,054-841-3351
경북,안동시,보건진료소,신양보건진료소,760-805,경북 안동시 풍산읍 현애길 1,풍산읍,N,054-852-6950
경북,안동시,보건진료소,신전보건진료소,760-893,경북 안동시 북후면 산북로 705,북후면,N,054-841-0863
경북,안동시,보건진료소,어담보건진료소,760-815,경북 안동시 풍천면 풍일로 1354,풍천면,N,054-841-9163
경북,안동시,보건진료소,연곡보건진료소,760-892,경북 안동시 북후면 용수골길 17,북후면,N,054-859-5879
경북,안동시,일반보건지소,예안면보건지소,760-941,경북 안동시 예안면 농암로 1481,예안면,N,054-822-1130
경북,안동시,보건진료소,온혜보건진료소,760-935,경북 안동시 도산면 온천로 689,도산면,N,054-856-1020
경북,안동시,일반보건지소,와룡면보건지소,760-916,경북 안동시 와룡면 퇴계로 807,와룡면,N,054-855-5845
경북,안동시,보건진료소,원림보건진료소,760-863,경북 안동시 남선면 놉실로 197,남선면,N,054-859-6775
경북,안동시,보건진료소,원천보건진료소,760-921,경북 안동시 녹전면 예봉로 735,녹전면,N,054-843-2639
경북,안동시,보건진료소,위리보건진료소,760-852,경북 안동시 임동면 임예로 724,임동면,N,054-822-0181
경북,안동시,보건진료소,이개보건진료소,760-822,경북 안동시 서후면 귀여리길 377,서후면,N,054-841-0863
경북,안동시,보건진료소,이송천보건진료소,760-821,경북 안동시 서후면 이송천1길 37,서후면,N,054-853-8380
경북,안동시,보건진료소,이하보건진료소,760-916,경북 안동시 와룡면 서날골길 144-6,와룡면,N,054-859-0269
경북,안동시,일반보건지소,일직면보건지소,760-883,경북 안동시 일직면 논들길 25,일직면,N,054-858-4507
경북,안동시,일반보건지소,임동면보건지소,760-853,경북 안동시 임동면 챗거리길 49,임동면,N,054-822-4125
경북,안동시,일반보건지소,임하면보건지소,760-833,경북 안동시 임하면 충효로 3248,임하면,N,054-822-3108
경북,안동시,일반보건지소,풍산읍보건지소,760-802,경북 안동시 풍산읍 풍산중앙길 99,풍산읍,N,054-858-6894
경북,안동시,일반보건지소,풍천면보건지소,760-811,경북 안동시 풍천면 지풍로 1465-5,풍천면,N,054-853-2639
경북,안동시,보건진료소,하회보건진료소,760-812,경북 안동시 풍천면 종가길 38,풍천면,N,054-853-2481
경북,안동시,보건진료소,회곡보건진료소,760-801,경북 안동시 풍산읍 풍산태사로 1703-2,풍산읍,N,054-852-9300
경북,영덕군,보건소,영덕군보건소,36431,경북 영덕군 영덕읍 군청길 53  (보건소),영덕읍,N,054-730-6823
경북,영덕군,일반보건지소,강구면보건지소,766-823,경북 영덕군 강구면 강구시장길 15,강구면,N,054-730-7291
경북,영덕군,보건진료소,금곡보건진료소,766-853,경북 영덕군 병곡면 거무실길 9,병곡면,N,054-730-7041
경북,영덕군,일반보건지소,남정면보건지소,766-842,경북 영덕군 남정면 진불4길 4,남정면,N,054-730-7391
경북,영덕군,일반보건지소,달산면보건지소,766-881,경북 영덕군 달산면 팔각산로 1857,달산면,N,054-730-7491
경북,영덕군,보건진료소,도천보건진료소,766-842,경북 영덕군 남정면 도천1길 17,남정면,N,054-730-7034
경북,영덕군,일반보건지소,병곡면보건지소,36404,경북 영덕군 병곡면 병곡길 74  (병곡보건지소),병곡면,N,054-730-7891
경북,영덕군,보건진료소,사진보건진료소,766-812,경북 영덕군 영해면 괴시사진길 327-26,영해면,N,054-730-7039
경북,영덕군,보건진료소,상원보건진료소,766-832,경북 영덕군 축산면 영축로 969,축산면,N,054-730-7038
경북,영덕군,보건진료소,신리보건진료소,766-872,경북 영덕군 창수면 영양창수로 2307,창수면,N,054-730-7042
경북,영덕군,일반보건지소,영해면보건지소,766-815,경북 영덕군 영해면 예주목은길 87,영해면,N,054-730-7791
경북,영덕군,보건진료소,오보보건진료소,766-803,경북 영덕군 영덕읍 매정길 359,영덕읍,N,054-730-7032
경북,영덕군,보건진료소,오촌보건진료소,766-871,경북 영덕군 창수면 오서로 939-12,창수면,N,054-730-7043
경북,영덕군,보건진료소,옥산보건진료소,766-882,경북 영덕군 달산면 팔각산로 1143,달산면,N,054-730-7036
경북,영덕군,보건진료소,용전보건진료소,766-881,경북 영덕군 달산면 용전길 15,달산면,N,054-730-7035
경북,영덕군,보건진료소,원전보건진료소,766-861,경북 영덕군 지품면 경동로 6015,지품면,N,054-730-7037
경북,영덕군,보건진료소,원직보건진료소,766-821,경북 영덕군 강구면 직천2길 37,강구면,N,054-730-7033
경북,영덕군,보건진료소,원황보건진료소,766-851,경북 영덕군 병곡면 원황길 79,병곡면,N,054-730-7040
경북,영덕군,일반보건지소,지품면보건지소,766-863,경북 영덕군 지품면 신안1길 3-4,지품면,N,054-730-7591
경북,영덕군,일반보건지소,창수면보건지소,766-871,경북 영덕군 창수면 신기길 8-7,창수면,N,054-730-7991
경북,영덕군,보건진료소,창포보건진료소,766-807,경북 영덕군 영덕읍 영덕대게로 767-6,영덕읍,N,054-730-7031
경북,영덕군,일반보건지소,축산면보건지소,766-834,경북 영덕군 축산면 영덕대게로 2056,축산면,N,054-730-7691
경북,영양군,보건소,영양군보건소,36540,"경북 영양군 영양읍 동서대로 82, 가동  (영양군 보건소)",영양읍,N,054-680-5114
경북,영양군,보건진료소,당리보건진료소,36501,경북 영양군 청기면 재일로 1377  (당리보건진료소),청기면,N,054-682-7186
경북,영양군,보건진료소,대천보건진료소,36544,경북 영양군 입암면 선바위로 437  (대천진료소),입암면,N,054-683-4972
경북,영양군,보건진료소,무창보건진료소,36529,경북 영양군 영양읍 내면길 3  (무창보건진료소),영양읍,N,054-683-0205
경북,영양군,보건진료소,상청보건진료소,36508,경북 영양군 청기면 청기로 553  (상청보건진료소),청기면,N,054-682-6725
경북,영양군,일반보건지소,석보면보건지소,36560,경북 영양군 석보면 두들마을길 51  (석보면보건지소),석보면,N,054-680-5950
경북,영양군,보건진료소,송하보건진료소,36526,경북 영양군 수비면 가천로 629  (송하보건진료소),수비면,N,054-682-0553
경북,영양군,일반보건지소,수비면보건지소,36521,경북 영양군 수비면 한티로 479-5  (수비보건지소),수비면,N,054-680-5850
경북,영양군,보건진료소,수하보건진료소,36518,경북 영양군 수비면 낙동정맥로 3457  (수하보건진료소),수비면,N,054-682-0445
경북,영양군,보건진료소,용화보건진료소,36509,경북 영양군 일월면 영양로 3773  (용화보건진료소),일월면,N,054-683-0705
경북,영양군,일반보건지소,일월면보건지소,36515,경북 영양군 일월면 영양로 2401  (일월보건지소),일월면,N,054-680-5750
경북,영양군,일반보건지소,입암면보건지소,36548,"경북 영양군 입암면 조기리길 18, 입암보건지소  (입암면종합복지회관)",입암면,N,054-680-5550
경북,영양군,일반보건지소,청기면보건지소,36507,경북 영양군 청기면 청기2길 2  (청기보건지소),청기면,N,054-680-5650
경북,영양군,보건진료소,화매보건진료소,36564,경북 영양군 석보면 석보로 1189  (화매보건진료소),석보면,N,054-682-8852
경북,영주시,보건소,영주시보건소,36132,"경북 영주시 시청로1번길 19  (휴천동, 영주시보건소)",휴천동,N,054-631-4000
경북,영주시,보건진료소,구구보건진료소,36011,경북 영주시 단산면 구구로 22-17  (구구보건진료소),단산면,N,054-637-0903
경북,영주시,보건진료소,노좌보건진료소,36047,경북 영주시 봉현면 소백로 941  (노좌보건진료소),봉현면,N,054-637-6815
경북,영주시,일반보건지소,단산면보건지소,36008,경북 영주시 단산면 옥대로 32  (단산면보건지소),단산면,N,054-633-5109
경북,영주시,보건진료소,두전보건진료소,36145,경북 영주시 장수면 장안로 440-6  (두전보건진료소),장수면,N,054-637-8696
경북,영주시,일반보건지소,문수면보건지소,36171,경북 영주시 문수면 문수로1363번길 35  (문수면보건지소),문수면,N,054-637-2102
경북,영주시,보건진료소,배점보건진료소,36012,경북 영주시 순흥면 죽계로293번길 37  (배점리보건진료소),순흥면,N,054-633-2616
경북,영주시,일반보건지소,봉현면보건지소,36044,경북 영주시 봉현면 오현로 27  (봉현면보건지소),봉현면,N,054-636-6502
경북,영주시,일반보건지소,부석면보건지소,36004,경북 영주시 부석면 부석로 49  (부석면보건지소),부석면,N,054-633-3242
경북,영주시,보건진료소,상석보건진료소,36006,경북 영주시 부석면 의상로 1322  (상석보건진료소),부석면,N,054-633-3973
경북,영주시,보건진료소,성곡보건진료소,36143,경북 영주시 장수면 용주로 483  (성곡보건지소),장수면,N,054-637-7685
경북,영주시,보건진료소,소룡보건진료소,36147,경북 영주시 장수면 옥계로 510,장수면,N,054-637-3223
경북,영주시,일반보건지소,순흥면보건지소,36016,경북 영주시 순흥면 순흥로 67  (순흥면보건지소),순흥면,N,054-633-2044
경북,영주시,일반보건지소,안정면보건지소,36050,경북 영주시 안정면 용주로 1416  (안정보건진료소),안정면,N,054-634-2909
경북,영주시,보건진료소,오계보건진료소,36048,경북 영주시 안정면 안정로 342  (오계보건진료소),안정면,N,054-637-2097
경북,영주시,보건진료소,용산보건진료소,36052,경북 영주시 안정면 용주로 925  (용산리보건진료소),안정면,N,054-632-7351
경북,영주시,보건진료소,운곡보건진료소,36175,경북 영주시 평은면 북평로 1099  (운곡 보건진료소),평은면,N,054-637-7043
경북,영주시,보건진료소,월림보건진료소,36170,경북 영주시 이산면 영봉로 765,이산면,N,054-637-1830
경북,영주시,일반보건지소,이산면보건지소,36169,경북 영주시 이산면 이산로621번길 31  (이산면보건지소),이산면,N,054-637-2387
경북,영주시,보건진료소,임곡보건진료소,36002,경북 영주시 부석면 영부로106번길 9  (임곡보건진료소),부석면,N,054-633-3972
경북,영주시,일반보건지소,장수면보건지소,36145,경북 영주시 장수면 장수로 50  (장수면보건지소),장수면,N,054-637-7042
경북,영주시,보건진료소,조제보건진료소,36173,경북 영주시 문수면 조제로 59  (조제보건진료소),문수면,N,054-638-7354
경북,영주시,일반보건지소,평은면보건지소,36174,경북 영주시 평은면 천상로 70-27  (평은면 보건지소),평은면,N,054-637-4067
경북,영주시,일반보건지소,풍기읍보건지소,36030,경북 영주시 풍기읍 남원로 66  (영주시풍기읍보건지소),풍기읍,N,054-636-6503
경북,영천시,보건소,영천시보건소,770-020,경북 영천시 옛군청1길 31,문내동,N,054-330-7860
경북,영천시,일반보건지소,고경면보건지소,770-846,경북 영천시 고경면 호국로 1065-20,고경면,N,054-339-8370
경북,영천시,일반보건지소,금호읍보건지소,38877,경북 영천시 금호읍 교대8길 13  (금호보건지소),금호읍,N,054-339-8300
경북,영천시,일반보건지소,대창면보건지소,770-912,경북 영천시 대창면 금박로 1057-7,대창면,N,054-339-8391
경북,영천시,보건진료소,명주보건진료소,770-883,경북 영천시 북안면 운북로 1445,북안면,N,054-330-6798
경북,영천시,보건진료소,보현보건진료소,770-873,경북 영천시 자양면 별빛로 1126,자양면,N,054-330-6793
경북,영천시,보건진료소,부산보건진료소,770-813,경북 영천시 신녕면 치산효령로 578-14,신녕면,N,054-330-6789
경북,영천시,일반보건지소,북안면보건지소,770-882,경북 영천시 북안면 운북로 2051,북안면,N,054-339-8380
경북,영천시,보건진료소,사리보건진료소,770-862,경북 영천시 임고면 운주로 915,임고면,N,054-330-6795
경북,영천시,보건진료소,삼포보건진료소,770-841,경북 영천시 고경면 상계로 278,고경면,N,054-330-6796
경북,영천시,보건진료소,상송보건진료소,770-822,경북 영천시 화북면 상송안길 34-13,화북면,N,054-330-6791
경북,영천시,일반보건지소,신녕면보건지소,770-812,경북 영천시 신녕면 신화로 26,신녕면,N,054-339-8320
경북,영천시,보건진료소,안천보건진료소,770-831,경북 영천시 화남면 능계1길 26-5,화남면,N,054-330-6792
경북,영천시,보건진료소,암기보건진료소,770-851,경북 영천시 화산면 가래실로 194,화산면,N,054-330-6790
경북,영천시,보건진료소,우천보건진료소,770-893,경북 영천시 청통면 청통로 236,청통면,N,054-330-6788
경북,영천시,보건진료소,운천보건진료소,770-913,경북 영천시 대창면 금창로 1188,대창면,N,054-330-6799
경북,영천시,일반보건지소,임고면보건지소,770-861,경북 영천시 임고면 포은로 491,임고면,N,054-339-8360
경북,영천시,일반보건지소,자양면보건지소,770-872,경북 영천시 자양면 포은로 1631,자양면,N,054-339-8345
경북,영천시,일반보건지소,청통면보건지소,770-894,경북 영천시 청통면 청통초등길 11,청통면,N,054-339-8310
경북,영천시,보건진료소,파계보건진료소,770-844,경북 영천시 고경면 용담로 1805-13,고경면,N,054-330-6796
경북,영천시,보건진료소,평천보건진료소,770-864,경북 영천시 임고면 포은로 736,임고면,N,054-330-6794
경북,영천시,보건진료소,호남보건진료소,770-801,경북 영천시 금호읍 호남안길 42,금호읍,N,054-330-6787
경북,영천시,일반보건지소,화남면보건지소,770-832,경북 영천시 화남면 신화로 1193,화남면,N,054-339-8350
경북,영천시,일반보건지소,화북면보건지소,770-823,경북 영천시 화북면 화북길 93,화북면,N,054-339-8340
경북,영천시,일반보건지소,화산면보건지소,770-853,경북 영천시 화산면 연지길 14,화산면,N,054-339-8330
경북,예천군,보건소,예천군보건소,36822,"경북 예천군 예천읍 군청길 33, 보건소 예천군보건소 (예천군보건소)",예천읍,N,054-650-8011
경북,예천군,일반보건지소,감천면보건지소,757-913,경북 예천군 감천면 포리2길 26,감천면,N,054-650-6645
경북,예천군,일반보건지소,개포면보건지소,757-921,경북 예천군 개포면 용개로 1015,개포면,N,054-650-6650
경북,예천군,보건진료소,경진보건진료소,757-923,경북 예천군 개포면 용개로 1486-14,개포면,N,054-650-8952
경북,예천군,보건진료소,대은보건진료소,757-832,경북 예천군 용궁면 대은길 18,용궁면,N,054-650-8951
경북,예천군,보건진료소,대제보건진료소,757-843,경북 예천군 용문면 반서울로 376,용문면,N,054-650-8942
경북,예천군,보건진료소,덕계보건진료소,757-831,경북 예천군 용궁면 덕계1길 71,용궁면,N,054-650-8950
경북,예천군,보건진료소,독양보건진료소,757-812,경북 예천군 보문면 옥계천로 464,보문면,N,054-650-8947
경북,예천군,일반보건지소,보문면보건지소,757-811,경북 예천군 보문면 미호길 110,보문면,N,054-650-6646
경북,예천군,보건진료소,부초보건진료소,757-871,경북 예천군 하리면 부용봉길 99-10,은풍면,N,054-650-8944
경북,예천군,보건진료소,상월보건진료소,757-853,경북 예천군 지보면 상월길 135-11,지보면,N,054-650-8953
경북,예천군,보건진료소,석묘보건진료소,757-823,경북 예천군 상리면 석묘리길 4,효자면,N,054-650-8943
경북,예천군,보건진료소,송곡보건진료소,757-881,경북 예천군 호명면 호명로 305,호명면,N,054-650-8948
경북,예천군,보건진료소,수계보건진료소,757-813,경북 예천군 보문면 수양길 8,보문면,N,054-650-8946
경북,예천군,일반보건지소,용궁면보건지소,757-833,경북 예천군 용궁면 용개로 12,용궁면,N,054-650-6649
경북,예천군,일반보건지소,용문면보건지소,757-844,경북 예천군 용문면 용문경천로 1209-7,용문면,N,054-650-6642
경북,예천군,보건진료소,우망보건진료소,757-863,경북 예천군 풍양면 청곡길 40,풍양면,N,054-650-8955
경북,예천군,보건진료소,원류보건진료소,757-842,경북 예천군 용문면 용문경천로 874-4,용문면,N,054-650-8941
경북,예천군,일반보건지소,유천면보건지소,757-891,경북 예천군 유천면 예성로 685,유천면,N,054-650-6648
경북,예천군,보건진료소,중평보건진료소,757-892,경북 예천군 유천면 중평길 99,유천면,N,054-650-8949
경북,예천군,일반보건지소,지보면보건지소,757-852,경북 예천군 지보면 소화1길 20-7,지보면,N,054-650-6651
경북,예천군,보건진료소,지보보건진료소,757-852,경북 예천군 지보면 지보리길 183,지보면,N,054-650-8954
경북,예천군,보건진료소,천향보건진료소,757-911,경북 예천군 감천면 석송로 321-5,감천면,N,054-650-8945
경북,예천군,보건진료소,청운보건진료소,757-862,경북 예천군 풍양면 청운1리길 42,풍양면,N,054-650-8956
경북,예천군,일반보건지소,풍양면보건지소,757-862,경북 예천군 풍양면 낙상2길 26-9,풍양면,N,054-650-6652
경북,예천군,일반보건지소,호명면보건지소,757-883,경북 예천군 호명면 오천길 23,호명면,N,054-650-6647
경북,예천군,통합보건지소,효자면ㆍ은풍면통합보건지소,757-872,경북 예천군 하리면 은풍로 100-7,은풍면,N,054-650-6642
경북,울릉군,보건의료원,울릉군보건의료원,40217,경북 울릉군 울릉읍 울릉순환로 396-18  (보건의료원),울릉읍,Y,054-790-6811
경북,울릉군,일반보건지소,북면보건지소,40211,경북 울릉군 북면 천부1길 25  (북면보건지소),북면,Y,054-791-6861
경북,울릉군,일반보건지소,서면보건지소,40235,경북 울릉군 서면 남양4길 28 (서면보건지소),서면,Y,054-791-6851
경북,울릉군,보건진료소,저동보건진료소,40218,경북 울릉군 울릉읍 저동1길 21-20  (주민복지센터),울릉읍,Y,054-791-2808
경북,울릉군,보건진료소,태하보건진료소,40200,경북 울릉군 서면 태하길 214-1  (보건진료소),서면,Y,054-791-5307
경북,울릉군,보건진료소,현포보건진료소,40205,경북 울릉군 북면 울릉순환로 2624-21  (현포보건진료소),북면,Y,054-791-5788
경북,울진군,보건소,울진군보건소,36324,경북 울진군 울진읍 읍내8길 61-8  (울진군보건소),울진읍,N,054-789-5000
경북,울진군,보건진료소,갈면보건진료소,36344,경북 울진군 매화면 갈면대평길 237  (갈면보건진료소),매화면,N,054-789-5988
경북,울진군,보건진료소,광회보건진료소,36300,경북 울진군 금강송면 남회룡로 1515-8  (광회보건진료소),금강송면,N,054-789-5985
경북,울진군,보건진료소,구산보건진료소,36354,경북 울진군 기성면 구산길 177  (울진기성구산리해돋이진료소),기성면,N,054-789-5992
경북,울진군,일반보건지소,근남보건지소,36334,경북 울진군 근남면 노음4길 6-7  (근남면사무소),근남면,N,054-789-5140
경북,울진군,일반보건지소,금강송면보건지소,36301,경북 울진군 금강송면 불영계곡로 1691  (금강송면보건지소),금강송면,N,054-789-5130
경북,울진군,일반보건지소,기성면보건지소,36348,경북 울진군 기성면 기성로 665  (기성면보건지소),기성면,N,054-789-5160
경북,울진군,보건진료소,다천보건진료소,36351,경북 울진군 기성면 정다이로 677,기성면,N,054-789-5991
경북,울진군,보건진료소,덕산보건진료소,36361,경북 울진군 온정면 하덕산길 50  (덕산보건진료소),온정면,N,054-789-5994
경북,울진군,일반보건지소,매화면보건지소,36339,경북 울진군 매화면 매화4길 5  (매화면 보건지소),매화면,N,054-789-5150
경북,울진군,일반보건지소,북면보건지소,36305,경북 울진군 북면 부구4길 28  (북면 청년회.보건지소),북면,N,054-789-5120
경북,울진군,보건진료소,사동보건진료소,36347,경북 울진군 기성면 사동1길 18  (사동 보건진료소),기성면,N,054-789-5990
경북,울진군,보건진료소,선구보건진료소,36356,경북 울진군 온정면 백암온천로 845  (선구리보건진료소),온정면,N,054-789-5993
경북,울진군,보건진료소,소곡보건진료소,36311,경북 울진군 북면 박금소야로 456,북면,N,054-789-5984
경북,울진군,보건진료소,신림보건진료소,36329,경북 울진군 울진읍 대흥신림로 714-35  (신림보건진료소),울진읍,N,054-789-5980
경북,울진군,보건진료소,오곡보건진료소,36363,경북 울진군 평해읍 오곡2길 170  (오곡보건진료소),평해읍,N,054-789-5982
경북,울진군,보건진료소,오산보건진료소,36340,경북 울진군 매화면 망양정로 49,매화면,N,054-789-5989
경북,울진군,일반보건지소,온정면보건지소,36358,경북 울진군 온정면 온정학교길 46  (온정보건지소),온정면,N,054-789-5170
경북,울진군,보건진료소,왕피보건진료소,36302,경북 울진군 금강송면 왕피길 1435  (왕피보건진료소),금강송면,N,054-789-5986
경북,울진군,일반보건지소,죽변보건지소,36315,경북 울진군 죽변면 죽변2길 29  (죽변면민회관),죽변면,N,054-789-5180
경북,울진군,보건진료소,직산보건진료소,36365,경북 울진군 평해읍 직고개길 27  (직산보건진료소),평해읍,N,054-789-5981
경북,울진군,보건진료소,진복보건진료소,36338,경북 울진군 근남면 매오길 443  (진복보건진료소),근남면,N,054-789-5987
경북,울진군,일반보건지소,평해읍보건지소,36366,경북 울진군 평해읍 평해로 42  (평해보건지소),평해읍,N,054-789-5100
경북,울진군,보건진료소,하당보건진료소,36310,경북 울진군 북면 하당3길 34  (하당보건진료소),북면,N,054-789-5983
경북,울진군,일반보건지소,후포보건지소,36370,경북 울진군 후포면 삼율6길 58  (삼율1리동회관),후포면,N,054-789-5190
경북,울진군,보건진료소,후포보건진료소,36369,경북 울진군 후포면 울진대게로 333  (후포보건진료소),후포면,N,054-789-5995
경북,의성군,보건소,의성군보건소,37330,경북 의성군 의성읍 북부길 150,의성읍,N,054-830-6660
경북,의성군,일반보건지소,가음면보건지소,37358,경북 의성군 가음면 금성현서로 455  (가음보건지소),가음면,N,054-830-6637
경북,의성군,보건진료소,구계보건진료소,37320,경북 의성군 단촌면 구계2길 43-3  (구계보건진료소),단촌면,N,054-833-2611
경북,의성군,보건진료소,구암보건진료소,37325,경북 의성군 점곡면 의성길안로 637-1  (구암보건진료소),점곡면,N,054-832-1131
경북,의성군,일반보건지소,구천면보건지소,37367,경북 의성군 구천면 소보안계로 1603  (구천면보건지소),구천면,N,054-830-6641
경북,의성군,일반보건지소,금성면보건지소,37354,경북 의성군 금성면 동부로 2402  (금성보건지소),금성면,N,054-830-6638
경북,의성군,보건진료소,금오보건진료소,37348,경북 의성군 춘산면 금오길 421  (금오보건진료소),춘산면,N,054-833-4583
경북,의성군,일반보건지소,다인면보건지소,37303,경북 의성군 다인면 서부로 2798  (다인보건지소),다인면,N,054-830-6645
경북,의성군,일반보건지소,단밀면보건지소,37303,경북 의성군 다인면 서부로 2798  (다인보건지소),다인면,N,054-830-6645
경북,의성군,일반보건지소,단북면보건지소,37303,경북 의성군 다인면 서부로 2798  (다인보건지소),다인면,N,054-830-6645
경북,의성군,일반보건지소,단촌면보건지소,37327,경북 의성군 단촌면 장터길 23  (단촌보건지소),단촌면,N,054-830-6632
경북,의성군,보건진료소,달제보건진료소,37327,경북 의성군 단촌면 장터길 23  (단촌보건지소),단촌면,N,054-830-6632
경북,의성군,보건진료소,동부보건진료소,37366,경북 의성군 비안면 동부안길 4-1  (동부보건진료소),비안면,N,054-861-7167
경북,의성군,보건진료소,매곡보건진료소,37347,경북 의성군 사곡면 의성사곡로 1300  (매곡보건진료소),사곡면,N,054-833-5762
경북,의성군,일반보건지소,봉양면보건지소,37362,경북 의성군 봉양면 도리원3길 31  (봉양보건지소),봉양면,N,054-830-6639
경북,의성군,일반보건지소,비안면보건지소,37364,경북 의성군 비안면 강변길 59  (비안보건지소),비안면,N,054-830-6640
경북,의성군,일반보건지소,사곡면보건지소,37347,경북 의성군 사곡면 의성사곡로 966  (사곡보건지소),사곡면,N,054-830-6635
경북,의성군,보건진료소,산제보건진료소,37365,경북 의성군 비안면 교화길 874  (산제보건진료소),비안면,N,054-832-5273
경북,의성군,보건진료소,생송보건진료소,37375,경북 의성군 단밀면 도안로 1345  (생송보건진료소),단밀면,N,054-862-0377
경북,의성군,보건진료소,성암보건진료소,37370,경북 의성군 단북면 단북다인로 426  (성암보건진료소),단북면,N,054-862-3597
경북,의성군,보건진료소,소호보건진료소,37369,경북 의성군 구천면 소호1길 111  (소호보건진료소),구천면,N,054-861-0025
경북,의성군,보건진료소,순호보건진료소,37359,경북 의성군 가음면 순호마을길 52  (순호보건진료소),가음면,N,054-832-8508
경북,의성군,일반보건지소,신평면보건지소,37314,경북 의성군 신평면 봉호로 2446-3  (신평보건지소),신평면,N,054-830-6646
경북,의성군,보건진료소,실업보건진료소,37324,경북 의성군 옥산면 양지실업길 588  (실업보건진료소),옥산면,N,054-833-1072
경북,의성군,일반보건지소,안계면보건지소,37309,경북 의성군 안계면 서부로 1776-40  (안계보건지소),안계면,N,054-830-6644
경북,의성군,일반보건지소,안사면보건지소,37306,경북 의성군 안사면 안신로 645  (안사면보건지소),안사면,N,054-830-6648
경북,의성군,일반보건지소,안평면보건지소,37318,경북 의성군 안평면 기도길 14  (안평보건지소),안평면,N,054-830-6647
경북,의성군,보건진료소,양서보건진료소,37300,경북 의성군 다인면 덕미3길 18  (양서보건진료소),다인면,N,054-861-4386
경북,의성군,일반보건지소,옥산면보건지소,37324,경북 의성군 옥산면 신감옥산로 1226  (옥산보건지소),옥산면,N,054-830-6634
경북,의성군,보건진료소,운곡보건진료소,37351,경북 의성군 금성면 탑운길 537  (운곡보건진료소),금성면,N,054-832-8578
경북,의성군,보건진료소,월소보건진료소,37305,경북 의성군 안사면 월소3길 65  (월소보건진료소),안사면,N,054-862-1138
경북,의성군,보건진료소,작승보건진료소,37346,경북 의성군 사곡면 사미신감로 803  (작승보건진료소),사곡면,N,054-833-4472
경북,의성군,보건진료소,장대보건진료소,37361,경북 의성군 봉양면 조문로 357,봉양면,N,054-832-2688
경북,의성군,보건진료소,전흥보건진료소,37323,경북 의성군 옥산면 전흥1길 10-2  (전흥보건진료소),옥산면,N,054-833-3389
경북,의성군,일반보건지소,점곡면보건지소,37321,경북 의성군 점곡면 명고길 676  (점곡보건지소),점곡면,N,054-830-6633
경북,의성군,보건진료소,중률보건진료소,37315,경북 의성군 신평면 왜가리길 1388  (중률보건진료소),신평면,N,054-862-2133
경북,의성군,일반보건지소,춘산면보건지소,37348,경북 의성군 춘산면 금성현서로 1481  (춘산보건지소),춘산면,N,054-830-6636
경북,의성군,보건진료소,하령보건진료소,37316,경북 의성군 안평면 하령1길 63,안평면,N,054-832-6827
경북,의성군,보건진료소,효선보건진료소,37349,경북 의성군 춘산면 효선1길 4  (효선보건진료소),춘산면,N,054-833-5646
경북,청도군,보건소,청도군보건소,714-904,경북 청도군 화양읍 청화로 79-11,화양읍,N,054-370-6470
경북,청도군,일반보건지소,각남면보건지소,714-821,경북 청도군 각남면 예리2길 11,각남면,N,054-370-6463
경북,청도군,일반보건지소,각북면보건지소,714-842,경북 청도군 각북면 헐티로 801,각북면,N,054-370-6465
경북,청도군,보건진료소,관하보건진료소,714-861,경북 청도군 매전면 원정자길 15,매전면,N,054-370-2299
경북,청도군,보건진료소,금곡보건진료소,714-831,경북 청도군 풍각면 금동길 39,풍각면,N,054-370-2293
경북,청도군,일반보건지소,금천면보건지소,714-872,경북 청도군 금천면 선암로 575,금천면,N,054-370-6468
경북,청도군,보건진료소,덕촌보건진료소,714-841,경북 청도군 각북면 덕촌3길 12,각북면,N,054-370-2294
경북,청도군,일반보건지소,매전면보건지소,714-863,경북 청도군 매전면 청려로 3679,매전면,N,054-370-6469
경북,청도군,보건진료소,박곡보건진료소,714-873,경북 청도군 금천면 박곡1길 5,금천면,N,054-370-2297
경북,청도군,보건진료소,봉하보건진료소,714-882,경북 청도군 운문면 구룡로 1358,운문면,N,054-370-2296
경북,청도군,보건진료소,삼신보건진료소,714-903,경북 청도군 화양읍 다로1길 18,화양읍,N,054-370-2291
경북,청도군,보건진료소,양원보건진료소,714-852,경북 청도군 이서면 양원길 61-4,이서면,N,054-370-2295
경북,청도군,보건진료소,옥산보건진료소,714-823,경북 청도군 각남면 녹명1길 43,각남면,N,054-370-2292
경북,청도군,일반보건지소,운문면보건지소,714-882,경북 청도군 운문면 대천2길 13,운문면,N,054-370-6467
경북,청도군,보건진료소,유호보건진료소,714-801,경북 청도군 청도읍 유천길 33,청도읍,N,054-370-2290
경북,청도군,일반보건지소,이서면보건지소,714-853,경북 청도군 이서면 학산길 17-7,이서면,N,054-370-6466
경북,청도군,보건진료소,지전보건진료소,714-862,경북 청도군 매전면 지전길 3-18,매전면,N,054-370-2298
경북,청도군,일반보건지소,풍각면보건지소,714-833,경북 청도군 풍각면 송서로 81,풍각면,N,054-370-6464
경북,청도군,일반보건지소,화양읍보건지소,714-902,경북 청도군 화양읍 도주관로 206,화양읍,N,054-370-6462
경북,청송군,보건의료원,청송군보건의료원,37433,경북 청송군 청송읍 의료원길 19  (청송보건의료원),청송읍,N,054-870-7200
경북,청송군,보건진료소,거대보건진료소,37424,경북 청송군 청송읍 거대1길 4-8  (거대보건진료소),청송읍,N,054-870-7480
경북,청송군,보건진료소,관리보건진료소,37416,경북 청송군 파천면 청송로 5548-13  (보건진료소),파천면,N,054-870-7490
경북,청송군,보건진료소,구천보건진료소,37444,경북 청송군 부남면 안평길 7,부남면,N,054-870-7484
경북,청송군,보건진료소,내룡보건진료소,37441,경북 청송군 부동면 팔각산로 17  (내룡보건진료소),주왕산면,N,054-870-7482
경북,청송군,일반보건지소,부남면보건지소,37443,경북 청송군 부남면 대전로 117  (부남보건지소),부남면,N,054-870-7400
경북,청송군,보건진료소,성재보건진료소,37454,경북 청송군 안덕면 성덕댐로 1359  (성재보건진료소),안덕면,N,054-870-7485
경북,청송군,보건진료소,신기보건진료소,37414,경북 청송군 파천면 신기길 19 신기보건진료소,파천면,N,054-870-7491
경북,청송군,보건진료소,신점보건진료소,37439,경북 청송군 부동면 부동로 583  (신점보건진료소),주왕산면,N,054-870-7483
경북,청송군,보건진료소,신촌보건진료소,37411,경북 청송군 진보면 신촌1길 4-1  (신촌보건진료소),진보면,N,054-870-7481
경북,청송군,일반보건지소,안덕면보건지소,37451,경북 청송군 안덕면 안덕로 80  (안덕보건지소),안덕면,N,054-870-7440
경북,청송군,보건진료소,월정보건진료소,37464,경북 청송군 현서면 청송로 346-1  (월정보건진료소),현서면,N,054-870-7486
경북,청송군,일반보건지소,주왕산면보건지소,37438,경북 청송군 부동면 이전새마을길 15 부동보건지소 (부동복지회관),주왕산면,N,054-870-7400
경북,청송군,보건진료소,중평보건진료소,37418,경북 청송군 파천면 중평병부길 131  (중평보건진료소),파천면,N,054-870-7489
경북,청송군,보건진료소,지소보건진료소,37449,경북 청송군 안덕면 백석탄로 487-9 지소보건진료소,안덕면,N,054-870-7488
경북,청송군,일반보건지소,진보면보건지소,37405,경북 청송군 진보면 진보로 181  (진보보건지소),진보면,N,054-870-7450
경북,청송군,일반보건지소,현동면보건지소,37456,경북 청송군 현동면 도평1길 3  (현동보건지소),현동면,N,054-870-7420
경북,청송군,일반보건지소,현서면보건지소,37462,경북 청송군 현서면 구산북로 90  (현서보건지소),현서면,N,054-870-7432
경북,칠곡군,보건소,칠곡군보건소,718-803,경북 칠곡군 왜관읍 관문로1길 30,왜관읍,N,054-973-4000
경북,칠곡군,일반보건지소,가산면보건지소,718-912,경북 칠곡군 가산면 경북대로 1552,가산면,N,054-979-5573
경북,칠곡군,보건진료소,금호보건진료소,718-821,경북 칠곡군 지천면 금호로 149,지천면,N,054-973-8011
경북,칠곡군,일반보건지소,기산면보건지소,718-852,경북 칠곡군 기산면 주산로 1213,기산면,N,054-979-5586
경북,칠곡군,보건진료소,다부보건진료소,718-912,경북 칠곡군 가산면 호국로 1495,가산면,N,054-972-6397
경북,칠곡군,보건진료소,달서보건진료소,39863,경북 칠곡군 지천면 지천로 620,지천면,N,054-972-2443
경북,칠곡군,일반보건지소,동명면보건지소,39859,경북 칠곡군 동명면 금암중앙길 59-8  (대한노인회칠곡군지회동명면분회),동명면,N,054-979-5566
경북,칠곡군,보건진료소,동부보건진료소,39855,경북 칠곡군 동명면 기성4길 14  (동부보건진료소),동명면,N,054-975-6594
경북,칠곡군,보건진료소,망정보건진료소,39847,경북 칠곡군 석적읍 호국로 685  (망정보건진료소),석적읍,N,054-975-1650
경북,칠곡군,보건진료소,보손보건진료소,39803,경북 칠곡군 북삼읍 보손3길 2  (보건진료소),북삼읍,N,054-972-3503
경북,칠곡군,보건진료소,봉산보건진료소,39913,경북 칠곡군 기산면 지산로 469  (기산면봉산보건진료실),기산면,N,054-971-5025
경북,칠곡군,일반보건지소,북삼읍보건지소,39808,경북 칠곡군 북삼읍 인평1길 14  (북삼읍보건지소),북삼읍,N,054-979-5551
경북,칠곡군,일반보건지소,석적읍보건지소,39845,경북 칠곡군 석적읍 남중리1길 62  (석적읍보건지소),석적읍,N,054-979-5557
경북,칠곡군,일반보건지소,약목면보건지소,39824,경북 칠곡군 약목면 복성1길 9  (약목면보건지소),약목면,N,054-979-5581
경북,칠곡군,보건진료소,용수보건진료소,39853,경북 칠곡군 가산면 용매로 414-19  (용수보건소),가산면,N,054-971-8735
경북,칠곡군,일반보건지소,지천면보건지소,39864,"경북 칠곡군 지천면 신동로8길 12, 지천보건지소",지천면,N,054-979-5564
경북,칠곡군,보건진료소,포남보건진료소,39848,경북 칠곡군 석적읍 석적로 676  (포남보건진료소),석적읍,N,054-975-9240
경북,칠곡군,보건진료소,학하보건진료소,39849,경북 칠곡군 가산면 학하6길 7  (학하보건진료소),가산면,N,054-971-7052
경북,포항시,보건소,포항시 남구보건소,37878,"경북 포항시 남구 동해안로 6119  (인덕동, 남구보건소)",인덕동,N,054-270-4004
경북,포항시,일반보건지소,구룡포보건지소,37932,경북 포항시 남구 구룡포읍 구룡포길 65,구룡포읍,N,054-276-2997
경북,포항시,보건진료소,구평보건진료소,37940,경북 포항시 남구 구룡포읍 동해안로4260번길 5-7  (구평보건진료소),구룡포읍,N,054-284-7091
경북,포항시,보건진료소,금광보건진료소,37927,경북 포항시 남구 동해면 금광로 239  (금광보건진료소),동해면,N,054-284-4742
경북,포항시,보건진료소,대동배보건진료소,37928,경북 포항시 남구 호미곶면 호미로 1871  (대동배보건진료소),호미곶면,N,054-284-8992
경북,포항시,일반보건지소,대송면보건지소,37869,경북 포항시 남구 대송면 제내길 47,대송면,N,054-285-9182
경북,포항시,일반보건지소,동해면보건지소,37926,경북 포항시 남구 동해면 일월로 62,동해면,N,054-284-3310
경북,포항시,보건진료소,두원보건진료소,37947,경북 포항시 남구 장기면 동해안로 2718  (두원보건진료소),장기면,N,054-293-3752
경북,포항시,보건진료소,모포보건진료소,37943,경북 포항시 남구 장기면 모포길 67  (모포보건진료소),장기면,N,054-284-7121
경북,포항시,보건진료소,양포보건진료소,37946,경북 포항시 남구 장기면 양포항길 12  (양포보건진료소),장기면,N,054-276-1019
경북,포항시,일반보건지소,연일읍보건지소,37852,경북 포항시 남구 연일읍 철강로 10  (연일읍보건지소),연일읍,N,054-270-6992
경북,포항시,일반보건지소,오천읍보건지소,37912,경북 포항시 남구 오천읍 세계길 5  (오천읍보건지소),오천읍,N,054-270-6993
경북,포항시,보건진료소,용산보건진료소,37892,경북 포항시 남구 오천읍 기림로 2000  (용산보건진료소),오천읍,N,054-291-6994
경북,포항시,일반보건지소,장기면보건지소,37945,경북 포항시 남구 장기면 읍내길 109  (장기면보건지소),장기면,N,054-276-0116
경북,포항시,보건진료소,장동보건진료소,37857,경북 포항시 남구 대송면 장동홍계길 222-18  (장동보건진료소),대송면,N,054-285-0970
경북,포항시,보건진료소,학전보건진료소,37654,경북 포항시 남구 연일읍 자명로 326-3  (학전보건진료소),연일읍,N,054-278-3929
경북,포항시,일반보건지소,호미곶면보건지소,37928,경북 포항시 남구 호미곶면 해맞이로 200-1  (대보보건지소),호미곶면,N,054-284-8832
경북,포항시,보건진료소,흥환보건진료소,37922,경북 포항시 남구 동해면 호미로 2494  (흥환보건진료소),동해면,N,054-291-5963
경북,포항시,보건소,포항시 북구보건소,791-850,경북 포항시 북구 삼흥로 98(장성동),장성동,N,054-270-4114
경북,포항시,보건진료소,구지보건진료소,791-821,경북 포항시 북구 기계면 구지길 47-1,기계면,N,054-243-5370
경북,포항시,일반보건지소,기계면보건지소,791-824,경북 포항시 북구 기계면 근면길 14,기계면,N,054-243-1096
경북,포항시,일반보건지소,기북면보건지소,791-832,경북 포항시 북구 기북면 기북로472번길 1,기북면,N,054-270-5062
경북,포항시,보건진료소,냉수보건진료소,791-872,경북 포항시 북구 신광면 비학로438번길 2-14,신광면,N,054-243-0635
경북,포항시,보건진료소,두마보건진료소,791-912,경북 포항시 북구 죽장면 면봉산길828번길 6,죽장면,N,054-262-5448
경북,포항시,보건진료소,만석보건진료소,791-871,경북 포항시 북구 신광면 비학로1242번길 3,신광면,N,054-261-9888
경북,포항시,보건진료소,방석보건진료소,791-863,경북 포항시 북구 송라면 봉화길 50,송라면,N,054-243-5652
경북,포항시,보건진료소,상사보건진료소,791-913,경북 포항시 북구 죽장면 합사길 889,죽장면,N,054-262-6081
경북,포항시,보건진료소,상송보건진료소,791-861,경북 포항시 북구 송라면 삼송길74번길 21-5,송라면,N,054-232-4744
경북,포항시,보건진료소,상옥보건진료소,791-914,경북 포항시 북구 죽장면 죽장로 1799,죽장면,N,054-262-6422
경북,포항시,일반보건지소,송라면보건지소,791-862,경북 포항시 북구 송라면 보경로 56,송라면,N,054-243-6333
경북,포항시,일반보건지소,신광면보건지소,791-873,경북 포항시 북구 신광면 토성길25번길 10-19,신광면,N,054-243-0891
경북,포항시,보건진료소,우목보건진료소,791-941,경북 포항시 북구 흥해읍 죽천길185번길 33,흥해읍,N,054-252-7046
경북,포항시,보건진료소,월포보건진료소,37517,경북 포항시 북구 청하면 해안로 2394길 14,청하면,N,054-232-3941
경북,포항시,보건진료소,조사보건진료소,791-861,경북 포항시 북구 송라면 해안로2626번길 34,송라면,N,054-243-6387
경북,포항시,일반보건지소,죽장면보건지소,791-912,경북 포항시 북구 죽장면 새마을로 3610,죽장면,N,054-243-2579
경북,포항시,일반보건지소,청하면보건지소,791-922,경북 포항시 북구 청하면 청하로217번길 22,청하면,N,054-232-4003
경북,포항시,보건진료소,합덕보건진료소,791-913,경북 포항시 북구 죽장면 합석길 15,죽장면,N,054-262-5803
경북,포항시,일반보건지소,흥해읍보건지소,791-943,경북 포항시 북구 흥해읍 중성로 69,흥해읍,N,054-261-1336
경남,거제시,보건소,거제시보건소,53236,"경남 거제시 수양로 506  (양정동, 거제시보건소)",양정동,N,055-639-6200
경남,거제시,보건진료소,가배보건진료소,53330,경남 거제시 동부면 거제남서로 2269  (가배보건진료소),동부면,N,055-635-6247
경남,거제시,보건진료소,가조보건진료소,53273,"경남 거제시 사등면 가조로 1298, 가조보건진료소  (가조출장소,가조보건진료소)",사등면,N,055-633-9765
경남,거제시,일반보건지소,거제면보건지소,53286,경남 거제시 거제면 읍내로7길 23  (거제면보건지소),거제면,N,055-639-6257
경남,거제시,보건진료소,구영보건진료소,53200,경남 거제시 장목면 거제북로 1918-1  (구영보건진료소),장목면,N,055-635-0655
경남,거제시,보건진료소,구조라보건진료소,53329,경남 거제시 일운면 구조라로 22  (구조라보건진료소),일운면,N,055-681-1295
경남,거제시,일반보건지소,남부면보건지소,53333,경남 거제시 남부면 저구1길 37-1  (남부면보건지소),남부면,N,055-639-6255
경남,거제시,보건진료소,덕곡보건진료소,53205,경남 거제시 하청면 덕곡3길 5,하청면,N,055-635-9092
경남,거제시,일반보건지소,동부면보건지소,53331,경남 거제시 동부면 동부로2길 21-1  (동부보건지소),동부면,N,055-639-6253
경남,거제시,일반보건지소,둔덕면보건지소,53281,경남 거제시 둔덕면 거제남서로 4606  (둔덕면보건지소),둔덕면,N,055-639-6259
경남,거제시,보건진료소,망치보건진료소,53329,경남 거제시 일운면 망치2길 12  (망치보건진료소및새마을회관),일운면,N,055-681-1629
경남,거제시,보건진료소,명동보건진료소,53210,경남 거제시 연초면 대금산로 386  (명동보건진료소),연초면,N,055-637-3601
경남,거제시,일반보건지소,사등면보건지소,53276,경남 거제시 사등면 성포로 104-1  (사등면보건지소),사등면,N,055-639-6261
경남,거제시,보건진료소,산달보건진료소,53282,경남 거제시 거제면 산달길 12  (산달보건진료소),거제면,Y,055-633-1917
경남,거제시,일반보건지소,연초면보건지소,53212,경남 거제시 연초면 죽토로 11  (연초면사무소),연초면,N,055-639-6263
경남,거제시,보건진료소,외포보건진료소,53202,경남 거제시 장목면 외포4길 12  (장목면사무소외포출장소),장목면,N,055-636-6267
경남,거제시,일반보건지소,일운면보건지소,53328,경남 거제시 일운면 지세포해안로 105  (일운면보건지소),일운면,N,055-639-6251
경남,거제시,일반보건지소,장목면보건지소,53201,경남 거제시 장목면 거제북로 1195  (장목면보건지소),장목면,N,055-639-6269
경남,거제시,일반보건지소,칠천보건지소,53203,경남 거제시 하청면 칠천로 274  (칠천보건지소),하청면,N,055-639-6267
경남,거제시,일반보건지소,하청면보건지소,53204,경남 거제시 하청면 하청로 12-9  (하청면보건지소),하청면,N,055-639-6265
경남,거제시,보건진료소,학동보건진료소,53332,경남 거제시 동부면 거제중앙로 21  (학동보건진료소),동부면,N,055-636-1812
경남,거제시,보건진료소,한내보건진료소,53206,경남 거제시 연초면 연하해안로 796,연초면,N,055-634-4100
경남,거제시,보건진료소,화도보건진료소,53279,경남 거제시 둔덕면 화도길 139  (화도보건진료소),둔덕면,Y,055-643-6717
경남,거창군,보건소,거창군보건소,50142,경남 거창군 거창읍 거함대로 3079 거창군보건소,거창읍,N,055-940-8310
경남,거창군,일반보건지소,가북면보건지소,50117,경남 거창군 가북면 용암로 37  (가북면보건지소),가북면,N,055-940-8650
경남,거창군,일반보건지소,가조면보건지소,50118,경남 거창군 가조면 장군봉1길 26  (가조면보건지소),가조면,N,055-940-8650
경남,거창군,보건진료소,강천보건진료소,50113,경남 거창군 웅양면 강천장교길 19  (강천보건진료소),웅양면,N,055-940-8661
경남,거창군,보건진료소,개명보건진료소,50111,경남 거창군 고제면 빼재로 1804  (개명보건진료소),고제면,N,055-940-8663
경남,거창군,보건진료소,거기보건진료소,50115,경남 거창군 주상면 보해길 244-11  (거기보건지소),주상면,N,055-940-8660
경남,거창군,일반보건지소,고제면보건지소,50111,경남 거창군 고제면 입석1길 6  (고제면보건소),고제면,N,055-940-8570
경남,거창군,보건진료소,고학보건진료소,50108,경남 거창군 마리면 고신1길 14  (고학보건진료소),마리면,N,055-940-8668
경남,거창군,일반보건지소,남상면보건지소,50148,경남 거창군 남상면 인평길 34  (남상면보건지소),남상면,N,055-940-8610
경남,거창군,일반보건지소,남하면보건지소,50123,경남 거창군 남하면 무릉4길 19-27  (남하면보건지소),남하면,N,055-940-8620
경남,거창군,보건진료소,대현보건진료소,50153,경남 거창군 신원면 대현길 20  (신원대현보건진료소),신원면,N,055-940-8674
경남,거창군,보건진료소,도리보건진료소,50119,경남 거창군 가조면 가조가야로 1439  (도리보건진료소),가조면,N,055-940-8675
경남,거창군,일반보건지소,마리면보건지소,50109,경남 거창군 마리면 거안로 845  (마리면 보건지소),마리면,N,055-940-8600
경남,거창군,보건진료소,모동보건진료소,50104,경남 거창군 위천면 빼재로 799-4  (모동보건진료소),위천면,N,055-940-8667
경남,거창군,보건진료소,봉산보건진료소,50112,경남 거창군 고제면 하구송길 33  (구송보건진료소),고제면,N,055-940-8664
경남,거창군,일반보건지소,북상면보건지소,50102,경남 거창군 북상면 덕유월성로 2313  (북상면보건지소),북상면,N,055-940-8580
경남,거창군,보건진료소,소정보건진료소,50102,경남 거창군 북상면 송계로 1205  (소정보건진료소),북상면,N,055-940-8665
경남,거창군,일반보건지소,신원면보건지소,50153,경남 거창군 신원면 신차로 3079  (신원보건지소),신원면,N,055-940-8630
경남,거창군,보건진료소,양지보건진료소,50151,경남 거창군 신원면 양지3길 4  (양지보건진료소),신원면,N,055-940-8673
경남,거창군,보건진료소,용암보건진료소,50117,경남 거창군 가북면 용암로 717  (용암보건진료소),가북면,N,055-940-8676
경남,거창군,일반보건지소,웅양면보건지소,50113,경남 거창군 웅양면 원촌4길 14-9  (웅양면 보건지소),웅양면,N,055-940-8560
경남,거창군,보건진료소,월성보건진료소,50100,경남 거창군 북상면 은지밭길 79-6  (월성보건진료소),북상면,N,055-940-8666
경남,거창군,일반보건지소,위천면보건지소,50103,경남 거창군 위천면 원학길 325  (위천면 보건지소),위천면,N,055-940-8590
경남,거창군,보건진료소,율리보건진료소,50105,경남 거창군 마리면 풍계1길 41  (율리보건진료소),마리면,N,055-940-8669
경남,거창군,보건진료소,임불보건진료소,50150,경남 거창군 남상면 임불1길 34-8  (임불보건진료소),남상면,N,055-940-8670
경남,거창군,일반보건지소,주상면보건지소,50115,"경남 거창군 주상면 주곡로 655  (주상면사무소,주상보건지소)",주상면,N,055-940-8550
경남,거창군,보건진료소,중촌보건진료소,50116,경남 거창군 가북면 가북로 1354  (중촌보건진료소),가북면,N,055-940-8677
경남,거창군,보건진료소,지산보건진료소,50122,경남 거창군 남하면 지산로 735-15  (지산보건진료소),남하면,N,055-940-8672
경남,거창군,보건진료소,진목보건진료소,50152,"경남 거창군 남상면 진목1길 20, 진목보건진료소",남상면,N,055-940-8671
경남,거창군,보건진료소,하성보건진료소,50113,경남 거창군 웅양면 하곡1길 3  (하성보건진료소),웅양면,N,055-940-8662
경남,고성군,보건소,고성군보건소,638-809,경남 고성군 고성읍 남포로79번길 103-3,고성읍,N,055-670-4001
경남,고성군,일반보건지소,거류면보건지소,638-832,경남 고성군 거류면 당동1길 154,거류면,N,055-670-4991
경남,고성군,일반보건지소,고성읍보건지소,52942,경남 고성군 고성읍 중앙로 35 고성읍보건지소,고성읍,N,055-670-4871
경남,고성군,일반보건지소,구만면보건지소,638-820,경남 고성군 구만면 영회로 1794,구만면,N,055-670-4951
경남,고성군,일반보건지소,대가면보건지소,638-953,경남 고성군 대가면 유흥3길 16-10,대가면,N,055-670-4921
경남,고성군,보건진료소,덕명보건진료소,638-931,경남 고성군 하이면 자란만로 551,하이면,N,055-834-5377
경남,고성군,일반보건지소,동해면보건지소,638-842,경남 고성군 동해면 장기4길 77,동해면,N,055-670-4981
경남,고성군,일반보건지소,마암면보건지소,638-991,경남 고성군 마암면 옥천로 239-1,마암면,N,055-670-4971
경남,고성군,보건진료소,매정보건진료소,638-843,경남 고성군 동해면 조선특구로 1509,동해면,N,055-672-5525
경남,고성군,보건진료소,봉발보건진료소,638-961,경남 고성군 영현면 망봉로 605,영현면,N,055-673-0393
경남,고성군,보건진료소,봉현보건진료소,638-933,경남 고성군 하이면 하이로 543-34,하이면,N,055-835-8716
경남,고성군,보건진료소,삼봉보건진료소,638-912,경남 고성군 삼산면 공룡로 1754-34,삼산면,N,055-672-7490
경남,고성군,일반보건지소,삼산면보건지소,638-911,경남 고성군 삼산면 공룡로 2143,삼산면,N,055-670-4881
경남,고성군,일반보건지소,상리면보건지소,638-941,경남 고성군 상리면 척번정7길 27,상리면,N,055-670-4911
경남,고성군,보건진료소,송계보건진료소,638-951,경남 고성군 대가면 대가로 1104-7,대가면,N,055-673-0081
경남,고성군,보건진료소,수태보건진료소,638-923,경남 고성군 하일면 수양1길 30,하일면,N,055-673-1293
경남,고성군,보건진료소,신리보건진료소,638-992,경남 고성군 마암면 신리1길 155,마암면,N,055-672-6653
경남,고성군,보건진료소,어신보건진료소,638-812,경남 고성군 회화면 어신2길 313,회화면,N,055-674-1935
경남,고성군,보건진료소,연지보건진료소,638-953,경남 고성군 대가면 무량로 211,대가면,N,055-674-0500
경남,고성군,통합보건지소,영천통합보건지소,638-972,경남 고성군 영오면 옥천로 1472,영오면,N,055-670-4941
경남,고성군,일반보건지소,영현면보건지소,638-962,경남 고성군 영현면 대가로 1675-13,영현면,N,055-670-4931
경남,고성군,보건진료소,장좌보건진료소,638-843,경남 고성군 동해면 장좌1길 50-1,동해면,N,055-672-5949
경남,고성군,보건진료소,청광보건진료소,638-981,경남 고성군 개천면 오봉산로 3,개천면,N,055-674-0256
경남,고성군,일반보건지소,하이면보건지소,638-932,경남 고성군 하이면 하이로 269,하이면,N,055-670-4901
경남,고성군,일반보건지소,하일면보건지소,638-922,경남 고성군 하일면 학림2길 15,하일면,N,055-670-4891
경남,고성군,일반보건지소,회화면보건지소,638-813,경남 고성군 회화면 관인로 27,회화면,N,055-670-4961
경남,김해시,보건소,김해시보건소,50958,"경남 김해시 분성로 227  (외동, 김해시 보건소)",외동,N,055-330-4451
경남,김해시,일반보건지소,대동면보건지소,621-899,경남 김해시 대동면 동남로41번길 25-32,대동면,N,055-330-7961
경남,김해시,보건진료소,도요보건진료소,621-822,경남 김해시 생림면 안양로274번길 338,생림면,N,055-330-7948
경남,김해시,일반보건지소,동부도시보건지소,621-910,경남 김해시 신어산길 46,삼방동,N,055-330-4691
경남,김해시,일반보건지소,상동면보건지소,621-812,경남 김해시 상동면 상동로556번길 7-1,상동면,N,055-330-7951
경남,김해시,일반보건지소,생림면보건지소,621-824,경남 김해시 생림면 봉림로 40,생림면,N,055-330-7941
경남,김해시,일반보건지소,서부건강지원센터,621-290,경남 김해시 능동로 149,부곡동,N,055-330-7971
경남,김해시,건강생활지원센터,주촌 건강생활지원센터,50887,경남 김해시 주촌면 서부로 1784-9  (건강생활지원센터),주촌면,N,055-330-2601
경남,김해시,일반보건지소,진례면보건지소,621-883,경남 김해시 진례면 송현로 26,진례면,N,055-330-7921
경남,김해시,일반보건지소,진영읍보건지소,621-809,경남 김해시 진영읍 김해대로365번길 6-24,진영읍,N,055-330-7901
경남,김해시,일반보건지소,한림면보건지소,621-874,경남 김해시 한림면 한림로401번길 6-20,한림면,N,055-330-7931
경남,남해군,보건소,남해군보건소,52413,경남 남해군 남해읍 선소로 6  (남해군보건소),남해읍,N,055-860-8701
경남,남해군,보건진료소,가인포보건진료소,52441,"경남 남해군 미조면 동부대로 461, 1동  (가인포보건진료소)",미조면,N,055-860-8903
경남,남해군,보건진료소,고두보건진료소,52454,"경남 남해군 창선면 흥선로 641, 1동  (고두보건진료소)",창선면,N,055-860-8914
경남,남해군,일반보건지소,고현면보건지소,52404,"경남 남해군 고현면 탑동로 43, 1동  (고현면보건지소)",고현면,N,055-860-8561
경남,남해군,보건진료소,광천보건진료소,52452,경남 남해군 창선면 서부로 441-1,창선면,N,055-860-8910
경남,남해군,일반보건지소,남면보건지소,52437,경남 남해군 남면 남서대로 778-11  (남면보건지소),남면,N,055-860-8541
경남,남해군,보건진료소,남상보건진료소,52409,경남 남해군 서면 남서대로2197번길 6  (남상보건진료소),서면,N,055-860-8907
경남,남해군,보건진료소,노량보건진료소,52400,경남 남해군 설천면 노량로 198  (노량보건진료소),설천면,N,055-860-8909
경남,남해군,보건진료소,대벽보건진료소,52449,"경남 남해군 창선면 서부로1244번길 16, 1동  (대벽보건진료소)",창선면,N,055-860-8912
경남,남해군,보건진료소,덕월보건진료소,52433,경남 남해군 남면 남서대로1180번길 57,남면,N,055-860-8904
경남,남해군,보건진료소,동천보건진료소,52446,"경남 남해군 삼동면 동부대로 1287, 1동",삼동면,N,055-860-8902
경남,남해군,일반보건지소,미조면보건지소,52442,경남 남해군 미조면 미조로236번길 41  (미조면보건지소),미조면,N,055-860-8531
경남,남해군,일반보건지소,삼동면보건지소,52444,"경남 남해군 삼동면 동부대로1876번가길 11-9, 1동  (삼동면보건지소)",삼동면,N,055-860-8521
경남,남해군,일반보건지소,상주면보건지소,52440,"경남 남해군 상주면 남해대로 716, 1동  (상주면보건지소)",상주면,N,055-860-8511
경남,남해군,일반보건지소,서면보건지소,52410,"경남 남해군 서면 남서대로1687번길 28-4, 1동  (서면보건지소)",서면,N,055-860-8551
경남,남해군,보건진료소,선구보건진료소,52435,"경남 남해군 남면 남면로 1163, 1동  (선구보건진료소)",남면,N,055-860-8905
경남,남해군,일반보건지소,설천면보건지소,52401,경남 남해군 설천면 설천로 654  (설천면보건지소),설천면,N,055-860-8571
경남,남해군,보건진료소,시문보건진료소,52443,"경남 남해군 삼동면 난음로 338, 1동  (시문보건진료소)",삼동면,N,055-860-8901
경남,남해군,보건진료소,연곡보건진료소,52454,경남 남해군 창선면 연곡로 25  (연곡보건진료소),창선면,N,055-860-8913
경남,남해군,보건진료소,율도보건진료소,52449,"경남 남해군 창선면 율도로 199, 율도보건진료소  (율도보건지료소)",창선면,N,055-860-8911
경남,남해군,일반보건지소,이동면보건지소,52431,"경남 남해군 이동면 무림로 64-5, 1동  (이동면보건지소)",이동면,N,055-860-8503
경남,남해군,보건진료소,적량보건진료소,52455,"경남 남해군 창선면 흥선로1198번길 10, 1동  (적량보건진료소)",창선면,N,055-860-8915
경남,남해군,보건진료소,중현보건진료소,52406,"경남 남해군 서면 남서대로2618번길 6, 사무실  (중현보건진료소)",서면,N,055-860-8908
경남,남해군,일반보건지소,창선면보건지소,52453,"경남 남해군 창선면 창선로 60-9, 1동  (창선면보건지소)",창선면,N,055-860-8581
경남,남해군,보건진료소,홍현보건진료소,52436,경남 남해군 남면 남면로 355-5  (홍현보건진료소),남면,N,055-860-8906
경남,밀양시,보건소,밀양시보건소,50437,"경남 밀양시 삼문중앙로 41 (삼문동, 밀양시보건소)",삼문동,N,055-359-7020
경남,밀양시,보건진료소,가산보건진료소,50401,경남 밀양시 부북면 창밀로 3078 가산보건진료소,부북면,N,055-359-6178
경남,밀양시,보건진료소,고정보건진료소,627-842,경남 밀양시 상동면 고정1길 34-1,상동면,N,055-359-6180
경남,밀양시,보건진료소,남명보건진료소,627-832,경남 밀양시 산내면 얼음골1길 160-1,산내면,N,055-359-6182
경남,밀양시,보건진료소,남전보건진료소,50454,경남 밀양시 하남읍 남전6길 26-6  (남전보건진료소),하남읍,N,055-359-6176
경남,밀양시,보건진료소,내진보건진료소,50405,경남 밀양시 무안면 사명로 1156  (내진보건진료소),무안면,N,055-359-6194
경남,밀양시,일반보건지소,단장면보건지소,50417,경남 밀양시 단장면 표충로 359,단장면,N,055-359-5574
경남,밀양시,보건진료소,덕법보건진료소,50400,경남 밀양시 청도면 덕법길 60-54  (덕법보건진료소),청도면,N,055-359-6198
경남,밀양시,보건진료소,동산보건진료소,50453,경남 밀양시 상남면 외평로 185  (동산보건진료소),상남면,N,055-359-6188
경남,밀양시,일반보건지소,무안면보건지소,50408,경남 밀양시 무안면 사명로 539  (무안면보건지소),무안면,N,055-359-5577
경남,밀양시,보건진료소,미전보건진료소,50465,경남 밀양시 삼랑진읍 미전2길 91-1  (미전보건진료소),삼랑진읍,N,055-359-6172
경남,밀양시,보건진료소,백산보건진료소,50461,경남 밀양시 하남읍 백산3길 9  (백산보건진료소),하남읍,N,055-359-6174
경남,밀양시,보건진료소,범도보건진료소,50418,경남 밀양시 단장면 아불2길 6  (범도보건진료소),단장면,N,055-359-6186
경남,밀양시,보건진료소,봉황보건진료소,50447,경남 밀양시 초동면 봉황중앙길 10-3  (봉황보건진료소),초동면,N,055-359-6190
경남,밀양시,일반보건지소,산내면보건지소,50414,경남 밀양시 산내면 산내로 319  (산내보건지소),산내면,N,055-359-5573
경남,밀양시,일반보건지소,산외면보건지소,50412,경남 밀양시 산외면 산외로 706  (산외보건지소),산외면,N,055-359-5572
경남,밀양시,일반보건지소,삼랑진읍보건지소,50467,경남 밀양시 삼랑진읍 외송2길 10  (삼랑진보건지소),삼랑진읍,N,055-359-5570
경남,밀양시,일반보건지소,상남면보건지소,50453,경남 밀양시 상남면 평촌중앙로 40-3,상남면,N,055-359-5574
경남,밀양시,보건진료소,안법보건진료소,50416,경남 밀양시 단장면 단장로 1074  (안법보건진료소),단장면,N,055-359-6184
경남,밀양시,보건진료소,용성보건진료소,50464,경남 밀양시 삼랑진읍 삼랑진로 1192  (용성보건진료소),삼랑진읍,N,055-359-6170
경남,밀양시,보건진료소,중산보건진료소,50407,경남 밀양시 무안면 중산길 2  (중산보건진료소),무안면,N,055-359-6196
경남,밀양시,보건진료소,차월보건진료소,627-881,경남 밀양시 초동면 초동중앙로 48,초동면,N,055-359-6192
경남,밀양시,일반보건지소,청도면보건지소,627-862,경남 밀양시 청도면 청도로 105-4,청도면,N,055-359-5578
경남,밀양시,일반보건지소,초동면보건지소,627-882,경남 밀양시 초동면 신호2길 8,초동면,N,055-359-5576
경남,밀양시,일반보건지소,하남읍보건지소,627-894,경남 밀양시 하남읍 수산로 34,하남읍,N,055-359-5571
경남,사천시,보건소,사천시보건소,664-701,경남 사천시 용현면 시청로 77,용현면,N,055-831-3560
경남,사천시,보건진료소,가천보건진료소,52536,경남 사천시 사남면 사남로 261-7  (가천보건진료소),사남면,N,055-831-3683
경남,사천시,보건진료소,검정보건진료소,664-911,경남 사천시 곤양면 검정1길 14,곤양면,N,055-831-3686
경남,사천시,일반보건지소,곤명면보건지소,664-921,경남 사천시 곤명면 곤수로 18,곤명면,N,055-831-3655
경남,사천시,일반보건지소,곤양면보건지소,664-916,경남 사천시 곤양면 곤북로 20,곤양면,N,055-831-3654
경남,사천시,보건진료소,금진보건진료소,664-824,경남 사천시 서포면 구송로 407,서포면,N,055-831-3690
경남,사천시,보건진료소,반룡보건진료소,664-811,경남 사천시 축동면 화당산로 251,축동면,N,055-831-3685
경남,사천시,보건진료소,본촌보건진료소,664-913,경남 사천시 곤양면 가리2길 31,곤양면,N,055-831-3687
경남,사천시,보건진료소,봉계보건진료소,664-923,경남 사천시 곤명면 봉계길 64,곤명면,N,055-831-3688
경남,사천시,보건진료소,북사동보건진료소,664-801,경남 사천시 사천읍 웅동안길 13-5,사천읍,N,055-831-3681
경남,사천시,보건진료소,비토보건진료소,664-826,경남 사천시 서포면 비토안길 104-16,서포면,N,055-831-3691
경남,사천시,일반보건지소,사남면보건지소,664-943,경남 사천시 사남면 진삼로 1108,사남면,N,055-831-3652
경남,사천시,일반보건지소,사천읍보건지소,664-804,경남 사천시 사천읍 무산로 21,사천읍,N,055-831-3640
경남,사천시,건강생활지원센터,삼천포건강생활지원센터,52566,"경남 사천시 동금로 33  (동금동, 동서금동보건센타)",동금동,N,055-831-5460
경남,사천시,일반보건지소,삼천포보건센터,52566,"경남 사천시 동금로 33 0 (동금동, 동서금동보건센타)",동금동,N,055-831-5466
경남,사천시,일반보건지소,서포면보건지소,664-823,경남 사천시 서포면 나분이길 66-12,서포면,N,055-831-3656
경남,사천시,보건진료소,소곡보건진료소,664-931,경남 사천시 정동면 소곡길 46,정동면,N,055-831-3682
경남,사천시,보건진료소,신수보건진료소,664-250,경남 사천시 신수서길 1-9,신수동,Y,055-831-3692
경남,사천시,보건진료소,은사보건진료소,664-922,경남 사천시 곤명면 은사길 16,곤명면,N,055-831-3689
경남,사천시,일반보건지소,정동면보건지소,664-931,경남 사천시 정동면 상정대로 2540-35,정동면,N,055-831-3651
경남,사천시,보건진료소,통양보건진료소,664-951,경남 사천시 용현면 선진길 271,용현면,N,055-831-3684
경남,산청군,보건의료원,산청군보건의료원,52225,경남 산청군 산청읍 중앙로 97  (산청군보건의료원),산청읍,N,055-970-7500
경남,산청군,보건진료소,가계보건진료소,52255,경남 산청군 생비량면 송계새길 12  (가계보건진료소),생비량면,N,055-970-7693
경남,산청군,보건진료소,구평보건진료소,52200,경남 산청군 생초면 새실로 455  (구평보건진료소),생초면,N,055-970-7683
경남,산청군,일반보건지소,금서면보건지소,52228,경남 산청군 금서면 동의보감로 1045-7,금서면,N,055-970-7655
경남,산청군,보건진료소,내대보건진료소,666-932,경남 산청군 시천면 삼신봉로679번길 7,시천면,N,055-970-7687
경남,산청군,일반보건지소,단성보건지소,52251,경남 산청군 단성면 목화로991번길 17,단성면,N,055-970-7656
경남,산청군,통합보건지소,덕산통합보건지소,666-921,경남 산청군 삼장면 덕산대포로245번길 2,삼장면,N,055-970-7651
경남,산청군,보건진료소,만암보건진료소,666-811,경남 산청군 차황면 황매산로1138번길 5,차황면,N,055-970-7682
경남,산청군,보건진료소,문대보건진료소,666-961,경남 산청군 신안면 지리산대로 3915,신안면,N,055-970-7691
경남,산청군,보건진료소,법물보건진료소,666-951,경남 산청군 신등면 황매산로 183-3,신등면,N,055-970-7694
경남,산청군,보건진료소,상중보건진료소,666-813,경남 산청군 차황면 신차로2006번길 2,차황면,N,055-970-7681
경남,산청군,일반보건지소,생비량보건지소,666-972,경남 산청군 생비량면 비량로 29,생비량면,N,055-970-7658
경남,산청군,일반보건지소,생초면보건지소,666-913,경남 산청군 생초면 새실로 5,생초면,N,055-970-7654
경남,산청군,보건진료소,서부보건진료소,666-943,경남 산청군 단성면 옥단로2074번길 32-1,단성면,N,055-970-7688
경남,산청군,보건진료소,소남보건진료소,666-942,경남 산청군 단성면 목화로341번길 30,단성면,N,055-970-7690
경남,산청군,일반보건지소,신등면보건지소,666-952,경남 산청군 신등면 신등가회로 10,신등면,N,055-970-7659
경남,산청군,일반보건지소,신안보건지소,52249,경남 산청군 신안면 원지로 11-9,신안면,N,055-970-7657
경남,산청군,보건진료소,신안보건진료소,666-963,경남 산청군 신안면 수월로 30,신안면,N,055-970-7692
경남,산청군,일반보건지소,오부면보건지소,666-822,경남 산청군 오부면 오동로 643-7,오부면,N,055-970-7653
경남,산청군,보건진료소,오성보건진료소,666-821,경남 산청군 오부면 오동로 192,오부면,N,055-970-7695
경남,산청군,보건진료소,입석보건진료소,666-944,경남 산청군 단성면 석대로 5,단성면,N,055-970-7689
경남,산청군,보건진료소,중산보건진료소,666-933,경남 산청군 시천면 지리산대로 530,시천면,N,055-970-7686
경남,산청군,일반보건지소,차황면보건지소,666-812,경남 산청군 차황면 친환경로3561번길 22-11,차황면,N,055-970-7652
경남,산청군,보건진료소,평촌보건진료소,666-922,경남 산청군 삼장면 평촌유평로 18,삼장면,N,055-970-7685
경남,산청군,보건진료소,향양보건진료소,666-833,경남 산청군 금서면 친환경로2211번길 14,금서면,N,055-970-7684
경남,양산시,보건소,양산시보건소,626-050,경남 양산시 삽량로 169,중부동,N,055-380-4000
경남,양산시,일반보건지소,동면보건지소,626-824,경남 양산시 동면 영천1길 6,동면,N,055-380-4856
경남,양산시,일반보건지소,물금읍보건지소,626-812,경남 양산시 물금읍 황산로 384,물금읍,N,055-392-4851
경남,양산시,일반보건지소,상북면보건지소,626-854,경남 양산시 상북면 상북중앙로 398-1,상북면,N,055-392-4866
경남,양산시,보건진료소,선리보건진료소,626-833,경남 양산시 원동면 배내로 464,원동면,N,055-387-5391
경남,양산시,일반보건지소,웅상보건지소,626-837,경남 양산시 삼호로 164,삼호동,N,055-392-6911
경남,양산시,일반보건지소,원동면보건지소,626-835,경남 양산시 원동면 원동로 1604,원동면,N,055-392-4860
경남,양산시,일반보건지소,하북면보건지소,626-863,경남 양산시 하북면 신평강변5길 12,하북면,N,055-392-4845
경남,양산시,보건진료소,화제보건진료소,626-834,경남 양산시 원동면 화제로 424,원동면,N,055-382-8212
경남,의령군,보건소,의령군보건소,636-805,경남 의령군 의령읍 의병로8길 16,의령읍,N,055-570-4010
경남,의령군,일반보건지소,궁류면보건지소,636-941,경남 의령군 궁류면 궁류로4길 3,궁류면,N,055-570-4068
경남,의령군,일반보건지소,낙서면보건지소,52108,경남 의령군 낙서면 낙서로 509-4,낙서면,N,055-570-4054
경남,의령군,일반보건지소,대의면보건지소,636-842,경남 의령군 대의면 대의로 44-6,대의면,N,055-570-4062
경남,의령군,보건진료소,백곡보건진료소,636-921,경남 의령군 정곡면 강변로1길 70-3,정곡면,N,055-570-4626
경남,의령군,일반보건지소,봉수면보건지소,636-951,경남 의령군 봉수면 대한로 1213,봉수면,N,055-570-4067
경남,의령군,일반보건지소,부림면보건지소,636-964,경남 의령군 부림면 신번로10길 21-3,부림면,N,055-570-4050
경남,의령군,보건진료소,서암보건진료소,636-952,경남 의령군 봉수면 청계로 6,봉수면,N,055-570-4806
경남,의령군,보건진료소,성당보건진료소,52121,경남 의령군 지정면 강변로 507-2,지정면,N,055-570-4666
경남,의령군,보건진료소,송산보건진료소,636-932,경남 의령군 유곡면 청정로 1679,유곡면,N,055-570-4886
경남,의령군,보건진료소,신촌보건진료소,636-911,경남 의령군 용덕면 덕암로 59-10,용덕면,N,055-570-4586
경남,의령군,보건진료소,양성보건진료소,636-822,경남 의령군 가례면 가례로8길 51-6,가례면,N,055-570-4426
경남,의령군,보건진료소,여의보건진료소,636-972,경남 의령군 낙서면 낙동강로8길 37,낙서면,N,055-570-4706
경남,의령군,일반보건지소,용덕면보건지소,636-912,경남 의령군 용덕면 용암로1길 5,용덕면,N,055-570-4064
경남,의령군,일반보건지소,유곡면보건지소,52113,경남 의령군 유곡면 청정로 2251-12,유곡면,N,055-570-4069
경남,의령군,일반보건지소,정곡면보건지소,636-922,경남 의령군 정곡면 법정로 932-7,정곡면,N,055-570-4065
경남,의령군,보건진료소,중촌보건진료소,636-842,경남 의령군 대의면 모의로3길 21-3,대의면,N,055-570-4506
경남,의령군,일반보건지소,지정면보건지소,636-982,경남 의령군 지정면 함의로 1528,지정면,N,055-570-4066
경남,의령군,일반보건지소,칠곡면보건지소,52134,경남 의령군 칠곡면 칠곡로 40-8,칠곡면,N,055-570-4061
경남,의령군,보건진료소,평촌보건진료소,636-942,경남 의령군 궁류면 벽계로 4,궁류면,N,055-570-4846
경남,의령군,보건진료소,화양보건진료소,636-812,경남 의령군 화정면 화정로 967-8,화정면,N,055-570-4546
경남,의령군,일반보건지소,화정면보건지소,636-811,경남 의령군 화정면 화정로 298-6,화정면,N,055-570-4063
경남,진주시,보건소,진주시보건소,52732,경남 진주시 월아산로 2026 1층 (초전동),초전동,N,055-741-4000
경남,진주시,보건진료소,갈곡보건진료소,52841,경남 진주시 문산읍 갈곡길 25,문산읍,N,055-749-5734
경남,진주시,보건진료소,갈전보건진료소,52850,경남 진주시 금산면 갈전길 48,금산면,N,055-749-5743
경남,진주시,일반보건지소,금곡면보건지소,52843,경남 진주시 금곡면 월아산로 140,금곡면,N,055-749-5722
경남,진주시,일반보건지소,대곡면보건지소,52607,경남 진주시 대곡면 진의로1091번길 2,대곡면,N,055-749-5728
경남,진주시,보건진료소,대동보건진료소,52615,경남 진주시 이반성면 대천길155번길 2,이반성면,N,055-749-5738
경남,진주시,보건진료소,대사보건진료소,52623,경남 진주시 진성면 일사로487번길 25,진성면,N,055-749-5737
경남,진주시,보건진료소,대암보건진료소,52637,경남 진주시 집현면 진산로1155번길 11,집현면,N,055-749-5744
경남,진주시,일반보건지소,대평면보건지소,52643,경남 진주시 대평면 한들길 44,대평면,N,055-749-5731
경남,진주시,보건진료소,동전보건진료소,52641,경남 진주시 명석면 광제산로833번길 6,명석면,N,055-749-5746
경남,진주시,보건진료소,마진보건진료소,52608,경남 진주시 대곡면 마진한실로 221,대곡면,N,055-749-5742
경남,진주시,일반보건지소,문산읍보건지소,52834,경남 진주시 문산읍 동부로587번길 12,문산읍,N,055-749-5721
경남,진주시,일반보건지소,미천면보건지소,52602,경남 진주시 미천면 오방로 729,미천면,N,055-749-5729
경남,진주시,보건진료소,부계보건진료소,52612,경남 진주시 사봉면 사군로 577,사봉면,N,055-749-5741
경남,진주시,일반보건지소,사봉면보건지소,52611,경남 진주시 사봉면 사군로 107,사봉면,N,055-749-5726
경남,진주시,보건진료소,소곡보건진료소,52846,경남 진주시 정촌면 정촌로279번길 9,정촌면,N,055-749-5736
경남,진주시,일반보건지소,수곡면보건지소,52645,경남 진주시 수곡면 곤수로 972,수곡면,N,055-749-5732
경남,진주시,보건진료소,외율보건진료소,52640,경남 진주시 명석면 외율길 43,명석면,N,055-749-5747
경남,진주시,일반보건지소,이반성면보건지소,52614,경남 진주시 이반성면 하곡로 12,이반성면,N,055-749-5725
경남,진주시,일반보건지소,일반성면보건지소,52616,경남 진주시 일반성면 동부로1959번길 2,일반성면,N,055-749-5724
경남,진주시,보건진료소,정동보건진료소,52848,경남 진주시 내동면 내축로563번길 3,내동면,N,055-749-5735
경남,진주시,보건진료소,중도보건진료소,52613,경남 진주시 이반성면 오봉산로983번길 17,이반성면,N,055-749-5739
경남,진주시,일반보건지소,지수면보건지소,52610,경남 진주시 지수면 지수로 486,지수면,N,055-749-5727
경남,진주시,일반보건지소,진성면보건지소,52621,경남 진주시 진성면 동부로 1329,진성면,N,055-749-5723
경남,진주시,보건진료소,향양보건진료소,52600,경남 진주시 미천면 향양로 578,미천면,N,055-749-5745
경남,창녕군,보건소,창녕군보건소,50317,경남 창녕군 창녕읍 우포2로 1189-35  (창녕군 보건소),창녕읍,N,055-530-6202
경남,창녕군,일반보건지소,계성면보건지소,50341,경남 창녕군 계성면 계교2길 23  (계성면보건지소),계성면,N,055-530-6393
경남,창녕군,보건진료소,고곡보건진료소,50353,"경남 창녕군 남지읍 고곡길 30, A동  (남곡초등학교)",남지읍,N,055-530-7305
경남,창녕군,일반보건지소,고암면보건지소,50315,경남 창녕군 고암면 고암성산대로 7  (고암보건지소),고암면,N,055-530-6332
경남,창녕군,보건진료소,광계보건진료소,50341,경남 창녕군 계성면 광계마을길 39  (광계보건진료소),계성면,N,055-530-7365
경남,창녕군,보건진료소,광산보건진료소,50305,경남 창녕군 유어면 광산길 108  (광산보건진료소),유어면,N,055-530-7350
경남,창녕군,보건진료소,구산보건진료소,50367,경남 창녕군 부곡면 구산1길 1  (구산보건진료소),부곡면,N,055-530-7390
경남,창녕군,일반보건지소,길곡면보건지소,50363,경남 창녕군 길곡면 낙동로 1513  (길곡면보건지소),길곡면,N,055-530-6432
경남,창녕군,일반보건지소,남지읍보건지소,50356,경남 창녕군 남지읍 남지중앙1길 84  (남지읍 보건지소),남지읍,N,055-530-6322
경남,창녕군,보건진료소,논리보건진료소,50348,경남 창녕군 도천면 논리우강길 366  (논리보건진료소),도천면,N,055-530-7380
경남,창녕군,보건진료소,대견보건진료소,50311,경남 창녕군 성산면 창한로 440-7  (대견보건진료소),성산면,N,055-530-7320
경남,창녕군,일반보건지소,대지면보건지소,50316,경남 창녕군 대지면 우포2로 975  (대지면보건지소),대지면,N,055-530-6382
경남,창녕군,일반보건지소,대합면보건지소,50311,"경남 창녕군 대합면 도장골길 5, 대합면보건지소  (대합면사무소)",대합면,N,055-530-6352
경남,창녕군,일반보건지소,도천면보건지소,50350,경남 창녕군 도천면 영산도천로 351  (도천면보건지소),도천면,N,055-530-6422
경남,창녕군,보건진료소,동정보건진료소,50336,경남 창녕군 장마면 유어장마로 27  (동정보건진료소),장마면,N,055-530-7375
경남,창녕군,보건진료소,모곡보건진료소,50303,경남 창녕군 이방면 모곡대밭길 3  (모곡보건진료소),이방면,N,055-530-7340
경남,창녕군,보건진료소,반포보건진료소,50353,경남 창녕군 남지읍 안담골길 1  (반포보건진료소),남지읍,N,055-530-7310
경남,창녕군,보건진료소,방리보건진료소,50313,경남 창녕군 성산면 방리길 37  (방리보건진료소),성산면,N,055-530-7330
경남,창녕군,일반보건지소,부곡면보건지소,50365,경남 창녕군 부곡면 부곡로 30  (부곡면보건지소),부곡면,N,055-530-6442
경남,창녕군,보건진료소,성곡보건진료소,50312,경남 창녕군 성산면 연당대산로 36  (성곡보건진료소),성산면,N,055-530-7325
경남,창녕군,일반보건지소,성산면보건지소,50313,경남 창녕군 성산면 성산로 242  (성산보건지소),성산면,N,055-530-6342
경남,창녕군,보건진료소,신기보건진료소,50315,경남 창녕군 고암면 창밀로 753  (신기보건진료소),고암면,N,055-530-7315
경남,창녕군,일반보건지소,영산면보건지소,50343,경남 창녕군 영산면 영산계성로 82  (영산면 보건지소),영산면,N,055-530-6402
경남,창녕군,보건진료소,오호보건진료소,50362,경남 창녕군 길곡면 내외동길 5  (오호보건진료소),길곡면,N,055-530-7385
경남,창녕군,보건진료소,옥천보건진료소,50335,경남 창녕군 창녕읍 계성화왕산로 589  (옥천보건진료소),창녕읍,N,055-530-7300
경남,창녕군,보건진료소,용소보건진료소,50320,경남 창녕군 대지면 용소길 76-1  (용소보건진료소),대지면,N,055-530-7355
경남,창녕군,보건진료소,월령보건진료소,50351,경남 창녕군 영산면 영산월령로 247  (영산보건진료소),영산면,N,055-530-7370
경남,창녕군,보건진료소,유산보건진료소,50306,경남 창녕군 대합면 대합목단길 3  (유산보건진료소),대합면,N,055-530-7335
경남,창녕군,일반보건지소,유어면보건지소,50305,경남 창녕군 유어면 유어장마로 764-1  (유어보건지소),유어면,N,055-530-6372
경남,창녕군,일반보건지소,이방면보건지소,50300,경남 창녕군 이방면 송곡새마길 3  (이방면보건지소),이방면,N,055-530-6363
경남,창녕군,일반보건지소,장마면보건지소,50341,"경남 창녕군 장마면 강리길 22-1, 장마면 보건지소  (장마면 보건지소, 복지회관)",장마면,N,055-530-6412
경남,창녕군,보건진료소,회룡보건진료소,50304,경남 창녕군 유어면 우포늪길 9  (회룡보건진료소),유어면,N,055-530-7345
경남,창녕군,보건진료소,효정보건진료소,50319,경남 창녕군 대지면 원효정길 3  (효정보건진료소),대지면,N,055-530-7360
경남,창원시,보건소,창원시 마산보건소,631-872,경남 창원시 마산합포구 월영동북로 15,해운동,N,055-245-4000
경남,창원시,일반보건지소,구산면보건지소,51783,경남 창원시 마산합포구 구산면 해양관광로 1467 구산면보건지소,구산면,N,055-225-6071
경남,창원시,일반보건지소,내서읍보건지소,630-854,경남 창원시 마산회원구 내서읍 상곡로 65,내서읍,N,055-225-6061
경남,창원시,일반보건지소,동마산보건지소,630-801,경남 창원시 마산회원구 구암남14길 33,구암동,N,055-225-6051
경남,창원시,보건진료소,수정보건진료소,631-843,경남 창원시 마산합포구 구산면 수정1길 62-44,구산면,N,055-225-6084
경남,창원시,보건진료소,시락보건진료소,631-834,경남 창원시 마산합포구 진전면 회진로 1016-15,진전면,N,055-225-6086
경남,창원시,보건진료소,의산보건진료소,631-831,경남 창원시 마산합포구 진전면 의산삼일로 195,진전면,N,055-225-6085
경남,창원시,일반보건지소,진동면보건지소,631-817,경남 창원시 마산합포구 진동면 신서촌로 13,진동면,N,055-225-6075
경남,창원시,일반보건지소,진북면보건지소,631-823,경남 창원시 마산합포구 진북면 지산1길 71,진북면,N,055-225-6077
경남,창원시,일반보건지소,진전면보건지소,51797,경남 창원시 마산합포구 진전면 대실로 155,진전면,N,055-225-6081
경남,창원시,보건소,창원시 진해보건소,51629,"경남 창원시 진해구 진해대로 1101  (풍호동, 진해보건소)",풍호동,N,055-225-6101
경남,창원시,보건진료소,수도보건진료소,51617,"경남 창원시 진해구 수도로 30  (수도동, 수도보건진료소)",수도동,N,055-561-3027
경남,창원시,일반보건지소,창원시진해서부보건지소,51680,"경남 창원시 진해구 중원동로 62  (중앙동, 서부보건지소)",중앙동,N,055-225-6151
경남,창원시,보건소,창원시 창원보건소,51444,경남 창원시 의창구 중앙대로162번길 9 창원보건소 (신월동),신월동,N,055-225-4000
경남,창원시,일반보건지소,대산면보건지소,51124,경남 창원시 의창구 대산면 진산대로355번길 14-9  (대산면보건지소),대산면,N,055-225-5915
경남,창원시,일반보건지소,동읍보건지소,51132,경남 창원시 의창구 동읍 용잠로 41 동읍보건지소,동읍,N,055-225-5894
경남,창원시,보건진료소,동전보건진료소,51107,경남 창원시 의창구 북면 동전무동길 36-7  (동전보건진료소),북면,N,055-298-0265
경남,창원시,보건진료소,봉강보건진료소,51114,경남 창원시 의창구 동읍 동읍로1187번길 16-4  (봉강보건진료소),동읍,N,055-298-0595
경남,창원시,일반보건지소,북면보건지소,51103,경남 창원시 의창구 북면 천주로 1093-4  (북면보건지소),북면,N,055-225-5906
경남,통영시,보건소,통영시보건소,53038,"경남 통영시 안개4길 108 (무전동, 통영시보건소)",무전동,N,055-650-6010
경남,통영시,보건진료소,곤리보건진료소,53088,경남 통영시 산양읍 곤리길 50-53 (곤리보건진료소),산양읍,Y,055-643-7287
경남,통영시,보건진료소,노대보건진료소,53099,경남 통영시 욕지면 상리길 41 (노대보건지료소),욕지면,Y,055-644-3778
경남,통영시,보건진료소,두미보건진료소,53098,경남 통영시 욕지면 두미남부길 120 (두미보건소),욕지면,Y,055-645-2551
경남,통영시,보건진료소,두억보건진료소,53092,경남 통영시 한산면 두억로 204 (두억보건진료소),한산면,Y,055-641-5477
경남,통영시,보건진료소,매죽보건진료소,53097,경남 통영시 한산면 당금길 45-1 (매물도보건소),한산면,Y,055-645-2414
경남,통영시,보건진료소,비진보건진료소,53096,경남 통영시 한산면 외항길 48-22 (비진진료소),한산면,Y,055-643-3385
경남,통영시,일반보건지소,사량면보건지소,53103,경남 통영시 사량면 상도일주로 1580-13  (보건지소사량면),사량면,Y,055-650-2531
경남,통영시,보건진료소,수월보건진료소,53004,경남 통영시 도산면 도산일주로 1179  (수월보건진료소),도산면,N,055-643-9426
경남,통영시,보건진료소,안정보건진료소,53008,경남 통영시 광도면 벽방4길 2,광도면,N,055-649-2280
경남,통영시,보건진료소,양지보건진료소,53104,경남 통영시 사량면 능양아랫길 30-16  (양지보건진료소),사량면,Y,055-649-7765
경남,통영시,보건진료소,연화보건진료소,53101,경남 통영시 욕지면 십리골길 32-21,욕지면,Y,055-643-6966
경남,통영시,보건진료소,염호보건진료소,53092,경남 통영시 한산면 소고포길 6  (염호리보건소),한산면,Y,055-648-5013
경남,통영시,일반보건지소,욕지면보건지소,53100,경남 통영시 욕지면 중촌길 200 (욕지면보건지소),욕지면,Y,055-650-2511
경남,통영시,보건진료소,용호보건진료소,53022,경남 통영시 광도면 용호1길 20,광도면,N,055-649-0267
경남,통영시,보건진료소,지도보건진료소,53031,경남 통영시 용남면 지도해안로 315 (지도보건진료소),용남면,Y,055-642-2629
경남,통영시,보건진료소,추도보건진료소,53091,경남 통영시 산양읍 추도일주로 35-1 (추도보건진료소),산양읍,Y,055-641-6829
경남,통영시,보건진료소,추봉보건진료소,53093,경남 통영시 한산면 추원2길 13-11  (추봉보건진료소),한산면,Y,055-649-9014
경남,통영시,보건진료소,풍화보건진료소,53080,경남 통영시 산양읍 풍화일주로 649-13 (풍화보건진료소),산양읍,N,055-648-0115
경남,통영시,보건진료소,학림보건진료소,53089,경남 통영시 산양읍 학림길 87 (학림보건진료소),산양읍,Y,055-644-1024
경남,통영시,일반보건지소,한산면보건지소,53092,경남 통영시 한산면 한산일주로 884 (통영시보건소한산면지소),한산면,Y,055-650-2521
경남,통영시,보건진료소,호두보건진료소,53095,경남 통영시 한산면 호두1길 65-42  (호두보건진료소),한산면,Y,055-648-9015
경남,하동군,보건소,하동군보건소,52333,경남 하동군 하동읍 군청로 31  (하동보건소),하동읍,N,055-882-4000
경남,하동군,보건진료소,갑정보건진료소,667-913,경남 하동군 진교면 갑정길 7,진교면,N,055-883-4034
경남,하동군,일반보건지소,고전면보건지소,52340,경남 하동군 고전면 하동읍성로 367  (고전보건지소),고전면,N,055-882-5456
경남,하동군,보건진료소,고하보건진료소,52340,"경남 하동군 고전면 하동읍성로 579, 고하보건진료소",고전면,N,055-882-5425
경남,하동군,일반보건지소,금남면보건지소,52352,경남 하동군 금남면 미법마을길 10 (금남보건지소),금남면,N,055-880-6721
경남,하동군,일반보건지소,금성면보건지소,52353,경남 하동군 금성면 신도길 149  (금성보건지소),금성면,N,055-882-2512
경남,하동군,보건진료소,남산보건진료소,52320,경남 하동군 횡천면 경서대로 965-3  (남산보건진료소),횡천면,N,055-882-6255
경남,하동군,보건진료소,덕천보건진료소,52350,경남 하동군 금남면 대왕골길 6,금남면,N,055-882-1658
경남,하동군,보건진료소,동매보건진료소,52305,경남 하동군 악양면 악양서로 656,악양면,N,055-880-6752
경남,하동군,보건진료소,묵계보건진료소,52309,경남 하동군 청암면 청학로 2196  (묵계보건진료소),청암면,N,055-882-7211
경남,하동군,보건진료소,방화보건진료소,52317,경남 하동군 북천면 경서대로 2015-1  (방화보건진료소),북천면,N,055-883-4071
경남,하동군,보건진료소,범왕보건진료소,52301,경남 하동군 화개면 범왕길 8,화개면,N,055-883-1880
경남,하동군,보건진료소,부덕보건진료소,52304,경남 하동군 화개면 섬진강대로 3748-11  (부덕보건진료소),화개면,N,055-883-2490
경남,하동군,보건진료소,북방보건진료소,52314,경남 하동군 옥종면 고성산동학로 735,옥종면,N,055-882-8960
경남,하동군,일반보건지소,북천면보건지소,52318,경남 하동군 북천면 경서대로 2455  (북천보건지소),북천면,N,055-882-9406
경남,하동군,보건진료소,삼화보건진료소,52320,경남 하동군 적량면 삼화실로 415,적량면,N,055-882-8836
경남,하동군,보건진료소,성천보건진료소,52338,경남 하동군 고전면 지소1길 22  (성천보건지소),고전면,N,055-882-4975
경남,하동군,일반보건지소,악양면보건지소,52305,경남 하동군 악양면 악양서로 399  (악양면보건지소),악양면,N,055-883-3024
경남,하동군,일반보건지소,양보면보건지소,52336,경남 하동군 양보면 진양로 725  (양보보건지소),양보면,N,055-882-4570
경남,하동군,일반보건지소,옥종면보건지소,52313,경남 하동군 옥종면 옥종중앙길 28,옥종면,N,055-882-8034
경남,하동군,보건진료소,우계보건진료소,52321,경남 하동군 적량면 원우길 59-19  (우계보건진료소),적량면,N,055-882-8821
경남,하동군,보건진료소,우복보건진료소,52335,경남 하동군 양보면 서촌섬백이길 16  (우복보건진료소),양보면,N,055-883-4073
경남,하동군,보건진료소,위태보건진료소,52312,경남 하동군 옥종면 돌고지로 1096  (위태보건진료소),옥종면,N,055-883-0319
경남,하동군,일반보건지소,적량면보건지소,667-832,경남 하동군 적량면 적량로 88,적량면,N,055-880-6683
경남,하동군,보건진료소,전대보건진료소,52319,경남 하동군 횡천면 전대1길 129-1  (전대보건진료소),횡천면,N,055-882-8790
경남,하동군,보건진료소,중평보건진료소,52351,경남 하동군 금남면 상촌마을길 23  (중평보건진료소),금남면,N,055-882-0783
경남,하동군,일반보건지소,진교면보건지소,52344,경남 하동군 진교면 강변길 13-1  (진교면보건지소),진교면,N,055-882-4048
경남,하동군,일반보건지소,청암면보건지소,52310,경남 하동군 청암면 청학로 667  (청암면보건지소),청암면,N,055-882-7246
경남,하동군,일반보건지소,화개면보건지소,52303,경남 하동군 화개면 쌍계로 71-14 화개보건지소,화개면,N,055-880-6702
경남,하동군,보건진료소,화정보건진료소,52315,경남 하동군 북천면 화정길 22-1  (화정보건진료소),북천면,N,055-882-9377
경남,하동군,일반보건지소,횡천면보건지소,52319,경남 하동군 횡천면 횡천강변길 35-3  (횡천보건지소),횡천면,N,055-882-6767
경남,함안군,보건소,함안군보건소,52046,경남 함안군 가야읍 중앙남4길 10  (함안군보건소),가야읍,N,055-580-3101
경남,함안군,일반보건지소,군북면보건지소,52066,경남 함안군 군북면 함마대로 768-3  (군북면보건지소),군북면,N,055-580-3232
경남,함안군,일반보건지소,대산면보건지소,52011,경남 함안군 대산면 함의로 996  (대산면보건지소),대산면,N,055-580-3234
경남,함안군,보건진료소,문암보건진료소,52032,경남 함안군 산인면 모곡1길 16  (문암보건진료소),산인면,N,055-582-0661
경남,함안군,보건진료소,백산보건진료소,52055,경남 함안군 법수면 백산길 34-10  (백산보건진료소),법수면,N,055-582-3577
경남,함안군,일반보건지소,법수면보건지소,52056,경남 함안군 법수면 문화마을1길 26  (법수보건지소),법수면,N,055-580-3233
경남,함안군,보건진료소,부목보건진료소,52000,경남 함안군 대산면 대부로 367,대산면,N,055-583-7211
경남,함안군,보건진료소,여항보건진료소,52073,"경남 함안군 여항면 여항로 50  (여항면사무소,여항면보건진료소)",여항면,N,055-582-2557
경남,함안군,보건진료소,월촌보건진료소,52060,경남 함안군 군북면 강둑아랫길 7  (월촌보건진료소),군북면,N,055-582-7440
경남,함안군,보건진료소,이령보건진료소,52005,경남 함안군 칠북면 이령2길 20  (이령보건진료소),칠북면,N,055-587-4105
경남,함안군,보건진료소,이룡보건진료소,52004,경남 함안군 칠서면 삼칠로 1306  (이룡보건진료소),칠서면,N,055-587-5394
경남,함안군,보건진료소,장암보건진료소,52000,경남 함안군 대산면 구암로 162  (장암보건진료소),대산면,N,055-582-9316
경남,함안군,보건진료소,청계보건진료소,52014,경남 함안군 칠서면 청계2길 25-12  (청계보건진료소),칠서면,N,055-587-0189
경남,함안군,일반보건지소,칠북면보건지소,52006,경남 함안군 칠북면 칠북로 20  (칠북보건소),칠북면,N,055-580-3235
경남,함안군,건강생활지원센터,함안군건강생활지원센터,52017,경남 함안군 칠원읍 용산1길 54-5,칠원읍,N,055-580-3312
경남,함안군,일반보건지소,함안면보건지소,52054,경남 함안군 함안면 성산로 4  (함안면보건지소),함안면,N,055-580-3231
경남,함양군,보건소,함양군보건소,676-805,경남 함양군 함양읍 한들로 141,함양읍,N,055-960-5331
경남,함양군,보건진료소,동도보건진료소,676-825,경남 함양군 안의면 황마로 934,안의면,N,055-960-5375
경남,함양군,일반보건지소,마천면보건지소,676-911,경남 함양군 마천면 천왕봉로 1144-2,마천면,N,055-960-5360
경남,함양군,보건진료소,마평보건진료소,676-861,경남 함양군 병곡면 마평길 40-10,병곡면,N,055-960-5380
경남,함양군,보건진료소,백운산보건진료소,676-873,경남 함양군 백전면 운산1길 7-17,백전면,N,055-960-5379
경남,함양군,일반보건지소,백전면보건지소,676-872,경남 함양군 백전면 함양남서로 2355,백전면,N,055-960-5368
경남,함양군,일반보건지소,병곡면보건지소,676-862,경남 함양군 병곡면 함양남서로 1737,병곡면,N,055-960-5369
경남,함양군,보건진료소,상남보건진료소,676-843,경남 함양군 서상면 덕유월성로 371,서상면,N,055-960-5378
경남,함양군,일반보건지소,서상면보건지소,676-841,경남 함양군 서상면 서상로 307,서상면,N,055-960-5367
경남,함양군,일반보건지소,서하면보건지소,676-832,경남 함양군 서하면 송계앞길 6,서하면,N,055-960-5366
경남,함양군,일반보건지소,수동면보건지소,676-813,경남 함양군 수동면 수동내동길 15,수동면,N,055-960-5363
경남,함양군,보건진료소,실덕보건진료소,676-914,경남 함양군 마천면 덕전길 327-1,마천면,N,055-960-5372
경남,함양군,일반보건지소,안의면보건지소,676-823,경남 함양군 안의면 금성길 16,안의면,N,055-960-5365
경남,함양군,보건진료소,엄천보건진료소,676-882,경남 함양군 휴천면 한남안길 40,휴천면,N,055-960-5373
경남,함양군,보건진료소,용추보건진료소,676-821,경남 함양군 안의면 신안길 69,안의면,N,055-960-5376
경남,함양군,보건진료소,운곡보건진료소,676-832,경남 함양군 서하면 은행길 1,서하면,N,055-960-5377
경남,함양군,일반보건지소,유림면보건지소,676-891,경남 함양군 유림면 천왕봉로 2872-3,유림면,N,055-960-5362
경남,함양군,보건진료소,죽산보건진료소,676-812,경남 함양군 수동면 수남로 381,수동면,N,055-960-5374
경남,함양군,일반보건지소,지곡면보건지소,676-851,경남 함양군 지곡면 병곡지곡로 959,지곡면,N,055-960-5364
경남,함양군,보건진료소,창원보건진료소,676-913,경남 함양군 마천면 창원길 34,마천면,N,055-960-5371
경남,함양군,보건진료소,팔령보건진료소,676-802,경남 함양군 함양읍 원구길 56,함양읍,N,055-960-5370
경남,함양군,일반보건지소,휴천면보건지소,676-881,경남 함양군 휴천면 함양남서로 513,휴천면,N,055-960-5361
경남,합천군,보건소,합천군보건소,50232,경남 합천군 합천읍 동서로 39,합천읍,N,055-930-3681
경남,합천군,일반보건지소,가야면보건지소,50201,경남 합천군 가야면 황산3길 8-15  (가야면보건지소),가야면,N,055-930-3773
경남,합천군,일반보건지소,가회면보건지소,50226,경남 합천군 가회면 황매산로 58-12  (가회면 보건지소),가회면,N,055-930-3784
경남,합천군,보건진료소,낙진보건진료소,50253,경남 합천군 청덕면 앙진길 417,청덕면,N,055-930-3825
경남,합천군,보건진료소,대기보건진료소,50226,경남 합천군 가회면 황매산로 533  (대기보건소),가회면,N,055-930-3820
경남,합천군,보건진료소,대동보건진료소,50249,경남 합천군 덕곡면 오광대로 737,덕곡면,N,055-930-3815
경남,합천군,일반보건지소,대병면보건지소,50216,"경남 합천군 대병면 신성동길 23, 대병보건지소",대병면,N,055-930-3785
경남,합천군,일반보건지소,대양면보건지소,50240,경남 합천군 대양면 대야로 267  (대양면보건지소),대양면,N,055-930-3781
경남,합천군,일반보건지소,덕곡면보건지소,50248,경남 합천군 덕곡면 율지2길 13-5  (덕곡보건지소),덕곡면,N,055-930-3778
경남,합천군,보건진료소,동리보건진료소,50219,경남 합천군 삼가면 동리길 29  (동리보건소),삼가면,N,055-930-3819
경남,합천군,일반보건지소,묘산면보건지소,50209,"경남 합천군 묘산면 묘산로 173-1, 묘산보건지소  (묘산면사무소,묘산보건지소)",묘산면,N,055-930-3772
경남,합천군,보건진료소,백산보건진료소,50240,경남 합천군 대양면 대한로 653-6  (백산보건진료소),대양면,N,055-930-3817
경남,합천군,보건진료소,병목보건진료소,50217,경남 합천군 대병면 서부로 2417,대병면,N,055-930-3822
경남,합천군,일반보건지소,봉산면보건지소,50211,경남 합천군 봉산면 김봉길 19  (봉산보건지소),봉산면,N,055-930-3771
경남,합천군,일반보건지소,북부보건지소,50206,경남 합천군 야로면 향교길 20,야로면,N,055-930-3774
경남,합천군,일반보건지소,삼가면보건지소,50224,경남 합천군 삼가면 삼가로 299  (삼가면보건지소),삼가면,N,055-930-3783
경남,합천군,보건진료소,소례보건진료소,50251,경남 합천군 청덕면 강북로 362  (소례보건소),청덕면,N,055-930-3816
경남,합천군,보건진료소,숭산보건진료소,50202,경남 합천군 가야면 매안대전길 27  (숭산보건진료소),가야면,N,055-930-3812
경남,합천군,일반보건지소,쌍백면보건지소,50218,경남 합천군 쌍백면 평구3길 14,쌍백면,N,055-930-3782
경남,합천군,일반보건지소,쌍책면보건지소,50252,"경남 합천군 쌍책면 성산우회로 8, 복지회관  (쌍책보건지소)",쌍책면,N,055-930-3777
경남,합천군,보건진료소,양지보건진료소,50211,경남 합천군 봉산면 서부로 3640  (양지보건진료소),봉산면,N,055-930-3811
경남,합천군,보건진료소,와리보건진료소,50242,경남 합천군 율곡면 와리길 5-10  (와리보건진료소),율곡면,N,055-930-3824
경남,합천군,일반보건지소,용주면보건지소,50213,경남 합천군 용주면 황계폭포로 1154-1  (용주보건지소),용주면,N,055-930-3786
경남,합천군,일반보건지소,율곡면보건지소,50243,"경남 합천군 율곡면 영전3길 26, 율곡면 보건지소",율곡면,N,055-930-3775
경남,합천군,보건진료소,이책보건진료소,50250,경남 합천군 쌍책면 쌍쌍로 3  (이책보건소),쌍책면,N,055-930-3814
경남,합천군,보건진료소,장단보건진료소,50216,경남 합천군 대병면 대병3산로 287  (장단보건진료소),대병면,N,055-930-3821
경남,합천군,보건진료소,장인보건진료소,50228,"경남 합천군 합천읍 인덕로 1679, 1호  (장인보건진료소)",합천읍,N,055-930-3823
경남,합천군,일반보건지소,적중면보건지소,50247,"경남 합천군 적중면 적중로 101-8, 1호  (적중보건지소)",적중면,N,055-930-3780
경남,합천군,일반보건지소,청덕면보건지소,50253,"경남 합천군 청덕면 동부로 1754, 청덕보건지소",청덕면,N,055-930-3779
경남,합천군,일반보건지소,초계면보건지소,50246,경남 합천군 초계면 초계2길 19  (초계면보건지소),초계면,N,055-930-3776
경남,합천군,보건진료소,평지보건진료소,50218,경남 합천군 쌍백면 청정로 261  (평지보건진료소),쌍백면,N,055-930-3818
경남,합천군,보건진료소,하남보건진료소,50245,경남 합천군 초계면 국사봉로 935  (하남보건진료소),초계면,N,055-930-3813
제주,서귀포시,보건소,서귀포시 동부보건소,63620,제주 서귀포시 남원읍 태위로 527  (동부보건소),남원읍,N,064-760-6111
제주,서귀포시,보건진료소,가시보건진료소,63623,제주 서귀포시 표선면 가시로613번길 56-1  (가시보건진료소),표선면,N,064-760-6378
제주,서귀포시,보건진료소,난산보건진료소,63632,제주 서귀포시 성산읍 난산로 28  (난산보건진료소),성산읍,N,064-760-6382
제주,서귀포시,보건진료소,삼달보건진료소,63635,"제주 서귀포시 성산읍 삼달로 215, 삼달보건진료소  (삼달보건진료소)",성산읍,N,064-760-6381
제주,서귀포시,일반보건지소,성산보건지소,63641,제주 서귀포시 성산읍 고성오조로 42  (성산보건지소),성산읍,N,064-760-6151
제주,서귀포시,보건진료소,성읍보건진료소,63624,제주 서귀포시 표선면 성읍정의현로 92  (성읍1리보건진료소),표선면,N,064-760-6377
제주,서귀포시,보건진료소,세화보건진료소,63625,제주 서귀포시 표선면 세성로 302-1  (세화보건진료소),표선면,N,064-760-6376
제주,서귀포시,보건진료소,수산보건진료소,63630,제주 서귀포시 성산읍 수산서남로 17-1  (수산보건진료소),성산읍,N,064-760-6383
제주,서귀포시,보건진료소,신례보건진료소,63608,제주 서귀포시 남원읍 신례중앙로 36-1  (신례보건진료소),남원읍,N,064-760-6371
제주,서귀포시,보건진료소,신산보건진료소,63634,제주 서귀포시 성산읍 환해장성로111번길 21-12  (신산보건진료소),성산읍,N,064-760-6380
제주,서귀포시,보건진료소,신풍보건진료소,63636,제주 서귀포시 성산읍 풍천로192번길 40-1  (신풍보건진료소),성산읍,N,064-760-6379
제주,서귀포시,보건진료소,신흥보건진료소,63616,제주 서귀포시 남원읍 중산간동로 5774  (신흥보건지소),남원읍,N,064-760-6374
제주,서귀포시,보건진료소,의귀보건진료소,63618,제주 서귀포시 남원읍 한신로 220 위귀보건진료소,남원읍,N,064-760-6373
제주,서귀포시,보건진료소,토산보건진료소,63626,제주 서귀포시 표선면 중산간동로 5561  (토산보건진료소),표선면,N,064-760-6375
제주,서귀포시,일반보건지소,표선보건지소,63629,제주 서귀포시 표선면 표선중앙로 21 표선보건지소,표선면,N,064-760-6162
제주,서귀포시,보건진료소,한남보건진료소,63614,제주 서귀포시 남원읍 남한로420번길 13  (한남보건진료소),남원읍,N,064-760-6372
제주,서귀포시,보건소,서귀포시 서귀포보건소,63584,"제주 서귀포시 중앙로101번길 52, 본관 52 (서홍동, 서귀포보건소)",서홍동,N,064-760-6001
제주,서귀포시,일반보건지소,서귀포시강정보건지소,63563,제주 서귀포시 강정통물로 125-11  (강정동),강정동,N,064-760-6591
제주,서귀포시,일반보건지소,서귀포시중문보건지소,63545,"제주 서귀포시 천제연로 147  (중문동, 중문보건지소)",중문동,N,064-760-6061
제주,서귀포시,보건소,서귀포시 서부보건소,699-935,제주 서귀포시 대정읍 최남단해안로15번길 12,대정읍,N,064-760-6251
제주,서귀포시,보건진료소,가파보건진료소,699-936,제주 서귀포시 대정읍 가파로67번길 30,대정읍,Y,064-760-6384
제주,서귀포시,보건진료소,구억보건진료소,699-931,제주 서귀포시 대정읍 중산간서로 2364,대정읍,N,064-760-6389
제주,서귀포시,보건진료소,마라보건진료소,699-937,제주 서귀포시 대정읍 마라로101번길 22,대정읍,Y,064-760-6385
제주,서귀포시,보건진료소,무릉보건진료소,699-933,제주 서귀포시 대정읍 중산간서로 2877,대정읍,N,064-760-6388
제주,서귀포시,보건진료소,사계보건진료소,699-922,제주 서귀포시 안덕면 산방로 349,안덕면,N,064-760-6390
제주,서귀포시,보건진료소,상창보건진료소,699-921,제주 서귀포시 안덕면 한창로145번길 11,안덕면,N,064-760-6393
제주,서귀포시,보건진료소,서광동보건진료소,699-923,제주 서귀포시 안덕면 중산간서로 1811,안덕면,N,064-760-6391
제주,서귀포시,보건진료소,서광서보건진료소,699-924,제주 서귀포시 안덕면 중산간서로 2118,안덕면,N,064-760-6392
제주,서귀포시,보건진료소,신도보건진료소,699-933,제주 서귀포시 대정읍 도원로 37,대정읍,N,064-760-6386
제주,서귀포시,보건진료소,신평보건진료소,699-931,제주 서귀포시 대정읍 중산간서로 2600,대정읍,N,064-760-6387
제주,서귀포시,보건진료소,안덕면대평보건진료소,699-921,제주 서귀포시 안덕면 대평감산로 19,안덕면,N,064-760-6394
제주,서귀포시,일반보건지소,안덕보건지소,699-923,제주 서귀포시 안덕면 화순중앙로12번길 30-9,안덕면,N,064-760-6261
제주,제주시,보건소,제주시 동부보건소,63357,제주 제주시 구좌읍 김녕로14길 6  (동부보건소),구좌읍,N,064-728-4180
제주,제주시,보건진료소,교래보건진료소,63346,제주 제주시 조천읍 비자림로 652  (교래보건진료소),조천읍,N,064-728-7305
제주,제주시,일반보건지소,구좌보건지소,63361,제주 제주시 구좌읍 세화12길 9  (구좌보건지소),구좌읍,N,064-728-4241
제주,제주시,보건진료소,대흘보건진료소,63343,제주 제주시 조천읍 중산간동로 645  (대흘보건진료소),조천읍,N,064-728-7306
제주,제주시,보건진료소,덕천보건진료소,63356,제주 제주시 구좌읍 덕평로 325-3  (덕천보건진료소),구좌읍,N,064-728-7302
제주,제주시,보건진료소,선흘1보건진료소,63340,제주 제주시 조천읍 선흘동1길 10  (선흘1리보건진료소),조천읍,N,064-728-7307
제주,제주시,보건진료소,선흘2보건진료소,63341,제주 제주시 조천읍 선교로 533 선흘2리보건진료소,조천읍,N,064-728-7308
제주,제주시,보건진료소,송당보건진료소,63355,제주 제주시 구좌읍 송당서1길 4  (송당보건진료소),구좌읍,N,064-728-7303
제주,제주시,일반보건지소,우도보건지소,63365,제주 제주시 우도면 우도로 153  (우도보건지소),우도면,Y,064-728-4250
제주,제주시,일반보건지소,조천보건지소,63331,제주 제주시 조천읍 신북로 264  (조천보건지소),조천읍,N,064-728-8702
제주,제주시,보건진료소,하도보건진료소,63363,제주 제주시 구좌읍 일주동로 3413  (하도보건진료소),구좌읍,N,064-728-7304
제주,제주시,보건소,제주시 서부보건소,63028,제주 제주시 한림읍 강구로 5,한림읍,N,064-728-4111
제주,제주시,보건진료소,고성보건진료소,63058,제주 제주시 애월읍 광성로 61-2,애월읍,N,064-728-7319
제주,제주시,보건진료소,광령보건진료소,63062,제주 제주시 애월읍 광성로 304,애월읍,N,064-728-7320
제주,제주시,보건진료소,금악보건진료소,63019,제주 제주시 한림읍 금악로 15,한림읍,N,064-728-7311
제주,제주시,보건진료소,납읍보건진료소,63035,제주 제주시 애월읍 납읍로2길 2  (납읍보건진료소),애월읍,N,064-728-7315
제주,제주시,보건진료소,봉성보건진료소,63039,제주 제주시 애월읍 녹근로 6  (봉성보건진료소),애월읍,N,064-728-7314
제주,제주시,보건진료소,비양보건진료소,63033,제주 제주시 한림읍 비양도길 4  (비양보건진료소),한림읍,Y,064-728-7313
제주,제주시,보건진료소,산양보건진료소,63007,제주 제주시 한경면 연명로 12  (산양보건진료소),한경면,N,064-728-7325
제주,제주시,보건진료소,상가보건진료소,63036,제주 제주시 애월읍 애상로 226  (상가보건진료소),애월읍,N,064-728-7316
제주,제주시,보건진료소,상명보건진료소,63018,제주 제주시 한림읍 상명1길 22  (상명보건진료소),한림읍,N,064-728-7312
제주,제주시,일반보건지소,애월보건지소,63043,제주 제주시 애월읍 애월로 167  (애월보건지소),애월읍,N,064-728-8923
제주,제주시,보건진료소,용수보건진료소,63009,제주 제주시 한경면 용수길 73  (용수보건진료소),한경면,N,064-728-7324
제주,제주시,보건진료소,유수암보건진료소,63067,제주 제주시 애월읍 유수암평화길 14-2  (유수암보건진료소),애월읍,N,064-728-7318
제주,제주시,보건진료소,장전보건진료소,63055,제주 제주시 애월읍 하소로 353  (장전보건진료소),애월읍,N,064-728-7317
제주,제주시,보건진료소,저지보건진료소,63005,제주 제주시 한경면 중산간서로 3699  (저지보건진료소),한경면,N,064-728-7322
제주,제주시,보건진료소,조수보건진료소,63004,제주 제주시 한경면 용금로 468,한경면,N,064-728-7321
제주,제주시,보건진료소,청수보건진료소,63006,제주 제주시 한경면 청수로 50  (청수보건진료소),한경면,N,064-728-7323
제주,제주시,일반보건지소,한경보건지소,63002,제주 제주시 한경면 두신로 118-2  (한경보건지소),한경면,N,064-728-8935
제주,제주시,보건소,제주시 제주보건소,63219,"제주 제주시 연삼로 264  (도남동, 제주보건소)",도남동,N,064-728-4100
제주,제주시,건강생활지원센터,노형건강생활지원센터,63083,제주 제주시 노형9길 9-4  (노형동),노형동,N,064-728-8722
제주,제주시,일반보건지소,추자보건지소,63000,제주 제주시 추자면 추자로 86  (추자보건지소),추자면,Y,064-728-4227
제주,제주시,보건진료소,하추자보건진료소,63001,제주 제주시 추자면 추자로 587  (하추자보건진료소),추자면,Y,064-728-7301
제주,제주시,건강생활지원센터,화북건강생활지원센터,63302,제주 제주시 동화로1길 45-22 화북건강생활지원센터 (화북일동),화북일동,N,064-728-8511
세종,세종특별자치시,건강생활지원센터,건강생활지원센터,30063,"세종 마음로 64 본관 3층 고운동건강생활지원센터 (고운동, 고운동 복합커뮤니티센터(남측))",고운동,N,044-301-2911
